Item_Identifier,Outlet_Identifier,Item_Outlet_Sales
FDW58,OUT049,1845.2828796262313
FDW14,OUT017,1500.4945512780885
NCN55,OUT010,1901.775522497154
FDQ58,OUT017,2576.854790545341
FDY38,OUT027,5137.886645360016
FDH56,OUT046,1925.7722094218955
FDL48,OUT018,585.5178002483242
FDC48,OUT027,2817.716939410182
FDN33,OUT045,1469.1854400496345
FDA36,OUT017,3079.0498146075383
FDT44,OUT017,2029.7439345169669
FDQ56,OUT045,1354.920520248679
NCC54,OUT019,1860.582750541892
FDU11,OUT049,2065.738161100091
DRL59,OUT013,952.228743663122
FDM24,OUT049,2512.5462201922205
FDI57,OUT045,3211.6028333087447
DRC12,OUT018,2764.9797387577555
NCM42,OUT027,3204.48953772194
FDA46,OUT010,1161.8005840801882
FDA31,OUT013,2873.471503066451
NCJ31,OUT035,3871.9596305292644
FDG52,OUT046,792.7730490131545
NCL19,OUT019,367.93734560814386
FDS10,OUT035,3017.2635380634756
FDX22,OUT010,1443.645264020858
NCF19,OUT035,907.484616414039
NCE06,OUT046,2515.152149226952
DRC27,OUT046,3772.5684007504296
FDE21,OUT035,2067.7489669967886
NCR42,OUT019,0.0
FDX51,OUT018,2852.9634703173815
NCR06,OUT018,430.41248036489134
FDU31,OUT027,4968.649049031292
FDU59,OUT017,2717.4342423357384
FDR03,OUT027,4750.523314627392
FDS49,OUT027,2825.645426088534
FDD48,OUT010,0.0
NCF18,OUT017,3087.0738298193396
NCD43,OUT027,3109.9172702275982
NCD54,OUT018,1989.36149095013
FDY19,OUT010,40.21833178911561
NCY54,OUT017,2783.7281833904817
NCL19,OUT018,2035.2926395989373
FDP23,OUT010,1575.3599622126512
FDC26,OUT013,1894.6032624806612
FDR14,OUT010,0.0
NCS41,OUT035,3032.093902903586
FDF41,OUT035,4023.297842731157
FDU34,OUT046,2001.4006006699647
DRH11,OUT046,954.7771823283995
FDM03,OUT013,1786.182040087109
FDS31,OUT017,3014.7540517363777
FDJ20,OUT017,2092.32188041815
FDV44,OUT027,4515.376434818166
FDG02,OUT049,3138.363076204304
FDA09,OUT013,2894.5227561170063
FDT04,OUT013,700.43808701979
FDL58,OUT019,2243.969167374442
FDE52,OUT045,1382.7890259956625
FDW12,OUT035,2467.461464860177
FDL51,OUT017,3476.201982898415
NCY42,OUT027,3697.97883941981
FDR07,OUT017,1702.1933191100354
FDN40,OUT045,2344.739258511175
FDB35,OUT027,2975.0503795085106
FDA22,OUT017,2758.18947399529
NCL06,OUT046,4087.1290249471
FDI35,OUT013,2975.565501054222
NCW42,OUT045,3387.690671641988
NCX06,OUT049,2914.926965860122
FDC37,OUT027,3234.153773521493
FDZ14,OUT018,1684.8096129866656
DRG49,OUT049,3932.935248921704
NCG06,OUT045,3930.8355053116366
DRC36,OUT045,2669.333622501905
FDV21,OUT019,60.00170976605398
FDB53,OUT046,2338.331463214374
DRP47,OUT019,2053.501912827307
FDA14,OUT013,2358.1856583595204
DRC24,OUT035,2559.2356612123676
FDW21,OUT018,1379.8430660664324
NCH29,OUT046,1564.4142885676133
FDU58,OUT013,3062.621767004641
FDY27,OUT017,2901.0447489596736
FDV56,OUT035,1952.4425182010075
FDT59,OUT046,3669.2572361652583
FDB23,OUT046,3607.1064917487092
FDR49,OUT045,738.5476753013959
FDB03,OUT010,1876.3262916979697
FDN39,OUT045,2599.489462900613
FDX02,OUT027,4980.769823766912
FDQ16,OUT027,3204.0421584019505
FDU35,OUT018,1361.450029112947
NCT29,OUT013,2003.577113028848
FDZ27,OUT046,803.7801792322796
FDN57,OUT017,2341.2982888039023
FDA03,OUT018,2045.415785082727
FDZ36,OUT045,2883.081624890597
NCU05,OUT013,1370.0147098759055
FDT39,OUT018,2177.164800077619
FDK60,OUT017,1668.8818261134818
FDZ25,OUT017,2834.778213629545
FDG12,OUT046,1980.6270194794515
DRB01,OUT019,1103.5453352173436
NCC43,OUT027,5372.262826145283
FDX13,OUT019,2067.9649270284244
FDM22,OUT049,988.1304727269826
FDJ03,OUT027,2277.437275791418
FDU14,OUT018,3661.613680438495
FDB33,OUT010,707.3104787426872
FDP27,OUT046,3025.201152475721
FDO38,OUT010,0.0
FDE28,OUT027,5107.656935763632
FDO27,OUT035,1676.6429729524918
DRL23,OUT027,3219.525257320757
FDS28,OUT046,916.0315232714811
FDX24,OUT013,1583.240677256242
FDZ02,OUT035,1687.5973391985117
FDL46,OUT045,1814.2501237158178
FDS60,OUT027,4327.583008772037
NCO06,OUT017,617.9938908364121
FDO16,OUT035,1517.540781862401
FDC60,OUT049,1508.3490001306816
FDA48,OUT018,3212.8204247865588
FDZ36,OUT027,4438.018918990813
FDK27,OUT045,1898.4912139982823
FDW23,OUT018,410.51519197923926
FDM14,OUT018,1565.2979224277562
FDM14,OUT013,1860.026403230964
FDW60,OUT018,2579.540224126975
FDE21,OUT013,1987.0157471500734
NCM42,OUT035,1866.1471314901667
FDY59,OUT010,0.0
DRI49,OUT049,1366.1898965945436
FDT28,OUT019,498.12002513923227
FDQ22,OUT018,428.58021212581394
FDR60,OUT049,1337.1158694385565
FDC50,OUT019,0.0
FDV24,OUT013,2480.048764217603
DRF48,OUT010,1087.3530235660874
FDQ47,OUT046,628.136337343483
DRN36,OUT049,1646.4196121994692
NCY06,OUT035,2156.028397411287
FDE52,OUT035,1583.9396546695004
NCB54,OUT045,1949.803013997773
NCF31,OUT035,2530.0166080378654
FDJ08,OUT027,4515.241494607503
NCC07,OUT017,1769.5024334046016
NCD19,OUT027,2341.6844828748344
FDL46,OUT049,2005.952866340067
FDM20,OUT045,3862.191919628122
NCI06,OUT010,936.8653355126803
DRM11,OUT035,4231.92138200359
NCH07,OUT018,2207.7368512216017
FDS23,OUT013,2136.259568298313
FDO49,OUT018,599.1185867736506
FDS35,OUT049,1177.9752472855619
DRK39,OUT045,1193.5329344309287
DRI39,OUT049,967.7922740034123
FDV04,OUT017,2575.72545126825
NCN14,OUT035,3004.8835219916773
FDH08,OUT013,3764.3256125032244
FDS20,OUT046,2948.6702581253885
FDV40,OUT049,1325.2644026503076
FDZ48,OUT010,0.0
FDS24,OUT027,2907.5478607927344
FDK44,OUT049,2890.3163502177626
FDS48,OUT045,2349.4178793173537
FDK26,OUT010,1130.4126067877112
FDD23,OUT045,2955.9645654142746
NCH54,OUT017,2615.9477134324616
NCP14,OUT010,0.0
FDM60,OUT010,0.0
FDV24,OUT017,2504.5136942996983
FDH08,OUT018,3404.5294536030274
FDS12,OUT027,3501.9574554604396
FDR39,OUT027,4353.86019607897
FDP12,OUT027,2120.3288768395414
DRF60,OUT027,5183.881764405023
FDC09,OUT035,1852.9710563614565
FDF50,OUT018,2910.6316317123164
FDG28,OUT035,3977.087849450824
NCE19,OUT017,969.0254098004393
NCM53,OUT010,0.0
NCN18,OUT049,1817.8731819522707
FDF32,OUT035,3336.587101771231
FDF11,OUT013,3882.539084661219
DRI59,OUT049,3659.672644900823
NCG54,OUT035,2785.372452920713
FDM44,OUT046,1689.5843966546868
FDT57,OUT018,3477.3211453713975
FDV24,OUT046,2408.375579189579
FDI50,OUT019,1753.1853185322436
FDS09,OUT035,999.6501342234812
NCC31,OUT027,3902.156304817194
FDQ07,OUT019,1595.5800987631458
FDC22,OUT017,3118.8248654111885
FDZ56,OUT046,2743.50047702374
FDZ40,OUT019,0.0
FDS46,OUT027,3382.16741977117
DRD24,OUT045,2160.111314545825
FDV45,OUT017,3098.5039255434804
FDL26,OUT045,2451.565617422517
FDA56,OUT018,1768.277987686993
FDN27,OUT046,1921.6386105874337
FDM20,OUT049,4004.3273097158094
FDO16,OUT017,1442.8173620350224
FDL03,OUT035,3265.5986707027555
FDE58,OUT046,1884.6208357834812
FDI02,OUT027,3310.9356993329866
NCC55,OUT019,0.0
FDR03,OUT018,3024.350961367921
FDB14,OUT017,1629.3062860555767
FDR45,OUT013,3871.844149551131
NCN07,OUT017,2157.944841910434
FDM51,OUT019,0.0
FDT52,OUT027,5326.739694201476
FDL26,OUT046,2497.2479215909316
NCZ42,OUT046,3735.3268404262117
DRI47,OUT019,448.2516137475944
FDW40,OUT013,2293.3103851629753
FDN34,OUT046,2694.696349190772
FDS01,OUT035,3024.715499002967
NCG55,OUT045,1759.0429980820822
FDC11,OUT035,1577.2724440608001
FDX35,OUT018,3327.610336263797
NCB06,OUT046,2529.5168696587552
FDR09,OUT019,2190.515325096985
FDC53,OUT017,1662.9942247002227
FDY45,OUT013,4094.3384713444334
FDA22,OUT010,815.286447149351
FDE02,OUT035,1712.9954397231443
FDW21,OUT045,1575.8484155360713
FDV34,OUT046,1221.6714804187409
FDS59,OUT049,1873.6927921508598
NCW17,OUT017,2135.7803157897024
NCK54,OUT046,1845.6102314937996
FDG17,OUT019,1949.8455841710438
FDG35,OUT017,2889.2840351802206
FDD08,OUT010,0.0
NCO07,OUT017,3420.310583849164
FDJ10,OUT010,360.2560968296541
FDW36,OUT017,1783.7891632265514
FDW21,OUT010,0.0
FDY19,OUT017,2039.8188968180746
DRE03,OUT013,781.8616796808434
NCC55,OUT049,705.024568256478
FDH52,OUT010,0.0
FDO09,OUT017,4249.480285573423
FDU43,OUT045,3753.057699824319
FDX09,OUT010,893.1667025719564
FDH40,OUT019,0.0
FDW58,OUT017,1795.496384642686
FDC47,OUT017,3671.32033774909
NCR41,OUT035,1664.1469944266546
DRG49,OUT035,3974.9267174088927
FDC52,OUT027,3894.3352046861146
FDY13,OUT046,1272.2386764025077
FDY35,OUT013,842.1413580562262
FDI35,OUT017,3015.6168046155017
NCU18,OUT049,2306.663695399582
FDY33,OUT018,2255.086504015263
FDC15,OUT027,3935.9148327553357
FDU01,OUT049,3105.1905020300906
NCU42,OUT046,2658.621353178431
NCV29,OUT018,2549.3346680622526
NCY30,OUT017,2958.7750687306984
FDQ46,OUT049,1888.7382845372233
FDG58,OUT027,3921.4268780270268
FDK33,OUT017,3479.915207721999
NCD07,OUT045,1746.3022456775502
NCX29,OUT027,3755.5173826008913
NCT42,OUT013,2391.1217333344266
DRN59,OUT035,926.361173980318
FDI44,OUT035,1468.3328074371982
FDA45,OUT049,2900.4223914590284
FDP31,OUT045,1037.1125420731998
FDY01,OUT046,1868.2442047033535
FDT09,OUT018,1877.200769903054
DRH03,OUT027,2931.65106455194
FDA36,OUT018,2719.438280921855
NCF31,OUT017,2495.519336306099
FDG14,OUT049,2547.903731297863
FDG28,OUT027,5335.5918461327965
FDU14,OUT049,4021.424989597939
FDY47,OUT019,222.3394345100859
FDI56,OUT049,1596.3847416980323
DRD01,OUT013,980.516989012765
FDM22,OUT046,924.1631345720962
FDH33,OUT013,772.1540050928447
DRZ24,OUT013,1935.7506406872667
NCQ38,OUT046,1683.914579004442
FDO16,OUT027,2841.926592708243
FDU07,OUT027,3899.081773812779
NCB07,OUT013,3094.137870201134
FDU48,OUT045,2055.4996476817746
NCM43,OUT045,2541.357331270614
FDR31,OUT010,467.0084161006355
DRK49,OUT018,424.5784500172609
NCI30,OUT010,1928.3322005301939
DRD60,OUT017,2950.3277913021066
NCG19,OUT046,3647.9292143585612
FDH12,OUT035,1838.9900419075454
FDM32,OUT035,1683.2182387418225
FDM27,OUT035,2622.2323382268196
NCU53,OUT027,4097.422306245565
NCQ18,OUT046,1541.138392161375
FDS10,OUT013,2913.2954536538305
FDB33,OUT027,4036.7189232492597
FDI12,OUT013,1459.620391635886
NCW42,OUT013,3515.874069937854
NCC06,OUT018,1761.3921422729875
FDW02,OUT017,2097.754555761314
NCD43,OUT017,1743.3371935412852
FDM57,OUT018,1089.9872039435802
FDA58,OUT017,3823.920450424563
FDK56,OUT046,2964.1283118348815
FDP52,OUT045,3564.7837665635466
FDW20,OUT018,1779.234217140973
FDS52,OUT049,1714.5613794267213
NCT29,OUT018,1643.726732191369
NCL54,OUT013,2815.4142185406226
FDC05,OUT045,3047.968695110001
FDF34,OUT035,3271.1629129401385
FDP03,OUT027,3488.4965662485492
FDD32,OUT010,0.0
FDZ10,OUT045,1980.0029168648357
FDZ40,OUT035,1039.253765704579
FDD51,OUT018,450.0373972444412
NCY30,OUT019,920.7039866740902
FDP58,OUT017,3522.993006216658
FDV49,OUT017,4307.449334002585
FDY24,OUT019,0.0
NCO55,OUT017,1790.5264320216368
FDR13,OUT017,2019.1275306188854
FDS51,OUT017,1147.9474831337338
FDP26,OUT045,1582.5782999651303
NCB54,OUT027,3529.607574625429
FDF32,OUT017,3258.6921355419427
FDN31,OUT018,2777.2163163170435
DRM48,OUT017,684.8688565295124
FDN20,OUT049,2830.623623206154
DRL01,OUT046,3652.2585042361216
FDV56,OUT049,1876.3927519278616
DRH13,OUT027,3196.3358700593762
FDA03,OUT017,2401.914173508941
FDF47,OUT027,5035.388950574192
FDX32,OUT046,2371.668662666959
FDX57,OUT049,1659.9019695678219
NCA30,OUT045,2889.7603020705274
FDO49,OUT013,926.401472240359
FDL04,OUT019,0.0
DRM48,OUT035,750.4329271244499
FDR16,OUT013,3395.2617203885065
NCC19,OUT018,2736.7633349703056
NCE42,OUT045,3613.6483162451154
FDY24,OUT017,1004.3430352978648
FDH19,OUT049,2902.506751841098
FDJ46,OUT013,2822.1790494577167
FDN45,OUT010,1640.3083801802768
FDY08,OUT035,2395.6581443038394
FDZ37,OUT035,1602.8866076959312
NCT30,OUT045,682.6673655968317
DRY23,OUT018,419.4652386059101
NCZ30,OUT018,1654.1291745479355
FDC44,OUT018,1579.3274214505284
FDB45,OUT035,1883.6254392014464
FDY04,OUT013,2649.6163905017
FDM27,OUT046,2524.020227478576
FDZ43,OUT017,3944.5252772166477
FDT39,OUT019,543.3679428293808
NCC06,OUT019,101.33170116444643
FDL15,OUT027,3943.3714539722387
FDL57,OUT017,4152.4369661216515
FDU08,OUT046,1648.6882762300763
FDK40,OUT017,4249.256003010726
FDQ12,OUT010,1748.961447227942
FDS48,OUT017,2520.560445353246
FDP09,OUT045,3292.909281084787
FDW21,OUT049,1708.6854473288583
FDY25,OUT035,3063.1552695587607
DRE13,OUT017,1470.8180045334368
FDV43,OUT019,0.0
FDD22,OUT045,1722.8367939941772
FDM46,OUT019,0.0
NCO30,OUT010,1019.3031920237584
FDM25,OUT046,2785.690222112816
NCN41,OUT049,2047.2443152739
FDU24,OUT045,1433.8786055447497
FDZ50,OUT046,2890.1961577373395
FDP45,OUT013,4034.9584246366153
NCM54,OUT045,1910.4080934260091
FDW10,OUT019,883.564313259651
FDP20,OUT017,2191.4670900014257
FDK32,OUT046,2454.832430992635
FDN52,OUT049,1488.211792311251
FDM58,OUT045,1726.3105548368715
FDZ46,OUT027,3259.813735043951
NCA18,OUT018,1576.4291534539889
FDD35,OUT046,1996.3476119562713
NCK31,OUT035,958.3277865215607
FDI40,OUT027,3071.757897720789
FDT50,OUT019,0.0
NCT06,OUT046,2580.408445968577
FDT31,OUT035,3175.4512247878097
FDT45,OUT049,985.0077909789434
FDT13,OUT045,2949.7226798804895
FDO50,OUT045,1446.27054033463
NCU18,OUT010,320.0026999325865
NCR54,OUT049,3129.7264502332027
NCO18,OUT018,2530.7583045715055
FDU09,OUT045,871.5216140595414
FDT13,OUT018,2763.0059156021694
FDE09,OUT046,1859.4353345566126
NCK53,OUT019,0.0
FDG45,OUT049,3522.0267374935997
DRH15,OUT035,809.1596664706453
FDO21,OUT019,1663.1362930947091
FDD14,OUT027,4413.460160895897
FDC09,OUT046,1711.4241351192097
FDH45,OUT027,2246.952684982905
FDV32,OUT046,1112.7857992467543
FDG12,OUT035,2075.699589159586
FDS32,OUT013,2353.1829566446913
NCL55,OUT018,3671.1894056640967
DRE01,OUT035,3932.8123926542476
DRE15,OUT049,1276.3961771177817
NCL42,OUT045,3784.9864599638972
FDP31,OUT013,1142.1289884226926
FDN33,OUT018,1242.141046222921
FDZ59,OUT046,2619.5906581445406
FDE45,OUT010,995.5822445811382
FDJ07,OUT013,1993.3652856085284
FDQ45,OUT018,2677.2770337837073
FDM33,OUT027,4934.13497790098
FDO15,OUT010,0.0
FDM46,OUT013,1541.7482076927101
FDR03,OUT045,3215.7103075877017
FDY49,OUT018,2437.69263912765
FDQ60,OUT045,1836.164241203757
FDW10,OUT049,2888.004079243666
FDO51,OUT049,872.986881794385
FDJ40,OUT018,1480.484805963238
FDS20,OUT018,2674.4372635682494
FDU45,OUT013,1880.212764127711
FDV02,OUT035,2813.893303015749
FDN09,OUT046,3829.206059288723
NCM55,OUT027,4408.53237663542
FDN23,OUT018,2062.13709745058
FDY31,OUT010,480.5534747283357
FDW03,OUT010,0.0
FDD14,OUT046,2925.6629429971963
FDV23,OUT017,2118.0731493684416
DRI03,OUT045,2643.3928992947094
FDN13,OUT035,1752.6384973770835
FDF45,OUT027,2524.794674815985
FDU46,OUT035,1577.837879272631
FDB57,OUT049,3658.5271952655753
FDV12,OUT049,1711.5845104832745
FDQ58,OUT013,2484.0936412282654
NCA18,OUT017,1914.3341814873947
FDH52,OUT049,1100.0447528756406
FDM24,OUT018,2135.637513666773
NCP43,OUT027,4331.4900205798585
NCO18,OUT019,872.6598667019866
FDM32,OUT017,1628.6257092185629
NCL07,OUT017,732.0604908380706
FDK03,OUT013,4030.0311831211616
FDP59,OUT017,1766.8747202162563
FDQ24,OUT049,4048.289190716358
FDQ16,OUT018,1494.8404024264785
FDU44,OUT013,2663.4135639171386
FDH28,OUT010,0.0
FDV28,OUT019,0.0
FDM22,OUT045,839.7982551497338
FDR56,OUT046,3139.7933620447766
FDV39,OUT049,3239.5272192205503
FDU37,OUT019,0.0
FDQ11,OUT010,2181.919263428888
FDX02,OUT045,3442.779975702584
NCS42,OUT018,1193.1651552759536
FDY57,OUT027,2997.4676147826203
FDB21,OUT049,3929.76976643322
FDE28,OUT017,3692.764620584438
FDQ55,OUT017,1972.6800278143294
FDA48,OUT049,3603.6923680613004
FDZ19,OUT045,2736.2076312556947
NCC43,OUT045,3855.9024799070844
NCV18,OUT046,1280.9139202771494
NCA42,OUT018,2232.1770238765357
FDY45,OUT046,4049.0205933516004
NCC30,OUT045,2731.7991650119525
FDM57,OUT013,1451.4003345890262
FDL09,OUT010,740.5657655804907
FDB09,OUT027,3521.260692373804
FDT44,OUT035,2084.4504823981774
NCT06,OUT027,4047.91688479756
FDX26,OUT049,2973.3242205883453
FDK32,OUT013,2548.1825312619735
DRA12,OUT046,2262.200737080223
FDO46,OUT010,1112.466570137172
FDE52,OUT013,1459.8322651944582
NCH42,OUT045,3525.247983434916
FDV08,OUT035,912.175690812333
FDB47,OUT018,3068.754583216265
FDC28,OUT010,0.0
FDD22,OUT046,1822.7508354907081
FDS07,OUT027,3363.233899685385
DRI13,OUT045,3345.1418539039314
FDG32,OUT018,3276.810302397592
FDU14,OUT017,4025.83111324685
FDD28,OUT019,0.0
NCP41,OUT017,1852.4097036946603
FDS08,OUT049,2915.895658380692
FDX47,OUT045,2464.3759990463
FDC53,OUT019,0.0
FDQ19,OUT035,3999.922522856377
FDL14,OUT045,2447.2028460708625
FDM33,OUT019,1586.5683702837086
FDA51,OUT045,1708.624390889782
FDZ27,OUT018,549.7210901781946
FDT04,OUT046,682.9831927491855
DRC13,OUT049,2074.9395113668065
FDR16,OUT027,4845.391658146434
FDQ03,OUT027,5216.378762431071
FDE38,OUT035,2854.311860067572
DRH23,OUT027,2407.8826099706225
FDT11,OUT019,1109.888023427354
FDD09,OUT035,3046.3443472522526
FDR40,OUT045,1267.5825462004439
FDX07,OUT017,3058.0735275392717
FDR07,OUT035,1752.2175846133134
FDA51,OUT017,1887.5852653936333
FDT59,OUT019,1774.137424946818
FDF20,OUT017,3234.9359116865116
FDR13,OUT045,1827.6569337812223
FDY26,OUT049,3403.595094877042
FDW04,OUT017,2160.8780718159583
FDK52,OUT017,3659.737458352335
FDN60,OUT049,2594.5036787780496
FDM09,OUT019,808.0220643367386
FDP46,OUT049,1519.7938338104668
FDB50,OUT019,0.0
NCQ29,OUT049,4140.925883636453
FDP16,OUT027,5336.012724233556
FDX33,OUT018,2290.9471911264145
FDP07,OUT010,1255.4872797905948
FDN22,OUT046,3942.5012253980676
FDF39,OUT049,4203.397680060109
FDS21,OUT017,1114.6834723908482
NCM42,OUT013,1752.8833102891917
FDK50,OUT019,757.4153285346454
DRF13,OUT027,3802.509639830857
FDH35,OUT018,2378.767284690793
FDP60,OUT018,1356.9849788657232
DRJ49,OUT027,3546.2179117276964
NCT42,OUT019,436.6904603229943
FDE38,OUT049,2803.0351337002717
FDI04,OUT049,3220.5107869157423
NCH54,OUT045,2396.6307978408477
FDT56,OUT049,1103.4391470545786
DRD15,OUT018,3320.1953199779437
FDV58,OUT013,3120.7770467012833
FDP21,OUT049,3068.0460843465085
FDH05,OUT013,3715.9387623558227
FDR10,OUT027,4059.7981615333674
NCP06,OUT045,2273.690176150211
FDF33,OUT049,1949.7466435784406
DRK37,OUT013,3027.595094379569
DRH49,OUT045,1288.645589306585
FDT58,OUT013,2720.6489235426106
FDD41,OUT018,1402.3214963771372
FDP40,OUT018,1508.1790103805072
FDM51,OUT027,3144.152165395385
FDO45,OUT010,0.0
FDW33,OUT010,0.0
FDY24,OUT045,828.5176994048334
FDB10,OUT010,1860.9440175433722
FDM40,OUT035,2367.7268394169746
NCI06,OUT017,2921.97971803285
FDW12,OUT019,411.8078222440085
FDX48,OUT027,3956.0077118133486
NCW05,OUT027,3163.7222208651265
FDX27,OUT017,1603.8161940458544
DRM37,OUT045,3037.8123463252296
FDA38,OUT045,3729.1540148317044
FDR36,OUT046,682.0661228361739
FDZ45,OUT046,3148.1598067932223
FDG05,OUT017,2597.3045348655846
FDK28,OUT013,4120.941189053633
FDV47,OUT045,1348.05755902738
FDN21,OUT045,2483.871489233205
FDP20,OUT027,3561.2191002065497
FDI35,OUT045,2852.0410811723355
DRY23,OUT013,765.4258342787273
FDA56,OUT017,2120.1427840443134
FDB09,OUT013,2083.5688951278553
NCO26,OUT027,3311.7025019726366
FDQ49,OUT018,2262.510512518988
FDI52,OUT027,3415.6150626481412
FDZ44,OUT027,3412.077683953933
FDZ09,OUT018,2344.097595554408
FDY03,OUT049,1926.3452174788397
NCG42,OUT017,2134.6078263395266
DRI13,OUT027,4906.308675625399
FDQ32,OUT013,2123.8547476231315
FDW16,OUT035,1609.9390992802869
FDU27,OUT046,788.2797448724797
FDR28,OUT010,704.1449702102742
FDQ49,OUT010,666.219051815365
FDS37,OUT046,1915.8944101605916
FDW26,OUT018,3190.4433593017334
FDX12,OUT018,3557.921790491975
NCP06,OUT013,2425.0972850700896
FDW45,OUT010,442.1450384665512
NCN30,OUT049,1589.2271692018846
FDN24,OUT049,978.1098243937195
NCL41,OUT027,2038.0904587555005
FDR02,OUT019,0.0
FDD09,OUT010,1043.3156809212123
FDS33,OUT010,0.0
FDU22,OUT045,1846.110630906731
FDI53,OUT013,2616.1597317635296
DRH01,OUT049,2849.622933332611
FDX32,OUT013,2379.8274500766815
NCP30,OUT018,383.63058216605583
FDB60,OUT045,3049.8220931760525
FDB14,OUT049,1638.9082097723046
NCP02,OUT035,1067.0212760157456
FDJ10,OUT017,2322.678906374797
FDG34,OUT046,1791.8928421316043
NCB18,OUT017,1482.7375595375945
FDM16,OUT049,1302.546175126374
FDW25,OUT018,1156.607686566945
FDB35,OUT010,0.0
DRN11,OUT013,2331.5720696583458
FDF41,OUT019,1972.330144214443
FDH16,OUT045,1353.4156642489656
NCQ50,OUT018,3059.172649548938
DRH23,OUT018,672.0744551240605
DRJ37,OUT013,2459.0050948645635
DRJ24,OUT027,4369.128313114702
FDY16,OUT035,3030.038717166889
FDQ27,OUT045,1650.2728262813735
FDZ33,OUT045,2291.900357858788
FDF29,OUT045,2029.6398367346842
FDA08,OUT049,2733.5196766031386
FDG31,OUT046,1100.8652293547968
FDE34,OUT019,1011.539177476013
NCR30,OUT027,2638.196560333571
FDV33,OUT035,4217.961934973097
DRZ24,OUT018,1639.4759980945275
NCL54,OUT035,2846.5666437786867
FDR12,OUT049,2853.0106141976175
NCC54,OUT046,3788.8344845185256
DRN59,OUT013,847.172139969553
FDX50,OUT019,0.0
FDV31,OUT027,4340.3654124208815
NCA29,OUT027,4182.596991801427
FDW60,OUT049,2917.6839157170425
FDX08,OUT017,3041.5780719102513
DRD49,OUT013,3743.5804919804123
FDD33,OUT046,3683.0864847501016
FDW35,OUT013,815.3956697988078
FDJ36,OUT017,1749.368886243864
FDV51,OUT035,2811.5039826560637
FDW36,OUT046,1726.3168680748242
FDH35,OUT046,2660.752010502712
NCS30,OUT027,3518.799528864569
FDN49,OUT017,765.6572291286182
FDL08,OUT018,3663.560382886755
FDI09,OUT013,3965.0370750691877
FDP19,OUT018,1828.6593357906695
FDU21,OUT010,0.0
NCP41,OUT045,1659.3792442071344
FDY10,OUT013,1879.6044361388524
FDP12,OUT018,380.13736749834527
NCN26,OUT049,1920.0453537209987
FDK44,OUT013,2862.456137026002
FDC28,OUT049,1837.9463348398986
FDJ41,OUT027,5616.663640786751
NCT29,OUT035,2104.442563054023
NCH42,OUT019,1672.1259481449506
FDU60,OUT018,2403.461698246244
FDS02,OUT045,2951.2920620857503
FDC51,OUT046,1966.4867824072237
FDU03,OUT013,2970.045232178409
FDX39,OUT045,3299.860869551616
NCY05,OUT010,0.0
NCL06,OUT027,5522.144257441004
FDD32,OUT035,1497.79493480433
NCN41,OUT045,1884.9689117087225
NCX53,OUT049,2344.923934546203
FDU57,OUT019,481.03361474787346
FDQ23,OUT046,1706.9542863077052
FDQ52,OUT045,3829.575957534763
FDC14,OUT045,667.5093412212641
FDY09,OUT035,2958.746058412176
FDQ28,OUT045,2409.3795067293395
FDV25,OUT046,3537.5874370318134
FDJ07,OUT035,2038.4701523616209
DRB25,OUT049,1776.862564187236
FDK52,OUT019,1640.1520840596697
FDY52,OUT027,2520.4469264946156
FDB28,OUT046,3104.853926649518
FDT36,OUT035,764.8325124959099
FDV25,OUT017,3649.2938729512107
NCN07,OUT027,3544.707974738346
FDC57,OUT017,3202.1573971011385
FDQ03,OUT018,3486.9619278144655
FDU23,OUT017,2779.6668293861994
NCX41,OUT035,3495.523861162568
NCD06,OUT035,878.3812601548793
FDW08,OUT045,1675.394773254268
NCU29,OUT017,2400.252496792243
NCE06,OUT013,2571.331859598251
FDV52,OUT010,0.0
FDB02,OUT017,2948.298940119374
NCR18,OUT045,627.8627875045615
FDK16,OUT049,1595.652549475283
NCQ29,OUT010,2154.3084336219176
FDZ01,OUT019,0.0
FDW27,OUT035,2638.444931585781
FDD17,OUT018,3484.319530131702
FDW39,OUT013,2889.9624085772866
DRH59,OUT045,1131.2953360483777
FDS52,OUT013,1705.2245671453898
FDU40,OUT027,4559.885114905241
NCF54,OUT013,2777.9651942416426
FDH46,OUT045,1598.4363605570973
NCP14,OUT049,1707.7840651777203
FDH50,OUT049,3085.49895100861
DRF15,OUT010,484.6326488932395
FDV27,OUT027,2920.555756150203
NCJ06,OUT049,1982.2484227298062
FDN02,OUT018,3027.84419408765
FDQ51,OUT049,900.0031054520771
FDQ07,OUT017,3650.690731518165
FDS45,OUT049,1798.007517599364
NCJ06,OUT045,1837.015254147887
FDD36,OUT035,2042.8734360899737
FDY25,OUT045,2875.944532235732
FDU52,OUT046,2454.1220671849464
DRK47,OUT017,3685.790234339633
NCL30,OUT017,2109.557584383403
FDN22,OUT035,4094.896967865809
NCF30,OUT027,3437.889465218326
FDK03,OUT035,4155.680983021703
FDT45,OUT017,1018.8251943731022
NCC54,OUT027,5228.52646539443
FDP08,OUT018,2863.925695420281
FDU44,OUT046,2641.3209026343197
DRG39,OUT035,945.4179534623263
FDU32,OUT049,2100.7814816199734
FDY27,OUT049,2912.140175675921
NCP54,OUT013,1997.4408419698261
NCZ41,OUT049,2100.1212630426235
DRL49,OUT013,2329.693435423304
FDI05,OUT018,960.8011920014721
FDY56,OUT045,3551.3605252829957
DRC13,OUT013,2048.5776715076963
NCV29,OUT017,2935.2747236082814
FDR24,OUT049,1546.053728241766
FDZ34,OUT018,2799.7822080134
FDP37,OUT035,2175.505853351246
FDX08,OUT027,4398.879824252447
FDS57,OUT045,2181.996397911188
NCG18,OUT049,1710.050680000599
FDK25,OUT018,2426.26977693402
FDH53,OUT049,1410.304659833228
DRI59,OUT018,3271.9430880626114
FDA52,OUT046,2784.0009090185995
FDT20,OUT010,0.0
FDE36,OUT019,704.1780290088477
FDI24,OUT017,2873.4164362026468
FDB28,OUT018,2864.663351929375
FDV11,OUT017,2916.957388143686
FDP01,OUT046,2481.545984704342
FDD34,OUT027,4060.8390451003143
FDJ50,OUT027,2401.3732338928653
FDZ44,OUT013,2016.229723011075
DRO59,OUT035,1391.7860246824007
DRB48,OUT045,590.2495542198842
FDR21,OUT018,2522.782386010419
NCE42,OUT010,1793.360121728616
FDO23,OUT046,1514.225033010566
NCE30,OUT018,3041.6786820403577
FDQ22,OUT035,802.5108996874267
FDY01,OUT045,1802.3767819007824
FDS08,OUT017,2962.106325848772
FDG28,OUT018,3617.0794774223714
FDQ51,OUT018,580.4485050775343
FDB05,OUT017,4008.2402533648497
FDO56,OUT049,2013.2527199030071
FDE02,OUT018,1258.4907125584393
FDN45,OUT017,3608.673208893068
FDS09,OUT013,886.3943475331772
NCA54,OUT018,2576.9622848654917
FDP09,OUT010,1490.6047332513535
FDC53,OUT045,1531.9220392331933
NCM55,OUT017,3026.3351005996374
FDL09,OUT018,2411.3518068497838
FDA11,OUT019,0.0
FDA50,OUT045,1437.289789719161
FDC23,OUT017,2977.9534037562607
FDE22,OUT049,2630.397144240021
FDD23,OUT046,2998.5368714534097
NCA29,OUT049,2797.6335119625082
FDK38,OUT046,2389.876205914665
DRC13,OUT046,1935.0923307820456
NCP43,OUT049,2917.0884578264213
FDX28,OUT049,1675.3312342833615
FDF08,OUT049,1594.98199502952
FDZ33,OUT046,2374.777852030909
FDD10,OUT049,2932.5013659290885
FDO58,OUT017,2686.19117246411
FDI50,OUT017,3776.6279527370216
FDO58,OUT045,2573.734779571314
FDX08,OUT013,2987.5560220053194
NCK17,OUT010,0.0
FDF39,OUT035,4259.30333462552
FDU45,OUT010,0.0
NCJ18,OUT018,1557.997217647756
DRC27,OUT019,1899.3809402601723
DRC25,OUT035,1508.3470948250515
FDU59,OUT035,2708.61793024685
FDU28,OUT035,3125.577503512529
NCP30,OUT046,664.0396886047481
FDB39,OUT018,645.2719640263063
FDE41,OUT013,1455.217934271566
DRH11,OUT010,0.0
FDA58,OUT045,3648.005463702748
FDU50,OUT046,1830.7457048718732
FDM34,OUT013,2139.3251067129036
FDM44,OUT027,3174.1242884917133
FDR39,OUT045,2859.2020770817853
FDM25,OUT045,2746.2103940259676
FDQ49,OUT049,2614.609472406159
DRH25,OUT018,603.5150641322691
FDM09,OUT027,4187.800139816846
FDL44,OUT019,730.5165740929319
NCR42,OUT018,267.5788449958257
DRL59,OUT046,900.7102228891333
FDX43,OUT013,2777.709724998757
DRK47,OUT010,1698.0898981296803
FDU48,OUT018,1856.372144848907
FDY12,OUT045,765.9778054944861
NCN43,OUT018,1692.3119570275107
NCM55,OUT018,2631.1167993167164
FDQ21,OUT027,3463.0792052151764
FDX13,OUT035,4142.830249417044
NCK30,OUT027,5422.6795097957975
FDG20,OUT049,2905.418790285459
DRG27,OUT017,685.4290553291451
FDY14,OUT018,3878.4356319188287
FDP59,OUT035,1821.5168819146318
FDU60,OUT017,2791.0231052858094
NCC18,OUT019,744.0136243532288
DRJ39,OUT017,3461.493562633317
FDS07,OUT049,1951.825674837595
FDM08,OUT027,5035.612459053109
FDP51,OUT045,1876.3500757252277
FDU16,OUT035,1466.7326501129785
FDH12,OUT013,1783.0521075743284
DRE48,OUT010,1208.770368226208
NCL42,OUT027,5287.31950977407
FDR21,OUT045,2751.3486856155773
NCW29,OUT035,2235.027644237941
FDO11,OUT013,4038.613603920933
NCM31,OUT049,2316.9856355834686
FDV35,OUT019,568.3912717930417
FDF58,OUT017,1131.7010933820145
NCE43,OUT049,2724.3649901747394
FDA02,OUT035,2425.6263370713464
DRL37,OUT010,0.0
FDR24,OUT018,1228.0212268489668
FDW59,OUT049,1470.190380325456
FDS22,OUT049,865.2785575907751
FDW24,OUT017,946.2678291478242
FDU24,OUT035,1666.0694280879304
FDA21,OUT027,4439.934273701908
FDH58,OUT027,3362.9137228874342
FDW36,OUT018,1424.196842377637
FDI45,OUT027,4274.108163748277
FDU01,OUT018,2740.7220269214286
FDF35,OUT027,3245.4765980537204
FDU43,OUT019,1893.0243541114455
FDE24,OUT019,399.3262628731965
FDK50,OUT049,2734.1820371062972
FDG31,OUT045,999.4590987233216
FDC60,OUT045,1392.5400765138447
FDL36,OUT013,1533.5854574950652
FDP21,OUT013,3077.3101081944114
FDW16,OUT045,1393.2912353517106
FDX02,OUT017,3624.9315350997267
FDQ58,OUT027,3943.433082232068
FDT51,OUT046,1813.2318655668696
FDD59,OUT049,1414.8232040622631
NCM42,OUT018,1458.1373398521587
FDA57,OUT018,438.12197897024174
FDZ48,OUT035,1950.1424240039132
FDE46,OUT045,2373.0871114714564
NCZ30,OUT019,9.701585097211762
FDB56,OUT017,3119.3436147294788
FDA25,OUT027,3202.280175910695
FDD20,OUT013,2123.187290495894
FDL25,OUT013,1572.091240197085
NCO18,OUT049,2865.808291747176
FDJ45,OUT017,830.6637586522776
FDR12,OUT035,2864.004946869541
NCF19,OUT010,0.0
FDK25,OUT046,2651.0303930551268
NCR17,OUT046,1825.2108536413375
FDC52,OUT046,2412.9196504040106
NCA54,OUT017,2931.9148645243763
FDR45,OUT010,1904.9842008176859
NCM19,OUT049,1893.0133039595862
FDF39,OUT027,5614.676301483928
FDX23,OUT049,1670.867483002706
FDD58,OUT027,3089.350726956858
FDX28,OUT013,1659.8656108337375
NCD31,OUT013,2613.638115332499
FDU57,OUT018,2136.6660370309623
FDI27,OUT046,757.2997093052966
NCM42,OUT046,1704.4616216447514
FDD32,OUT027,2850.104932199428
FDI34,OUT013,3673.3452637698524
NCM29,OUT049,2163.631605997125
FDG46,OUT018,1562.7289968573411
DRC01,OUT010,0.0
FDB15,OUT027,5583.347506205059
NCA17,OUT027,3856.2873665119496
FDF10,OUT046,2343.525398799316
FDR26,OUT027,4295.805687162493
FDI02,OUT049,1925.8400054578872
NCM54,OUT010,119.33384829621235
FDF14,OUT013,2521.341704734214
FDJ33,OUT010,51.15487836363849
FDM20,OUT035,4064.896282666337
FDC03,OUT027,4553.315223198315
NCX05,OUT046,1848.365004635285
NCM41,OUT027,2954.967311669559
NCU29,OUT010,468.2280823981144
FDQ59,OUT017,1475.8882961745162
FDH46,OUT010,0.0
FDH09,OUT013,1049.92256364314
NCD06,OUT045,667.8994885280085
FDC15,OUT035,2572.621702090693
DRD37,OUT027,2228.634895346299
FDT28,OUT027,3842.9139744337444
FDR28,OUT027,4072.5504878122865
FDT38,OUT017,1479.5868270660762
FDV34,OUT027,2721.680024077025
FDY52,OUT035,1177.480622690307
FDB34,OUT013,1471.3006041707238
DRL23,OUT018,1459.258502356127
DRB24,OUT046,2442.8066570390642
FDJ50,OUT046,952.4738435171171
FDQ49,OUT035,2633.3525658321587
FDP20,OUT035,2185.6788145148694
FDV19,OUT027,4058.625709163556
NCR54,OUT045,2989.134362005348
FDO09,OUT010,2204.074255083188
FDS57,OUT018,2015.3770270784614
FDN10,OUT049,1983.933971780395
FDV23,OUT049,2112.186943719684
FDY28,OUT049,3444.5117593603254
DRG51,OUT013,2572.1263338928534
FDD45,OUT019,0.0
NCL18,OUT027,4462.6369607794895
NCM29,OUT013,2143.457863490326
FDF17,OUT027,4574.878956923246
FDE22,OUT017,2671.9870641069806
FDQ22,OUT017,752.5530733887911
FDS01,OUT013,2965.6691010387217
FDW35,OUT027,2226.7085383019544
FDJ33,OUT046,1988.3606349547144
NCF54,OUT035,2827.7123888833285
FDE09,OUT013,1886.168086263363
NCE06,OUT045,2446.224332768273
DRH49,OUT049,1395.1419036360062
FDY43,OUT045,2672.8335360857623
NCT05,OUT017,4099.074719091925
FDZ34,OUT045,2998.9196494512044
FDL38,OUT017,1571.2314921558245
FDZ31,OUT017,3141.160926942364
FDR14,OUT035,1028.995472092875
NCN54,OUT049,1343.3754800863571
NCC42,OUT027,3692.8038019506394
FDK08,OUT017,1739.4622287573468
FDP59,OUT013,1788.8113386212412
FDV22,OUT035,2654.9653106626183
FDD33,OUT035,3871.1105296429555
DRE60,OUT027,5017.857579001361
FDK52,OUT046,3566.6653596825354
FDA02,OUT017,2417.4946460074843
FDM56,OUT049,1896.0021949974525
FDE57,OUT035,2449.746560880457
FDM32,OUT045,1427.8534487942868
NCQ30,OUT027,3387.9110599841406
FDQ27,OUT027,3188.1930828019576
FDT60,OUT027,3481.8936057539327
FDU43,OUT049,3927.726679051089
NCO55,OUT035,1829.7252894137655
FDG02,OUT045,3008.6236813180376
FDJ28,OUT013,3080.340541970244
FDP40,OUT045,1722.7874945303793
FDJ38,OUT045,2997.650869299507
NCC54,OUT017,3881.881817414127
NCZ41,OUT046,1992.817274700566
FDK38,OUT019,522.3815170741266
FDU52,OUT013,2519.5910084159377
FDC40,OUT046,1228.8510447530718
NCR30,OUT017,1268.381599711296
NCN18,OUT017,1832.989836830903
FDB50,OUT035,1445.4716683903257
FDG04,OUT013,3043.404628544235
FDR26,OUT035,2940.4070204771783
NCT17,OUT018,2711.3699066506842
FDX35,OUT027,5072.522326358465
FDS12,OUT046,2023.4499874185237
NCZ29,OUT027,3472.0532371097397
FDB38,OUT010,737.0284878006844
FDP12,OUT013,718.2782473221259
FDP22,OUT046,861.1351759547213
FDS26,OUT018,3823.4245772049617
FDR52,OUT046,3024.803606057856
DRJ13,OUT046,2541.166471927714
FDU48,OUT027,3577.9955752538262
FDE29,OUT035,1114.9252791157003
NCT29,OUT049,2026.8228248158107
DRK37,OUT018,2708.0699325478663
FDK55,OUT046,1451.4037367418682
FDR07,OUT046,1596.726323135495
FDO21,OUT027,5038.580277316408
FDK46,OUT049,4201.738214657458
FDB12,OUT045,1616.5358094836029
FDT31,OUT027,4524.619948796259
FDJ33,OUT045,1920.9834526104348
FDC26,OUT027,3270.395955399908
NCQ02,OUT045,2880.906268065186
FDP08,OUT010,1201.813919714838
FDB11,OUT027,5075.977911245897
FDV55,OUT013,2441.0550964639865
FDW20,OUT049,2095.694521889557
NCJ18,OUT019,0.0
FDC41,OUT018,949.8300720261959
FDE14,OUT027,3162.4061482331813
FDG35,OUT013,2895.643289393624
FDF45,OUT035,1153.9386056661335
FDS19,OUT027,2786.832982711764
FDS58,OUT019,653.3324654602657
FDA26,OUT017,3554.297290483983
FDM32,OUT049,1574.6341583436902
FDL45,OUT046,2034.495334667149
FDZ55,OUT049,2685.6712393703306
FDY37,OUT049,2402.582711930066
FDO46,OUT046,3037.8493430225735
FDQ60,OUT046,1917.4935695756692
FDA19,OUT018,1868.1150287763758
FDL15,OUT046,2478.9521911185916
FDM10,OUT018,3104.3922947817505
NCL05,OUT017,808.823576911127
DRK49,OUT010,0.0
NCE18,OUT027,5401.0208388519195
FDG40,OUT049,683.3653308349888
DRI59,OUT045,3449.375943569142
FDK28,OUT035,4164.48914968821
NCD06,OUT019,0.0
FDO11,OUT019,2078.5778854028813
FDK27,OUT046,1948.7900145849599
FDT43,OUT027,2374.7351929627307
FDD38,OUT018,1443.2717253908165
FDA16,OUT049,3558.101262342512
FDL14,OUT027,3977.4066103396326
NCM17,OUT049,817.814322745053
FDD20,OUT045,1971.8013221839246
FDA40,OUT045,1345.6143836475
FDL43,OUT045,1229.4749089265106
FDV15,OUT045,1586.9154186317528
FDE52,OUT046,1442.3925728980428
NCL17,OUT010,388.0257695908366
NCJ31,OUT045,3652.139424892557
FDR60,OUT045,1205.81400697267
NCA18,OUT035,1956.5828840144013
FDS21,OUT027,2533.9455389898367
FDW09,OUT035,1433.0503528050122
FDL26,OUT035,2640.3427806250834
FDS47,OUT018,1188.938111527142
FDC39,OUT046,3222.3071576356715
FDT51,OUT035,1960.9745590203715
FDK40,OUT035,4280.613526146577
NCG19,OUT045,3585.1707540587695
FDZ07,OUT046,1064.7111044629823
FDF08,OUT027,2962.9626605538483
FDO04,OUT013,980.9511847885035
FDK41,OUT018,1067.4228979415254
FDP15,OUT049,4130.591150949118
NCD43,OUT018,1393.024231242375
NCP18,OUT013,2398.577875762368
FDZ51,OUT046,1532.6544557405953
DRH13,OUT035,1873.4895034001677
FDF38,OUT045,670.5101017863374
NCI43,OUT045,724.6287576474297
FDM38,OUT027,2420.1864920997305
FDS03,OUT013,1147.1208391304422
DRJ47,OUT017,2828.41214731898
FDT50,OUT010,0.0
FDV02,OUT046,2720.367420988534
NCG18,OUT017,1734.6067367904361
FDW52,OUT046,2610.5415495146344
FDS40,OUT035,764.9913307009533
FDN31,OUT017,3163.137619304748
FDA37,OUT045,1949.2211886946186
FDA15,OUT046,3929.7850741668976
FDL39,OUT046,2853.2499135626877
FDJ53,OUT045,1872.9946157042882
FDX22,OUT013,3403.3554031320627
NCZ42,OUT045,3663.3393022611294
FDD56,OUT027,4306.573079819182
FDD40,OUT017,3151.363810326151
FDS50,OUT013,3529.0876800615574
NCN14,OUT013,2955.1049876915235
FDT15,OUT013,2991.823381136996
NCS18,OUT027,3176.5741587031207
NCO26,OUT010,0.0
FDF58,OUT018,772.0910269522585
NCB19,OUT013,1417.5148686758173
FDH26,OUT017,2395.8418525176685
DRB24,OUT027,3896.3522365281374
FDA49,OUT018,1184.3340767296045
FDB32,OUT045,1532.4386467060262
FDI36,OUT017,3218.334603796978
NCA17,OUT010,483.19598128889226
FDH22,OUT013,2053.2079522820986
NCM26,OUT018,2165.108282981837
FDT15,OUT027,4404.715362536234
FDB16,OUT018,1137.7484792510395
NCP54,OUT027,3416.5221327405943
FDJ36,OUT013,1707.902076990876
FDO28,OUT045,1837.043396906894
FDU09,OUT013,971.8264423833118
FDF29,OUT017,2154.5060265527195
FDY08,OUT013,2325.7912859849566
DRJ59,OUT018,395.8427282577295
FDT23,OUT027,2788.762561911625
FDU15,OUT018,418.41273541684524
FDT47,OUT013,1657.3556631104723
FDI53,OUT019,670.7781241697733
FDR59,OUT018,3888.571385272101
FDD53,OUT035,826.4249829908063
FDY51,OUT017,3581.717169846248
FDT04,OUT049,723.6595366396793
FDU51,OUT049,2909.616568888521
FDG14,OUT035,2603.8302366662356
NCU06,OUT045,3528.8258381595747
DRG25,OUT046,2935.1696090709715
DRH49,OUT035,1489.7856191458345
FDN15,OUT035,2391.3295394430893
FDL43,OUT018,1013.3208416499256
NCT18,OUT049,2941.6912140734057
NCB31,OUT013,4114.046180129072
FDK57,OUT035,2052.377452803235
FDY04,OUT019,687.4072629753189
NCP54,OUT046,1913.3881574190057
FDF41,OUT013,3885.2638389495783
FDM01,OUT045,1614.8053845970792
FDW03,OUT045,1641.5037482115945
FDF28,OUT045,1893.3115433360742
FDY37,OUT017,2413.1932441670583
FDQ03,OUT017,3852.7428091353604
FDP51,OUT027,3414.3858221215264
FDJ40,OUT017,1871.0621836330047
FDC32,OUT049,1642.1644238773831
DRI49,OUT027,2754.4882459172604
NCW54,OUT017,966.0737784561079
FDF09,OUT017,803.2140936532229
FDP45,OUT018,3698.383667154839
DRJ23,OUT018,2716.9665642424225
FDS59,OUT017,1907.5232282439456
FDY08,OUT046,2238.613589088284
FDX16,OUT049,2434.728294330511
FDY16,OUT018,2646.7502721876654
FDK32,OUT035,2624.2622491558354
FDQ22,OUT013,749.6627888920696
NCC31,OUT018,2186.804252566993
FDG58,OUT049,2537.9223829087264
DRF48,OUT013,3037.2008643458757
DRH36,OUT049,1278.544357712762
NCR30,OUT035,1332.3385590322343
FDB03,OUT019,1862.4624987195848
FDZ28,OUT027,3486.4233221612576
FDR35,OUT017,3265.654074550309
DRD15,OUT027,5061.960283205403
FDJ33,OUT019,85.01478678288015
FDA56,OUT010,108.65911039791371
FDP56,OUT046,858.1727268678785
NCT30,OUT046,763.9827295847965
FDK15,OUT017,1725.212227514463
FDH44,OUT018,2134.6664291216425
FDV01,OUT013,2562.0350172843428
DRG03,OUT017,2438.3234776623285
FDG50,OUT027,2985.646001357595
FDR16,OUT010,1479.764035100872
FDZ60,OUT046,1733.330480501127
DRG03,OUT045,2302.6496077930983
FDS56,OUT018,3945.0953595843416
FDU33,OUT045,684.099818306444
DRD27,OUT035,1667.1656224575277
FDW22,OUT046,3533.235450889469
DRA24,OUT045,2509.2373928609286
FDF38,OUT049,812.6441103283848
FDX48,OUT013,2535.3747058420818
FDS58,OUT018,2309.237346175121
FDC32,OUT046,1542.6187806882938
NCQ29,OUT045,4025.1181076377343
DRK39,OUT018,1023.8412813097545
NCS38,OUT017,1879.3632476385947
DRO47,OUT013,1860.93689407291
DRG27,OUT027,2101.8022838032575
FDC57,OUT027,4554.89132628676
FDS55,OUT046,2380.534115180454
NCJ06,OUT018,1623.9557424693453
FDO01,OUT019,219.7134507445536
NCM55,OUT045,2850.38830612754
FDC52,OUT049,2510.949613648865
FDQ15,OUT045,1236.7840615227487
NCT30,OUT027,2229.9896988562205
NCR42,OUT027,2004.657800525883
FDD28,OUT035,1094.405163740698
FDQ34,OUT049,1757.3232567214936
FDZ12,OUT027,3752.8043653585073
DRE13,OUT019,0.0
NCN07,OUT019,216.05798223757643
FDM28,OUT035,2999.91258513079
FDI10,OUT017,2817.579483757854
FDQ25,OUT013,2820.2031619666045
FDA38,OUT010,1917.34328936102
DRI13,OUT049,3499.668108651055
FDY20,OUT027,2980.153377133011
NCZ53,OUT035,3100.2540204783404
NCM31,OUT013,2327.8301152798003
DRB01,OUT017,3061.699054879878
DRF37,OUT046,4098.184661079878
NCF42,OUT049,2833.6169952634505
FDF16,OUT018,2093.1471399708203
FDB41,OUT013,849.772057790532
FDR34,OUT013,3664.5339266968845
FDR15,OUT018,2242.788130793785
NCV42,OUT019,0.0
FDW51,OUT035,3504.1463866991876
FDU36,OUT017,1680.5403660550562
FDX60,OUT049,1418.0711620874051
FDY03,OUT035,1974.5367252236465
FDW55,OUT045,3897.100531927507
FDT01,OUT010,1475.6523307408222
FDG58,OUT013,2522.4350596034124
FDK21,OUT017,4040.593707840379
NCS41,OUT019,981.0077329355049
FDS10,OUT045,2822.3065888019346
NCT53,OUT046,2608.0745270551347
FDJ28,OUT018,2756.16888606707
FDX44,OUT045,1404.3118713883632
FDT20,OUT018,449.60217838809064
FDO44,OUT017,1902.8850516744676
NCX17,OUT049,3768.644641200167
FDY01,OUT017,1984.431072671465
FDJ12,OUT027,4802.4046030453965
DRK35,OUT018,379.19846758243466
FDD47,OUT019,779.1686189113805
NCM53,OUT035,1839.1923110248317
FDO45,OUT013,1491.2909710101344
NCM42,OUT010,0.0
FDE04,OUT046,2847.844687957225
NCI30,OUT027,5337.676086526001
FDZ19,OUT013,2872.1602985042223
FDW57,OUT013,2868.8464308693783
FDA25,OUT013,1755.2965922415804
FDT22,OUT046,971.9419335999364
FDP51,OUT013,1984.4131289234422
FDD48,OUT027,3357.4616403753716
FDY39,OUT035,3061.592006219307
FDO48,OUT010,1641.5494442252746
FDD23,OUT027,4453.663794200175
DRN35,OUT027,2119.857500685264
FDT01,OUT035,3538.720354262275
FDC20,OUT010,0.0
DRJ35,OUT035,1182.663872069085
FDB32,OUT046,1571.900606092285
FDL24,OUT046,2768.387749319648
NCV42,OUT035,1913.9273162905006
FDZ46,OUT046,1759.7390365402898
FDC15,OUT013,2495.0103171532405
FDD08,OUT019,0.0
FDY50,OUT049,1514.3690446179585
FDD36,OUT013,1993.1222668113267
FDG57,OUT027,2340.3468117969996
FDL21,OUT018,453.5458736360061
FDN16,OUT027,3109.2631738894006
FDJ09,OUT027,2251.650708485628
FDS01,OUT010,1019.1872452088376
FDV33,OUT017,4203.637075443894
DRE12,OUT017,1904.6071976920912
FDR07,OUT013,1676.1400544626772
FDP48,OUT010,1045.1743138593797
NCB55,OUT035,1036.6332021525245
FDQ08,OUT013,1108.1818934385171
FDR34,OUT035,3797.938127419833
FDO33,OUT046,1801.9939556460747
FDP13,OUT045,619.0318399147823
FDX12,OUT049,3941.0346721515193
NCT06,OUT049,2697.016580417562
FDR16,OUT019,1466.9268092115133
FDE36,OUT046,2637.9760072200415
FDZ36,OUT049,3031.41651250901
FDV13,OUT045,1411.8897967759747
NCZ17,OUT035,748.5735442852567
FDU56,OUT045,2889.834732217714
FDM09,OUT035,2850.9433746783375
FDV02,OUT017,2805.7189516693043
FDS34,OUT018,1552.4737046453363
FDA11,OUT049,1649.0861870506408
FDP09,OUT017,3451.8440172240066
FDB29,OUT027,3304.130527045628
FDT19,OUT017,2863.452373966429
DRH15,OUT017,749.7961886986579
FDY38,OUT046,3657.893056531353
FDF14,OUT027,3945.0627641601864
FDN48,OUT010,0.0
FDQ12,OUT013,3718.4035623713016
NCJ43,OUT045,2640.4456105372187
FDE17,OUT019,518.5146501339008
FDB05,OUT035,4045.879146059786
FDH10,OUT045,2991.1848275144557
NCR06,OUT017,762.139527701021
FDU32,OUT018,1739.395750426858
FDD56,OUT049,2882.7658435728986
FDO36,OUT018,2621.5161360008406
FDH16,OUT010,0.0
FDX10,OUT018,344.1925855619791
FDZ37,OUT017,1577.7284255866632
FDU31,OUT010,1614.3310528294055
DRC49,OUT049,2331.087788024751
FDL15,OUT045,2383.7109515425814
FDN32,OUT019,1116.666049564801
DRH59,OUT027,2698.7206078774225
NCU29,OUT049,2434.5652465852386
FDR37,OUT019,1051.0130700879906
FDS14,OUT018,2219.507133375839
FDU02,OUT027,5033.451813514373
FDJ08,OUT035,3227.9291582922115
NCZ06,OUT045,3878.43470927304
FDO31,OUT049,1471.939571918205
FDH31,OUT018,1401.2384848005834
FDS58,OUT017,2648.704632721344
NCA53,OUT027,2294.7077296409584
FDF50,OUT046,3160.1631106506375
NCW42,OUT049,3563.90881393893
NCQ17,OUT045,2386.757236536978
FDK51,OUT018,3890.364627708046
NCW41,OUT010,616.1906712328002
NCR29,OUT017,997.8170728995226
FDB08,OUT019,686.3996790107103
FDA40,OUT027,2851.084773641891
FDL14,OUT018,2297.658267107992
FDB47,OUT046,3281.039906967718
FDO03,OUT035,3770.0740428975323
DRK13,OUT019,1185.3187360238676
FDX13,OUT010,2075.191322776034
FDF52,OUT046,2888.2140589183373
FDT11,OUT013,3075.9613507393133
FDB08,OUT013,2662.0547157217525
FDQ28,OUT018,2204.0857398190406
FDD29,OUT045,3909.632618629572
NCQ29,OUT027,5569.38115010984
NCO02,OUT013,1112.1387100893073
FDR56,OUT010,1243.9776503751903
NCM54,OUT049,2057.1922022643175
FDP51,OUT035,2031.0563227882174
FDT38,OUT013,1424.0693300534417
FDZ20,OUT018,3780.7218072782525
FDJ53,OUT013,1982.59729184954
FDX13,OUT049,4065.2172526953736
FDP58,OUT035,3608.726363666695
NCK31,OUT019,0.0
FDA35,OUT018,1724.6673792275863
FDV37,OUT018,2921.3671125243777
NCO07,OUT027,4839.545058128649
FDA20,OUT045,2943.233326174262
FDZ59,OUT035,2816.9092076841634
NCY17,OUT017,815.9418595272264
FDQ28,OUT035,2568.720055693928
FDV35,OUT017,2560.990461655727
FDQ36,OUT013,661.2653775362799
FDD34,OUT018,2345.4954248955105
FDK51,OUT045,4099.382294568995
FDV31,OUT035,2963.2087492735086
FDR04,OUT035,1690.5683638843727
FDR14,OUT049,973.017955608203
DRC36,OUT010,865.2643739775835
FDE39,OUT019,28.996004350415944
FDP57,OUT049,1780.937315712413
FDE57,OUT046,2305.100962133044
NCN18,OUT046,1733.7822079692987
NCQ05,OUT018,2122.100724768139
FDW47,OUT035,2089.8985520557862
FDV46,OUT035,2357.808225778459
NCP29,OUT045,941.7933019751199
FDE09,OUT018,1571.291420856428
NCU06,OUT027,5054.4509833271995
FDT19,OUT010,882.8862681787314
DRF15,OUT017,2441.117669000481
DRI51,OUT013,2686.144057909939
NCX54,OUT013,1702.8885514997364
DRE01,OUT013,3822.6679413631077
NCB07,OUT045,2978.334500606215
FDU50,OUT035,1953.7054311794923
FDG40,OUT035,729.9927368222811
FDW10,OUT018,2526.5640856258133
FDX51,OUT013,3164.742434179928
NCP17,OUT045,966.674105397163
FDP21,OUT035,3128.609712479333
FDL04,OUT045,1604.0412814142271
FDV23,OUT013,2045.5895863520934
FDF24,OUT046,1342.4156191163715
FDH56,OUT027,3349.934176777686
FDB51,OUT049,1098.9029979106347
FDI58,OUT027,3016.0653226041723
FDR20,OUT013,909.6594333642531
FDC51,OUT018,1703.140268565451
FDB16,OUT027,2862.4481163863925
FDE40,OUT049,1068.1377457699864
NCM17,OUT035,866.0037717856017
FDU56,OUT035,3128.1484379500616
FDS32,OUT019,410.29624823833046
FDX02,OUT049,3615.8997295890013
FDT39,OUT027,3938.969193867184
FDE35,OUT017,1082.0084440829896
NCI42,OUT019,1401.1374084157894
DRL23,OUT046,1724.1596121637472
FDA10,OUT046,1943.8741156166927
FDA11,OUT013,1624.2795644385712
NCM06,OUT046,2416.2987368959743
NCT05,OUT035,4190.846494374679
NCQ02,OUT010,1042.529045267291
NCY06,OUT049,2123.334209447661
FDY56,OUT035,3733.938844673348
FDL02,OUT035,1861.0635029417438
NCI06,OUT035,2930.136314801241
FDQ14,OUT045,2303.9532711032575
FDQ12,OUT017,3713.5395582740034
FDP36,OUT046,821.8582807125747
FDK21,OUT027,5442.788501161082
FDO40,OUT045,2282.3908216492764
NCK54,OUT019,0.0
FDY09,OUT018,2555.3867627110058
NCW30,OUT049,4164.40576161356
NCC55,OUT027,2058.9879001081285
FDE58,OUT018,1627.4298432291532
FDR39,OUT013,2999.7955512164745
FDU28,OUT049,3035.5913136036465
FDH08,OUT017,3748.6454266993214
FDG35,OUT045,2762.8473726312186
FDG22,OUT049,711.8844048616185
FDC34,OUT035,2613.8715547849633
FDP15,OUT018,3767.62172917295
FDK34,OUT010,1901.7563180287202
FDU45,OUT035,2010.5157588920413
FDQ04,OUT027,2140.1188714674718
FDX22,OUT018,3066.7895313446033
FDB45,OUT017,1821.286330274578
NCH43,OUT027,4858.754769264151
DRE60,OUT046,3495.9918349068175
FDD17,OUT027,5195.051166257027
NCM54,OUT017,2091.0157959773755
NCH55,OUT013,2064.63075058765
NCT06,OUT017,2681.2803359237914
FDA48,OUT027,4970.199146876822
FDY58,OUT027,5086.144024226125
FDO25,OUT045,3298.7293483185567
FDN50,OUT045,1519.4386728366576
FDH35,OUT035,2797.653105834893
FDK09,OUT045,3516.818798909572
FDO16,OUT013,1402.7258335944948
FDW11,OUT045,1007.8921061539888
FDU47,OUT027,3724.2300701044455
NCQ42,OUT010,137.94289241545675
FDK55,OUT027,2949.879602827549
FDN08,OUT049,1997.7490225389463
FDT57,OUT045,3693.471323721308
FDJ12,OUT018,3034.342162128662
DRL59,OUT017,987.6635306807952
NCN53,OUT046,600.5145691089206
FDO51,OUT010,0.0
FDK56,OUT017,3108.2532069061417
FDY12,OUT035,1009.0126698492295
FDU15,OUT035,798.5367171680034
FDQ19,OUT046,3884.7110951302393
DRF15,OUT045,2306.9681961904544
DRE25,OUT019,0.0
FDK57,OUT018,1648.962553855911
FDD33,OUT010,1795.3806398684023
FDR34,OUT027,5097.539038613276
FDU04,OUT045,1876.6401593530709
FDE35,OUT019,0.0
NCD31,OUT035,2695.921594015149
FDJ56,OUT035,1774.4226291323193
NCU53,OUT046,2603.639061045167
FDD39,OUT035,3517.6177463706063
NCU17,OUT019,0.0
FDJ20,OUT046,2011.6707693116607
NCW41,OUT018,2230.396219276296
FDL52,OUT035,788.7336947725817
FDS39,OUT035,2424.86615446128
DRJ47,OUT045,2703.566846897213
FDP13,OUT010,0.0
DRK39,OUT010,0.0
FDF28,OUT010,132.20089117656624
FDB09,OUT045,1987.917643339094
FDM51,OUT046,1642.577880356011
DRM49,OUT018,458.7561244305634
DRF23,OUT013,2850.645951900756
DRH01,OUT035,2851.3499772149607
FDH12,OUT027,3205.2789193630715
FDA28,OUT019,95.19690284576961
FDW37,OUT018,1232.683199350913
FDF02,OUT046,1707.7747628455495
DRL37,OUT046,717.3556013271184
NCF43,OUT046,2217.1745544841424
FDH08,OUT010,1777.6172221711333
FDR34,OUT019,1744.2220119274068
NCK19,OUT049,3148.7719916531587
NCD55,OUT018,429.8881503920543
FDT27,OUT049,3796.6712215678554
FDQ57,OUT045,2285.4281996647346
FDA47,OUT035,2720.5790401455697
DRG15,OUT027,2429.727782267873
FDE05,OUT018,2054.8844694710274
FDN46,OUT046,1608.794016587856
FDX27,OUT027,2945.854279240688
FDT51,OUT045,1739.6953892619258
FDU33,OUT013,807.6875016137656
FDJ16,OUT027,2437.3868915889966
FDD20,OUT019,127.68117079406159
FDT36,OUT049,674.8003792689951
DRF15,OUT027,3823.2316396099077
FDN52,OUT010,0.0
FDC22,OUT027,4490.35160235282
FDX15,OUT045,2483.0002316273967
FDT13,OUT013,3080.9772900332964
FDU04,OUT017,2038.697473618652
FDU31,OUT019,1579.6365157888588
FDW59,OUT027,2895.3895415168286
NCO29,OUT046,2615.018666516218
FDL15,OUT035,2591.066833121854
FDI41,OUT049,2398.972437193042
FDQ48,OUT049,1708.4802182641997
DRI39,OUT013,896.5426120225231
FDI08,OUT013,4059.785376440225
FDC21,OUT049,1912.2514369106693
FDF58,OUT035,1189.3765960129685
FDS08,OUT010,984.8243607101019
FDE47,OUT045,1944.1535118094514
NCP18,OUT019,499.25428128590494
NCR41,OUT013,1624.2715181523936
FDA27,OUT013,4056.305040700777
FDA43,OUT035,3258.872307526992
FDA49,OUT045,1381.9170962265903
NCE55,OUT018,2503.756151592942
DRM49,OUT027,2208.467548421946
FDF22,OUT027,4864.561836217625
FDQ15,OUT018,1051.5522386860446
NCS54,OUT017,2839.151483493486
NCY05,OUT013,677.3207342135443
FDR45,OUT046,3789.341802917007
FDK57,OUT049,2035.1665276602632
FDF41,OUT010,1987.2749246334492
FDV21,OUT046,1990.3813542839014
FDD51,OUT046,735.1779380691614
FDF33,OUT046,1907.4897086445649
FDA38,OUT046,3751.576679902546
FDR56,OUT045,3067.7628588757343
NCN41,OUT017,2031.4949876494595
FDC60,OUT027,2901.1901298163402
FDB47,OUT045,3219.867297055492
DRH01,OUT013,2815.552513086147
FDW08,OUT046,1716.4658353764592
FDF38,OUT027,2199.1553141570303
FDY32,OUT017,2713.8594023078667
FDG34,OUT049,1863.7835730087902
FDG47,OUT019,2246.70200555473
NCF18,OUT035,3098.3857690101117
FDL39,OUT019,957.4452337177797
NCH55,OUT035,2120.576340601542
DRJ35,OUT049,1111.2670650748241
FDS44,OUT035,3932.4271275363385
DRE01,OUT018,3490.581945691344
FDY39,OUT013,3007.1974128127663
FDY32,OUT018,2340.3521429296525
FDR33,OUT027,3274.963130560589
NCP50,OUT049,1399.6938779727402
FDZ47,OUT018,1337.5784458590956
FDU57,OUT049,2513.5808427193406
FDY44,OUT013,3194.409814780791
DRH59,OUT018,956.952187589483
FDB03,OUT027,5222.39529413657
FDY46,OUT045,2899.1863908085456
FDM39,OUT045,2727.166394943466
FDY36,OUT035,1389.237629994001
NCM55,OUT035,3037.616236413154
FDJ50,OUT010,0.0
DRL60,OUT013,2451.001544050356
NCJ54,OUT049,3712.4019751245382
FDX59,OUT017,708.116303242379
FDI07,OUT013,3241.8592103663964
DRF51,OUT010,0.0
FDM14,OUT017,1915.6119172751726
FDP21,OUT045,2921.2647992122797
FDE40,OUT035,1156.615755147936
FDE05,OUT035,2478.3895844561403
FDM13,OUT027,3626.589321456645
FDC34,OUT027,3947.725755376511
NCI55,OUT018,1675.0653603274648
NCE43,OUT018,2366.0312849934335
FDW58,OUT018,1479.2607847492666
FDG60,OUT045,3642.6135382111343
FDV31,OUT017,2927.0864206173096
FDR47,OUT013,3152.6227372782996
FDM60,OUT019,0.0
NCF06,OUT018,3774.525765376503
NCN26,OUT027,3318.901003696171
FDQ59,OUT049,1507.1328327867557
FDF09,OUT046,689.9136726824086
NCS06,OUT017,4233.383546479846
FDT44,OUT046,1928.9580905863593
FDI19,OUT017,3966.155772970179
FDT22,OUT017,1080.4611518675779
NCF54,OUT027,4147.486407432378
DRG25,OUT045,2864.727459171923
FDB59,OUT017,3231.9119923298977
FDQ37,OUT017,3197.088872845116
FDP56,OUT035,999.7205518564338
FDW44,OUT035,2921.3998800434038
FDJ26,OUT010,1546.5436462591908
FDU43,OUT018,3529.1430525345604
FDW33,OUT045,1617.2039733634253
NCX53,OUT027,3754.6545694037536
FDN56,OUT010,472.992656914258
DRF15,OUT049,2439.8082815897765
FDO33,OUT017,1930.6821735683252
FDZ39,OUT010,0.0
NCJ19,OUT017,981.1711621038246
FDU01,OUT035,3127.015621252027
FDT12,OUT035,3691.9590926520154
NCM18,OUT018,716.0880201743123
FDP19,OUT017,2175.8150432860252
NCR42,OUT049,632.0702700991637
FDN10,OUT046,1910.7037834212565
FDG44,OUT017,1044.2705981010845
FDQ10,OUT046,2733.733557940383
DRH13,OUT049,1778.8461056339984
FDT52,OUT013,3915.392319494636
FDM56,OUT045,1756.9615049367442
NCO43,OUT010,0.0
NCV29,OUT035,2946.483132823071
NCF06,OUT013,4125.0304493228205
FDO50,OUT035,1662.9376670581805
FDT59,OUT013,3719.2255949417304
FDX40,OUT027,2089.4130110658148
FDE50,OUT017,3102.0946970487207
FDX51,OUT017,3240.4529351730794
NCD30,OUT018,1295.7562501089506
FDK15,OUT013,1696.0924878057224
FDL12,OUT045,941.3069552955558
FDK46,OUT017,4185.989607757085
DRH49,OUT010,0.0
FDQ57,OUT046,2352.7763915700575
FDY59,OUT017,1625.3671629926546
FDO09,OUT018,3846.5383499094273
NCG30,OUT035,2110.041593901803
FDM09,OUT017,2771.4745873344586
NCN17,OUT027,3091.675181149025
NCS42,OUT013,1475.5659368228987
FDD02,OUT019,28.47918260755972
FDE34,OUT013,2945.998634550701
FDU38,OUT045,2958.1287867526285
FDB33,OUT046,2563.0417216038704
NCJ29,OUT017,1495.569768110922
FDZ27,OUT035,945.3266911013629
FDI40,OUT013,1646.3942578786284
FDG22,OUT013,722.7063830032819
FDT51,OUT017,1907.9445510600065
FDF20,OUT018,2932.651968182955
FDV50,OUT035,2067.406835289911
FDT02,OUT049,708.9328592785155
DRC49,OUT017,2377.2902244641
FDF26,OUT049,2559.5896973814156
FDV52,OUT035,2019.6428670208609
FDX59,OUT049,726.9633290964457
FDV25,OUT035,3694.6263770397586
FDW23,OUT027,2144.5878121832666
FDE53,OUT018,1469.3706330077869
FDA19,OUT017,2223.0606803449455
FDH22,OUT046,2004.764988071563
NCO41,OUT013,1637.801733921334
FDX12,OUT017,3917.5256796251138
FDF17,OUT013,3171.2817245161227
FDS11,OUT045,3462.9293907673987
FDR51,OUT035,2525.3134740398923
FDT49,OUT010,0.0
FDC56,OUT013,2022.401103884265
FDR13,OUT027,3396.582986407541
FDQ60,OUT035,2071.43713192448
FDN38,OUT049,4047.464863944979
NCL29,OUT013,2545.0716796583565
FDO13,OUT027,4110.279585411423
FDE26,OUT018,2070.096530095714
FDA31,OUT010,882.8186415699977
FDX14,OUT035,1353.0949390903454
FDA34,OUT045,2739.681294527658
FDF26,OUT013,2547.1779159598923
FDE38,OUT045,2625.269429363427
DRI11,OUT046,1840.1479853905635
FDQ60,OUT027,3375.788306301812
FDL21,OUT027,2167.3219494657096
DRC12,OUT027,4498.959081072559
FDC47,OUT046,3587.5960614434953
FDE57,OUT045,2217.610268310698
FDT14,OUT045,1827.2994225417872
NCZ53,OUT046,2995.8859465137857
FDE28,OUT018,3340.9462136174693
FDR19,OUT035,2463.882626429213
NCF54,OUT019,821.0803182651887
FDZ08,OUT046,1357.355405064137
NCJ05,OUT018,2181.4183387580497
FDF59,OUT046,2067.0611484693363
NCO05,OUT035,1750.621163529396
FDW24,OUT018,586.6682243451683
NCX42,OUT018,2347.399463928302
NCA53,OUT035,950.1891828786127
FDI45,OUT019,964.9459848484446
FDG46,OUT046,1826.0979715295578
FDM20,OUT010,2003.3564114450578
FDW11,OUT010,0.0
FDX08,OUT035,3038.856104089573
NCK17,OUT035,826.5089458675718
FDK32,OUT018,2200.7426522102937
NCA42,OUT035,2641.736159949577
DRI01,OUT035,2836.297266179363
NCL55,OUT049,4068.295104657994
DRE25,OUT018,1241.3710927023824
FDD14,OUT017,3021.7119490054247
FDB10,OUT046,3717.3256107521224
DRN11,OUT035,2438.618926187801
FDP38,OUT018,643.3037779163012
NCA30,OUT017,3023.8271996490125
FDT15,OUT017,3045.814585993373
NCP55,OUT018,676.448002560765
FDF12,OUT035,2513.1155312016235
FDM21,OUT018,3777.0633666249396
FDX56,OUT035,3439.302812560999
FDF10,OUT017,2394.6673127877293
FDT32,OUT045,2979.2497441639425
FDM51,OUT018,1400.9032546815095
NCR50,OUT018,2164.6945375312966
FDI19,OUT049,3935.4317692690383
FDX21,OUT017,1829.966708500906
FDR31,OUT035,2506.9834746696024
FDY02,OUT013,4149.9647551158305
NCA29,OUT045,2604.3816540953744
NCX17,OUT046,3627.278222036899
FDM12,OUT045,2953.488353700489
FDI53,OUT027,3996.6104638351344
NCU30,OUT049,2662.720083953147
FDC56,OUT027,3447.7608675852634
FDK27,OUT018,1742.7614163175297
NCK18,OUT017,2707.910008516864
FDB52,OUT019,2152.0824586358626
DRG25,OUT027,4446.03070116837
FDZ13,OUT049,984.1461485905136
FDB57,OUT019,1694.3000399227315
FDR40,OUT046,1345.7649998290685
NCO14,OUT019,0.0
NCN19,OUT045,2940.154362878667
FDQ28,OUT019,558.2182190760013
FDO13,OUT018,2385.545888618233
FDK48,OUT013,1340.4121614354917
FDU07,OUT018,2213.078518272182
FDW20,OUT046,2031.739340034079
FDV12,OUT010,0.0
FDH24,OUT013,2599.159883772251
FDV59,OUT049,3528.068033483206
FDK57,OUT045,1857.3968245360454
FDL16,OUT027,2209.2077930980217
NCQ17,OUT046,2444.853465456971
FDJ15,OUT018,2663.251046186363
FDX24,OUT049,1628.210234217921
FDT47,OUT046,1587.235841311813
FDT10,OUT049,1104.1199330786178
FDZ37,OUT018,1216.573061573304
FDW43,OUT027,5151.469526845286
DRN36,OUT017,1621.3775658749205
FDJ14,OUT045,1291.9766028707247
FDA32,OUT013,3549.4849745287547
FDJ38,OUT019,1164.016948070019
FDQ57,OUT017,2445.954584894911
NCQ41,OUT019,1173.127556116574
FDG56,OUT049,1129.804119199022
DRC13,OUT027,3445.9687775694765
FDV55,OUT035,2493.8993498229124
FDQ49,OUT045,2467.831071825579
FDE29,OUT010,0.0
FDR03,OUT013,3348.5040429996384
FDD45,OUT049,1630.269861416862
FDN38,OUT010,2079.8387765952307
FDT56,OUT046,999.2522260462897
FDT48,OUT045,3109.050196777754
FDU03,OUT049,2971.5878072956
FDC56,OUT010,43.85193433172918
NCO43,OUT027,3059.213558912299
FDQ27,OUT017,1759.6269719066017
FDR03,OUT046,3289.245735717401
DRH23,OUT010,0.0
FDG22,OUT045,596.0836717860568
NCJ42,OUT013,1704.3957324830535
FDR24,OUT046,1479.0261584989792
FDW60,OUT035,2955.007231948369
FDJ08,OUT013,3106.93229967613
DRL59,OUT018,631.1560579112851
FDG60,OUT010,1795.7677924753305
FDW27,OUT017,2574.609197863461
FDX14,OUT018,977.56951710423
FDC20,OUT013,1050.7324999029408
NCS29,OUT018,3870.7337067846556
FDJ56,OUT046,1639.0651354092056
FDB20,OUT019,0.0
FDL28,OUT027,5071.340593631146
FDW01,OUT018,2198.3279030853323
FDL03,OUT046,3155.034019276436
FDX22,OUT049,3411.1332101031653
FDJ21,OUT035,2456.867590928972
FDR31,OUT045,2332.1576861020894
FDG21,OUT035,2667.883184070523
FDS22,OUT027,2214.60614325147
FDK08,OUT035,1778.5350877664491
FDE17,OUT018,2144.704253946043
NCN30,OUT017,1612.2399227112764
FDT50,OUT046,1543.4342648631916
NCX42,OUT049,2662.299816765205
FDJ12,OUT035,3442.3627726778104
NCA18,OUT027,3318.192600177622
FDP23,OUT019,1566.8070197638374
FDX12,OUT013,3886.7704237325293
FDN40,OUT018,2153.3422700856427
FDV48,OUT035,1426.0798032160226
NCY54,OUT013,2720.649707154023
FDL16,OUT010,0.0
FDR45,OUT018,3533.7222299318655
FDJ52,OUT046,2559.4185672567482
DRG01,OUT017,1337.4688896047994
FDP52,OUT013,3696.0457752661687
FDU58,OUT017,3062.4149392743857
FDL02,OUT045,1666.0703860702092
FDG28,OUT013,3901.0059854850365
FDA19,OUT035,2249.8169156662475
FDW46,OUT027,2572.2126245728095
NCD43,OUT049,1723.4217251000553
DRG39,OUT013,850.7456254958173
NCF55,OUT049,674.7071124129593
FDJ07,OUT046,1924.8078370371438
FDE08,OUT046,2439.3711305492866
FDP56,OUT019,0.0
FDT45,OUT045,827.3791611091281
FDF17,OUT018,2817.6527655218315
FDX44,OUT046,1474.7655057554994
FDM28,OUT027,4319.684209237499
FDI36,OUT049,3234.007487790127
FDS07,OUT045,1818.9781326433463
FDD36,OUT045,1840.1782135092494
FDW11,OUT046,1027.2277299565205
FDN40,OUT049,2533.3534589900246
NCQ18,OUT049,1612.7867222907953
NCQ54,OUT017,2708.644625260331
NCS42,OUT045,1369.06273822441
DRH39,OUT010,0.0
FDC09,OUT027,3202.155044140739
FDT08,OUT010,566.1626632240752
FDC08,OUT035,3732.9764351183153
FDT20,OUT017,789.0618239333
FDS35,OUT035,1209.1409790265795
FDX58,OUT018,2635.975161188788
FDW58,OUT046,1724.0122933657444
DRD27,OUT046,1528.7312424776749
FDH32,OUT019,0.0
FDS26,OUT035,4253.183696727653
FDQ31,OUT046,1459.251390083331
FDP11,OUT018,3225.2124513861504
FDD58,OUT017,1705.6226660778368
FDM33,OUT045,3377.5058718221803
FDZ16,OUT049,3155.1000103572364
NCS29,OUT010,2260.343271685334
NCM18,OUT019,0.0
FDP11,OUT049,3577.3292148625055
NCC42,OUT017,2338.54483548312
DRM23,OUT046,2732.726063223249
NCN55,OUT027,5226.007244821112
FDK46,OUT013,4133.56101561957
FDR01,OUT046,3190.6830747073273
NCA05,OUT045,2317.4653641361906
NCP43,OUT017,2902.909321651676
FDR12,OUT010,840.7849941514901
FDQ01,OUT013,4120.656930185588
FDM13,OUT046,2126.5214433135184
FDQ19,OUT017,3980.9682802963007
FDK56,OUT019,1067.315255952272
NCX06,OUT010,984.2286312371373
FDO56,OUT027,3432.3235541181753
FDU45,OUT045,1752.0449163296303
FDI16,OUT019,0.0
FDL32,OUT046,1848.5457239952962
FDA07,OUT046,2032.0126491268595
FDA14,OUT045,2257.8817875285645
FDV46,OUT027,3724.017393141056
NCO07,OUT035,3493.4775088253405
NCP41,OUT046,1700.3868414136864
FDY60,OUT018,2020.8997608095847
FDN38,OUT017,4085.8959544962136
FDO15,OUT046,1258.5021775293524
FDT60,OUT013,2030.242535030752
FDA55,OUT035,3730.6287965171027
FDE02,OUT010,0.0
DRJ39,OUT049,3503.5624243764564
FDV34,OUT035,1378.708888059353
FDS20,OUT027,4444.080117715037
FDF02,OUT027,3169.160963916971
FDW40,OUT017,2359.5985493523835
NCB43,OUT046,2908.414314450594
FDR58,OUT017,1576.1633515310364
DRJ59,OUT035,845.6695991994648
NCD30,OUT017,1658.4580756610753
FDE14,OUT017,1727.6266561612972
FDC28,OUT018,1467.2486053411199
FDU16,OUT018,1098.969623682791
NCD19,OUT035,1042.0866413881997
FDU21,OUT046,621.4690819004471
FDV59,OUT027,4931.652326814413
FDU03,OUT045,2831.0486007755335
FDC33,OUT010,1309.286470860451
NCR42,OUT035,709.6794264317527
DRH59,OUT035,1382.0326378253255
NCM31,OUT035,2386.87921524899
FDS50,OUT035,3634.6017969849977
FDP39,OUT046,895.9202213259728
FDQ55,OUT013,1994.5499285746248
FDV36,OUT019,122.375068996793
FDI05,OUT027,2704.2632005071373
FDS45,OUT027,3213.9566641754295
FDA39,OUT045,627.3503385057566
FDC37,OUT010,0.0
FDJ60,OUT027,4129.193291264392
DRQ35,OUT046,1980.1246606429897
NCJ06,OUT046,1887.326398199668
NCY42,OUT018,2012.0699151525941
DRM37,OUT049,3169.1458820567486
FDR14,OUT045,756.5098650354641
FDE51,OUT049,814.3975402020885
FDT33,OUT017,2751.8280742559227
FDR08,OUT013,1925.3803647334023
FDE36,OUT010,722.138543599091
FDL22,OUT019,0.0
FDR44,OUT013,2202.6438464497496
FDI56,OUT019,0.0
FDE47,OUT010,183.03585674070422
FDV27,OUT010,0.0
FDV10,OUT049,806.2934985566028
FDC40,OUT045,1192.4673354115362
NCX41,OUT013,3388.454886643813
NCQ38,OUT027,3156.0412739170188
FDV12,OUT027,3108.984009149427
FDE52,OUT017,1515.3922418351208
FDG20,OUT027,4312.218945077933
FDV16,OUT027,2053.450550244154
FDI32,OUT017,1951.368964209758
FDJ32,OUT049,1160.8519590611336
FDN39,OUT018,2452.973467495712
FDY34,OUT017,2767.7033907015034
FDC14,OUT035,895.0008937024315
FDA55,OUT017,3689.927947492326
FDZ50,OUT010,973.0548074234323
DRG13,OUT049,2701.0319217926935
FDP01,OUT013,2528.4254551795057
NCG54,OUT017,2788.015251191511
FDM13,OUT045,2070.0001424020097
NCO18,OUT027,4275.553639177915
NCW41,OUT013,2546.814853061479
FDM52,OUT027,3832.2269291346975
NCF55,OUT035,715.1305603830967
FDT09,OUT046,2117.313102733271
NCM19,OUT035,1902.4650048272322
FDW12,OUT018,2096.6590229584294
FDP15,OUT019,2148.6111944465893
FDK36,OUT045,768.1901183415396
FDZ25,OUT035,2920.3627529246914
NCW06,OUT049,3113.007738825217
FDW60,OUT046,2850.639490170367
DRC49,OUT013,2354.3162828974273
NCT17,OUT035,3133.3354053182843
NCN06,OUT018,2299.048788485589
FDC45,OUT013,2802.520184937317
DRJ47,OUT019,838.2334728983976
NCF06,OUT045,3968.9888938356403
FDE21,OUT010,55.19449426205318
DRG27,OUT013,662.516064667553
FDW40,OUT049,2330.4749435841813
NCO53,OUT046,2888.109252535638
FDE23,OUT049,885.2772493384823
FDQ16,OUT046,1742.7267400578405
FDS26,OUT045,3997.7827569277783
FDZ13,OUT010,0.0
FDS14,OUT049,2563.8669079106116
FDC10,OUT045,1841.5797781226834
FDY16,OUT049,3016.031509460192
FDJ20,OUT035,2191.9488790486675
FDV43,OUT035,909.6123488235396
FDZ32,OUT027,3234.305283671227
FDR23,OUT046,2791.9248443940005
FDN24,OUT035,1023.2184385851315
FDE34,OUT027,4369.796341702624
FDU31,OUT013,3561.9703259256007
FDW33,OUT018,1461.430502266621
FDU26,OUT046,1870.5466954425824
FDE20,OUT027,4230.109331626917
NCW05,OUT035,1812.854951885226
FDB22,OUT018,2147.5178077500527
FDO56,OUT046,1915.2362673931802
FDA19,OUT027,3599.032663131755
DRI39,OUT045,771.4313087310258
FDH52,OUT018,727.7883573562476
FDZ50,OUT035,3017.8034047457186
NCN42,OUT035,2459.155145875535
FDB53,OUT013,2399.167970412414
DRG11,OUT017,1854.499236072096
DRK11,OUT027,3868.668406482064
FDQ60,OUT017,2053.90050869072
FDT36,OUT017,685.3286497562684
DRG25,OUT018,2664.0684261478013
DRJ23,OUT046,3029.9156750694056
FDG05,OUT035,2641.146322959538
NCK06,OUT018,1649.998656041964
FDU52,OUT017,2542.5675089792303
FDW07,OUT018,1194.5430781270222
NCM17,OUT045,672.5770658771739
FDA22,OUT045,2638.0260567593473
NCA41,OUT018,2803.4378934649767
FDF38,OUT035,904.1902980820848
FDH52,OUT046,1020.6011246213236
FDY58,OUT019,1686.7149428680107
FDZ16,OUT045,2991.2634286550365
NCM18,OUT017,1067.9250549224744
FDA22,OUT018,2415.647734227976
NCJ43,OUT035,2903.559370068867
FDI34,OUT027,5112.612516308286
FDG56,OUT046,1055.0341390767296
FDS34,OUT046,1857.7110834561695
DRC01,OUT035,975.1591616399062
FDQ04,OUT035,800.1651735726975
FDK04,OUT035,1095.6732403304025
FDT51,OUT049,1894.2205896778173
FDV26,OUT017,3181.1060812945398
FDS04,OUT049,2314.41338631042
FDW43,OUT018,3394.2859696818914
FDQ28,OUT010,554.8315527634783
NCK06,OUT017,2006.5108424036953
FDS23,OUT018,1821.2443491352194
FDZ36,OUT019,1085.189610317904
FDE56,OUT018,790.4396299949119
FDW10,OUT027,4254.336861205403
NCN14,OUT045,2842.428211584152
NCQ18,OUT045,1459.7967243494286
FDW08,OUT017,1835.9823093407317
FDU43,OUT035,3918.593458674387
FDR33,OUT010,0.0
FDM24,OUT010,517.4995095434934
NCZ05,OUT046,1644.4699713992918
NCV41,OUT035,1944.922426342845
FDV11,OUT018,2513.999110227213
NCY05,OUT035,765.7946507075726
FDV44,OUT018,2776.7454875417125
FDW32,OUT049,1502.986707196238
NCU18,OUT027,3714.9071686349725
NCC43,OUT035,4052.4655406865886
FDW19,OUT013,1898.2480918836952
FDN31,OUT035,3219.3516163382315
FDI48,OUT045,791.8175074327592
FDS24,OUT017,1564.0896562303828
FDF46,OUT049,1938.1027585617296
DRG23,OUT017,2516.992426231913
FDG14,OUT018,2188.0524839861246
NCY30,OUT049,2901.6904813660653
FDO28,OUT018,1681.3352899662352
DRD24,OUT035,2399.9903011440483
FDI33,OUT049,1562.2387709111208
FDN32,OUT046,2998.113275574943
FDR16,OUT045,3274.79237515282
FDF26,OUT046,2492.556157988203
NCN29,OUT018,557.2171561816876
FDE20,OUT045,2668.9665798163
FDA46,OUT046,3038.619953145652
FDU28,OUT045,2891.9006189012503
FDQ48,OUT045,1554.5215726504
FDV36,OUT013,2131.2671371174647
FDR14,OUT018,575.914260506599
FDP23,OUT017,3544.613278855557
FDP56,OUT013,968.5626039873393
FDK48,OUT010,0.0
FDR48,OUT046,2421.884293393978
NCY29,OUT049,1025.3473675090095
FDM22,OUT018,637.5790118992285
DRJ01,OUT013,2613.805780563639
FDZ43,OUT045,3828.985672079722
FDV03,OUT035,2621.861318361394
FDX11,OUT027,4356.432084733526
NCA41,OUT027,4535.857058464252
FDE38,OUT017,2796.5878804562203
FDI27,OUT018,492.36900695579493
FDN32,OUT013,3024.844836571664
NCN43,OUT017,2030.2354674661003
FDB47,OUT027,4756.331405108281
FDV03,OUT017,2588.9045202867733
NCN30,OUT045,1485.822091091054
NCV54,OUT010,13.90130430070235
FDV07,OUT013,1883.8896171319645
FDP07,OUT049,3267.2729154154954
FDK48,OUT018,955.8314125764182
FDM15,OUT019,533.0366165477328
FDY19,OUT027,3415.756668415049
FDK46,OUT046,4094.429457792831
FDY11,OUT045,1038.7925797310604
FDH09,OUT046,1009.2409820918317
FDO08,OUT027,4154.815134552363
FDU14,OUT013,3996.613571234893
FDD22,OUT027,3288.7799985174283
FDM27,OUT017,2593.7839592139194
FDL02,OUT027,3222.7261118224988
NCA17,OUT035,2480.763001979529
FDE38,OUT019,772.2657055953514
NCG07,OUT049,3038.6461374741057
DRC27,OUT013,3873.6658757295972
FDA27,OUT035,4150.9790819259415
FDW40,OUT045,2177.488299235351
DRI11,OUT013,1930.3969843530701
FDN50,OUT046,1585.2370640535717
FDR12,OUT046,2734.850713406084
FDT34,OUT027,3141.692785790886
FDW11,OUT035,1182.7176948886786
NCO30,OUT027,4355.0920317767495
FDZ34,OUT017,3201.1935401990195
FDU45,OUT017,1920.272955277458
NCD42,OUT035,778.3959223342752
FDX25,OUT045,2844.864846226999
NCR29,OUT046,924.8505560856727
FDX43,OUT019,833.1878574359916
FDB04,OUT010,0.0
FDR49,OUT027,2285.9658811987106
FDS39,OUT018,2027.7060847170808
FDW58,OUT045,1653.5792905537107
FDG22,OUT019,0.0
FDG31,OUT017,1156.8412774756082
NCV53,OUT027,5257.2964948000445
DRJ37,OUT035,2514.9466609935953
FDV07,OUT035,1966.1706824307732
FDW52,OUT018,2370.4048543641643
FDT15,OUT045,2883.789172291422
FDD02,OUT018,1689.5620783885859
FDM16,OUT035,1344.5236470290656
NCE55,OUT046,2728.3596870401834
FDB57,OUT018,3300.2439661032004
FDQ04,OUT013,776.7586290336683
FDQ47,OUT019,0.0
FDY14,OUT019,2233.999216331042
DRK37,OUT017,3063.0197526670017
FDO25,OUT017,3438.9943258932767
FDL57,OUT046,4096.527372003529
NCK29,OUT018,1683.6668290772404
FDK46,OUT027,5586.680477412164
NCB43,OUT010,1000.3418463077303
DRE01,OUT027,5235.678114406237
FDC46,OUT018,2662.609770896113
FDQ23,OUT045,1642.70596782649
FDX38,OUT049,911.5646194025442
FDG60,OUT018,3474.4657533006366
FDW55,OUT017,4048.299932100622
FDP39,OUT013,921.1132800021371
FDB20,OUT018,1072.6086638216784
FDV21,OUT017,2086.50121712806
FDZ02,OUT013,1614.6120104542645
FDP19,OUT027,3558.2777801794455
FDA38,OUT035,3951.989943675273
FDH22,OUT045,1946.6594591119444
DRM11,OUT045,4058.635833639238
FDO12,OUT027,4585.782570981545
FDT14,OUT049,1984.935942966875
FDW34,OUT010,1964.219517966648
FDG04,OUT027,4460.909185234514
FDW59,OUT018,1150.6338926672286
FDR33,OUT018,1505.3774392556927
FDP32,OUT013,2163.9256930176844
FDL13,OUT027,5176.932331068567
FDD22,OUT013,1882.0303849546465
FDV40,OUT027,2654.414037732286
NCD55,OUT046,674.6594682657749
FDQ20,OUT010,0.0
FDD28,OUT045,885.5246476231678
FDC39,OUT045,3190.525594395394
NCR17,OUT049,1968.1592309507348
DRO35,OUT018,1621.2208492413008
FDF40,OUT049,4014.053109935814
FDR31,OUT018,2092.756187524543
NCQ41,OUT017,3186.480856523698
FDP38,OUT046,889.6317059476027
NCU54,OUT027,4736.08919804144
FDG22,OUT018,353.58771160765974
DRK59,OUT013,3765.3553386666085
FDC37,OUT046,1729.4732928589208
NCO42,OUT013,2356.889328161279
NCT42,OUT017,2455.9840819737938
FDX27,OUT035,1630.6869868475435
FDV40,OUT018,953.0415892261888
FDT45,OUT027,2391.704380516892
FDS47,OUT019,0.0
FDR45,OUT035,3909.2012291432357
FDB03,OUT045,3667.202876028687
FDO49,OUT035,1052.0574948971175
FDU60,OUT027,4143.684101410356
FDB26,OUT018,660.0339288354435
FDB46,OUT017,3467.404548665485
FDQ37,OUT019,1209.812219014484
FDN03,OUT017,4063.079904422214
NCX30,OUT045,3817.0780508503058
FDK32,OUT019,595.6604970829626
DRM47,OUT013,3117.9331167506602
NCO02,OUT046,1080.7484133665737
FDP04,OUT013,1124.2202813903134
NCO43,OUT049,1700.5550147414256
FDD59,OUT013,1419.4627367583823
FDQ10,OUT017,2831.514661419242
FDW45,OUT035,2511.482378982139
NCK30,OUT049,4073.29463272778
FDU31,OUT018,3191.3215769149892
NCQ17,OUT019,522.4791481315306
FDN01,OUT017,2906.4175402469596
FDZ19,OUT049,2904.6841179918974
DRG37,OUT017,2561.6351148409763
FDE32,OUT045,632.1755560539693
FDO34,OUT049,2768.1467979019762
FDM04,OUT019,0.0
FDZ25,OUT049,2853.6018888762155
FDU08,OUT049,1746.7112323038546
NCW30,OUT045,3974.250900430254
NCM18,OUT013,1024.8393549135399
FDS22,OUT035,873.1711996384549
NCH18,OUT017,3918.9769990256623
FDC23,OUT013,2937.866173615572
FDY46,OUT013,3022.7152792270003
NCU06,OUT046,3577.6069557384153
FDX57,OUT045,1527.060309656331
FDX36,OUT027,5017.022623869565
FDL16,OUT045,681.8805447982122
FDT16,OUT010,2213.298665428385
FDN16,OUT018,1379.8786681510887
FDC03,OUT046,3084.2197077564233
DRF60,OUT013,3805.061404716227
FDS27,OUT027,4601.045727326726
FDP33,OUT010,2123.5594406503487
FDJ36,OUT018,1357.2718762491634
NCR42,OUT013,585.5733455775764
FDV14,OUT017,1483.1591393566712
NCP42,OUT035,3200.6420665862875
FDB50,OUT027,2783.9521259549756
NCC30,OUT027,4248.053442166122
FDA23,OUT018,1386.8257468078675
FDW16,OUT017,1566.1614930377398
FDQ52,OUT010,1984.2399275029954
FDB58,OUT049,2396.0208871398186
NCP29,OUT049,1133.5086257802943
NCM05,OUT045,4074.2136247649764
FDO25,OUT013,3423.8612296554197
NCM54,OUT046,2007.1760553670897
NCL54,OUT046,2700.386154617958
FDL39,OUT010,968.0536055120751
FDF53,OUT018,2579.2078201484132
NCQ42,OUT035,2151.553130180443
FDF58,OUT013,1113.2886871042947
FDZ04,OUT035,1188.8304984973327
FDE26,OUT019,416.1101933533487
FDS60,OUT017,2959.4129782589985
FDV58,OUT017,3210.3886710040983
FDM04,OUT045,785.9051062983283
FDE08,OUT035,2526.7000487081423
NCB43,OUT049,3000.2140854643235
FDU11,OUT010,57.73610904603265
FDF22,OUT019,1465.2049145431151
FDE24,OUT013,2321.03821220731
DRJ49,OUT046,2084.9343049221675
NCQ53,OUT035,3853.602616672863
NCL41,OUT013,665.4763696042148
FDR22,OUT013,1859.5347375981762
FDH04,OUT035,1633.4382368770732
DRH15,OUT045,573.8864939951134
FDY40,OUT049,907.5553237639733
NCI17,OUT035,1690.574532895218
NCC18,OUT013,2755.545077681853
FDY28,OUT027,4787.838272012509
FDB45,OUT027,3208.018104739291
NCL30,OUT018,1729.8237700155596
FDM10,OUT017,3456.23190415327
FDH22,OUT027,3509.564055071527
NCZ53,OUT017,3096.776934709695
NCI18,OUT013,3543.880366897567
FDH14,OUT027,3791.093431377048
FDR36,OUT027,2213.1832777713275
FDW01,OUT045,2389.714044424245
FDK02,OUT027,3429.5381046723087
FDJ02,OUT018,2132.850347797216
FDU55,OUT013,4214.396314071004
NCV18,OUT027,2801.1685330011337
FDH14,OUT018,1999.7778641606733
FDZ37,OUT045,1424.9780190986787
FDX49,OUT049,3793.97117756927
NCD43,OUT046,1653.2786855022384
FDZ07,OUT013,1116.2439431166583
FDK43,OUT035,2191.8300312907368
FDR32,OUT018,3393.968941987442
FDT39,OUT013,2512.1663326285106
NCV54,OUT017,1985.860858748728
FDF38,OUT018,502.3789491700317
FDV60,OUT046,3122.6029200916855
FDH44,OUT027,3843.780072791649
FDS21,OUT046,1027.7296986382912
NCL41,OUT045,537.3043018767512
FDM46,OUT017,1597.1083418031324
FDU27,OUT045,762.6887456413227
NCJ54,OUT017,3727.6273213010745
DRG51,OUT018,2302.1857000394098
NCA29,OUT019,777.6843894562055
FDR47,OUT045,3022.8705849558046
NCL19,OUT027,3727.3991090017876
DRG01,OUT049,1320.663780720342
FDG10,OUT046,979.3633583776118
NCV05,OUT049,2513.8743330633965
NCH18,OUT019,1910.1364364705094
FDV14,OUT018,1129.7586191600444
DRJ23,OUT035,3168.365053875862
DRJ11,OUT046,2968.374173212217
FDZ03,OUT017,3016.8612915834647
FDI27,OUT010,0.0
FDJ14,OUT018,1117.6375048147904
FDU32,OUT017,2081.959408113878
FDD47,OUT027,4210.878596850086
DRF36,OUT035,3143.283505449745
FDM21,OUT046,4071.444983807988
FDV10,OUT018,472.76754594718494
FDH60,OUT018,2826.0252839206914
FDX47,OUT010,630.9755046962912
FDT19,OUT019,883.1796875870909
FDO11,OUT045,3913.547536008913
FDH24,OUT027,4005.835226293767
FDL02,OUT018,1505.6471658051958
FDB02,OUT049,2936.1418132795807
FDA43,OUT046,3140.560396697222
FDG52,OUT045,703.7191491294643
DRC12,OUT013,3047.3438280151636
FDY37,OUT018,2056.68777446115
NCU18,OUT045,2147.4861155514673
FDU09,OUT035,1078.8879745500312
DRJ25,OUT027,2262.5368993228017
DRE12,OUT018,1531.0780291546141
DRL47,OUT017,2112.9443366232003
DRK01,OUT046,1529.7273623356375
FDC22,OUT019,1104.6363894406547
FDG44,OUT013,984.1743560263315
FDW04,OUT035,2215.5221177200247
FDK09,OUT049,3685.2950959940076
NCN43,OUT035,2086.35794982722
FDG04,OUT049,3062.035800096325
FDH32,OUT010,0.0
DRI47,OUT017,2435.862954282464
DRE15,OUT013,1220.5928647627672
FDY11,OUT035,1275.5726875706837
FDO60,OUT049,862.3408920710365
FDQ20,OUT018,494.11391658970496
FDO57,OUT027,4031.9918988760446
FDT14,OUT019,0.0
FDA57,OUT049,791.7702901587384
DRN35,OUT017,722.1603186432728
FDJ03,OUT046,825.3813991634696
FDX28,OUT017,1701.3371547513655
DRE25,OUT045,1386.2882436339269
FDR09,OUT046,4098.173567059058
FDB23,OUT035,3761.045407510855
FDO08,OUT045,2582.7500943048826
FDQ23,OUT049,1750.7592357465603
FDW04,OUT013,2136.3433245495025
DRK13,OUT010,1204.618652127898
NCL17,OUT027,3724.433209712688
FDY21,OUT035,3199.4657268012215
FDJ38,OUT027,4518.50762805625
FDA37,OUT019,173.33946063349967
FDV43,OUT013,859.8696423702273
FDL36,OUT046,1492.899935875033
FDD53,OUT045,623.717713616219
FDZ19,OUT010,944.5675576494973
FDV21,OUT045,1924.5861113810201
NCL54,OUT018,2438.598036406889
DRI47,OUT027,3796.2587512757477
DRG03,OUT049,2486.61372052443
FDG21,OUT013,2563.9320179717165
FDW03,OUT018,1453.2349775072157
NCI55,OUT046,1912.0798388974506
DRC36,OUT019,872.0310779110584
FDH22,OUT017,2138.0376351632494
FDV20,OUT045,2024.0180122990118
NCU41,OUT027,4515.322407086102
FDN46,OUT027,3141.4867094477877
FDK50,OUT045,2556.418153284351
NCA05,OUT027,3821.322735949874
DRH01,OUT018,2460.3102259808584
FDT08,OUT018,2168.6825244566985
FDM08,OUT018,3324.8365805564317
FDZ07,OUT035,1183.0243232033117
FDS22,OUT017,877.441521016958
FDV35,OUT027,3971.224640133838
FDI28,OUT010,0.0
FDW58,OUT027,3225.569139203036
FDT52,OUT045,3787.2163971719665
FDY34,OUT046,2624.9682172053704
FDR10,OUT046,2570.635013056805
FDK57,OUT017,2027.1355030950153
FDR02,OUT027,3225.330742631266
FDX49,OUT046,3725.4088414799917
FDQ20,OUT046,745.0869552526879
DRK23,OUT045,3908.1794354119156
NCW06,OUT046,2993.305645198662
FDR31,OUT017,2477.1372640416735
NCE43,OUT013,2691.8468152539995
DRO59,OUT027,2737.9024693364813
FDN09,OUT049,3955.110306991346
FDR11,OUT046,2564.0008601483237
FDO57,OUT013,2629.8810278127153
NCX18,OUT017,3176.7500501441614
FDB05,OUT018,3642.461314968295
FDQ08,OUT018,794.8574482598192
NCG43,OUT035,1617.787555390976
FDJ56,OUT013,1723.147030830687
FDA13,OUT010,0.0
FDO56,OUT017,2013.0015630066257
FDB37,OUT018,3548.3938408231434
FDZ02,OUT018,1288.8723219588335
FDQ24,OUT046,3945.564952993289
FDM16,OUT013,1269.9885038638224
FDU35,OUT049,1715.121940226331
FDT35,OUT035,2841.359990115062
NCX30,OUT049,3957.6629735087918
FDG04,OUT017,3063.371555495342
FDI12,OUT035,1544.989163759954
FDE35,OUT035,1176.9102114318896
NCP14,OUT027,3128.502933777171
NCY53,OUT045,1688.051564406721
FDP49,OUT017,1040.9014065206989
FDQ04,OUT017,798.1537787626692
FDM39,OUT035,2962.4099393618053
FDO58,OUT019,698.3861571341259
FDC56,OUT017,2040.6415381545266
NCQ54,OUT046,2627.8761514373355
FDV10,OUT027,2203.70962336096
NCK17,OUT046,680.3141598995753
NCF55,OUT027,2072.055016801388
FDV33,OUT013,4165.1134593171
NCH29,OUT019,0.0
FDA37,OUT027,3530.5832812205886
FDH46,OUT018,1391.5700987923449
FDS25,OUT035,1946.2378624479727
FDH04,OUT027,2931.484973079502
FDX52,OUT046,3023.510576589604
NCD42,OUT017,731.5599958195401
FDW47,OUT017,2073.99823699733
FDL25,OUT027,2992.812587902733
NCJ06,OUT010,11.352657601829037
FDY09,OUT013,2831.5397248303584
FDS40,OUT046,642.0349698243081
FDH41,OUT017,3476.862108681313
FDG38,OUT035,1568.8031607528108
FDU03,OUT027,4352.00133741391
FDV20,OUT046,2094.4797301879494
DRB13,OUT045,2940.7641758262434
NCQ30,OUT013,1954.8935027920843
NCH06,OUT013,3878.6489761891216
FDU50,OUT018,1530.2330710196504
NCO42,OUT019,388.55726071197324
FDW09,OUT018,1056.0252888792977
FDH04,OUT013,1532.5647570766025
FDC21,OUT045,1715.8965345755946
FDL21,OUT049,800.9783429103834
FDM46,OUT010,0.0
FDT22,OUT019,0.0
FDB28,OUT035,3255.698542760636
FDI12,OUT018,1175.6345078906159
FDA28,OUT045,1944.1197134139509
FDF59,OUT013,2141.826253622478
FDM45,OUT027,3432.7557162770154
FDQ56,OUT017,1484.3604638068707
FDR46,OUT049,2405.9271865624814
FDT01,OUT013,3434.774953956002
FDD16,OUT027,2693.7810404409583
NCU30,OUT010,643.7301338123434
FDM40,OUT010,354.9989791095585
FDI56,OUT035,1687.958604166761
NCS30,OUT013,2053.1898251236166
FDU08,OUT017,1746.4772328547463
FDX51,OUT027,4593.105986048772
FDA43,OUT045,3088.6857212638397
FDX59,OUT010,0.0
FDC37,OUT018,1464.555237748825
FDP58,OUT013,3506.3226139950116
NCY42,OUT035,2381.338544885901
FDF21,OUT018,2788.284094536256
FDU10,OUT027,2140.1296998783473
DRL47,OUT018,1750.2469658750556
FDA58,OUT018,3479.8987034763263
FDJ22,OUT049,3149.5352245187123
FDK50,OUT046,2603.6280466282205
FDO38,OUT035,1460.0138396282957
DRF60,OUT035,3901.2813423131574
NCZ42,OUT019,1805.3993577900558
FDD35,OUT049,2041.7011839222487
FDL25,OUT045,1445.4078896624512
FDJ16,OUT013,991.8949299100882
DRK59,OUT049,3800.987564013738
FDI50,OUT046,3695.8839875573663
NCB19,OUT045,1297.0554932985417
DRI37,OUT035,1101.8843307516665
FDA14,OUT027,3812.9251175651843
FDC08,OUT018,3368.3203510799544
FDS45,OUT046,1696.8871339226382
FDI21,OUT049,1144.901675498508
DRJ47,OUT035,2920.216168374198
DRE37,OUT027,4437.0909648392635
FDT55,OUT018,2303.0671299523383
NCG42,OUT027,3502.7996807750787
FDA31,OUT049,2844.021355737827
NCW42,OUT046,3462.8017132256964
FDF50,OUT017,3215.9822842047774
FDK56,OUT049,3080.7028521133875
FDX10,OUT035,767.7898026427163
NCK07,OUT027,4051.144354588214
FDZ49,OUT017,3627.522086404028
FDR33,OUT013,1823.3583583085608
FDO44,OUT018,1560.4126883464908
FDA20,OUT046,3001.305396631893
NCL30,OUT045,1936.6937407627383
FDI05,OUT019,0.0
FDQ12,OUT018,3360.135632632484
FDH47,OUT017,1663.5219220382041
FDH34,OUT018,2694.113613316408
FDF29,OUT046,2100.0824113968656
FDG40,OUT018,329.716911916712
NCE18,OUT017,3986.40475277299
FDP21,OUT010,1128.0019558301901
FDY50,OUT013,1466.3021892305144
FDB36,OUT049,2184.7480451868237
NCZ29,OUT049,2110.2596962917096
FDU20,OUT018,1702.9663847501483
FDO56,OUT013,2002.3891199084303
FDW31,OUT049,3271.482927508146
DRH59,OUT013,1296.657476023074
NCB30,OUT017,3185.0836259173807
FDK43,OUT027,3550.309304343348
FDW43,OUT045,3604.2413290515237
NCL19,OUT017,2334.4849274480675
FDJ27,OUT046,1626.1495329404856
FDC45,OUT046,2726.1932583464672
FDY40,OUT035,984.2363967666627
NCM41,OUT035,1621.2641700123272
NCK18,OUT019,694.923986468023
FDP37,OUT049,2176.8583768949284
FDA27,OUT027,5489.3243596890825
NCX30,OUT035,4005.8340431385636
FDR09,OUT017,4141.675979125986
FDG08,OUT027,4237.362589395524
NCU30,OUT013,2640.970698277862
FDB16,OUT017,1506.639991347307
FDM16,OUT017,1296.109654846407
FDC48,OUT013,1412.596002729209
NCF18,OUT046,2958.385156827557
FDU46,OUT018,1166.747211824492
FDH41,OUT018,3111.0827253962825
NCN42,OUT010,409.2646456733533
FDU49,OUT046,1484.2486219091845
FDB20,OUT027,2797.323194184774
FDG50,OUT019,0.0
FDW20,OUT045,1942.7169543074233
NCO55,OUT049,1818.7063891430846
FDX48,OUT046,2477.656440587565
FDU48,OUT046,2133.7048084987246
FDR48,OUT019,504.6649600566521
FDK27,OUT013,2062.2707260080633
FDT35,OUT013,2717.2604526019863
FDN12,OUT049,1865.019870078693
NCE31,OUT019,0.0
FDL21,OUT017,814.7059678153992
FDV56,OUT017,1873.0738459174686
FDR16,OUT017,3466.197425877556
NCP41,OUT049,1840.2399968577854
FDJ27,OUT013,1711.7684208082217
FDA07,OUT017,2112.7564776909485
FDK55,OUT049,1564.9184172777911
FDM33,OUT049,3575.414905346052
FDY46,OUT046,2969.6423890748547
FDD36,OUT046,1910.6214312353475
FDB12,OUT027,3118.974493196846
FDF28,OUT019,115.86080326113239
NCE07,OUT019,363.7763071632633
FDW50,OUT027,4077.4928939112606
NCW18,OUT017,3784.593120226415
NCJ17,OUT019,0.0
DRZ24,OUT010,11.570652902137624
FDS07,OUT035,2026.396262738818
NCW05,OUT010,0.0
FDZ22,OUT018,1099.300239693506
FDK02,OUT046,1927.940265286031
FDZ45,OUT027,4589.290368369409
FDL25,OUT046,1489.5687999464524
FDS08,OUT045,2766.0126442656833
NCZ42,OUT027,5157.8794642522535
FDX57,OUT035,1717.3762548033435
FDF21,OUT046,3053.2271820221604
FDJ56,OUT018,1346.1178207519447
FDX10,OUT013,682.4245799189393
DRG48,OUT035,2443.9037928295857
DRN37,OUT046,2627.0539854786452
NCY41,OUT018,326.0125535044694
FDN28,OUT045,1595.8976633581813
FDE34,OUT045,2802.290614669403
FDR10,OUT045,2551.317992411517
FDC32,OUT017,1637.2133564595267
DRG13,OUT046,2595.267023194455
FDP59,OUT049,1805.8649099927643
NCT53,OUT010,737.6984600502326
FDL57,OUT027,5531.536883217424
FDN32,OUT010,1112.792468469481
FDK09,OUT018,3323.8701253531713
FDA52,OUT010,905.4606796002661
FDC57,OUT049,3199.3196578828433
FDI09,OUT035,4034.910288498017
NCB07,OUT046,3084.434371210458
FDP26,OUT035,1768.2953448736416
FDP40,OUT027,3271.5842176321617
FDL15,OUT013,2499.493413746808
FDV07,OUT046,1843.2190848677865
FDS03,OUT017,1185.5641300391019
FDE50,OUT049,3093.0232157254723
FDQ15,OUT017,1389.421665697069
FDQ33,OUT010,500.8403123850376
FDT22,OUT013,1018.8310135714783
DRO35,OUT035,2038.5316391457418
FDJ41,OUT049,4206.920971210543
FDQ27,OUT035,1856.0783420052373
FDC26,OUT017,1929.8764943686822
NCF43,OUT027,3714.0467168716355
NCR50,OUT035,2547.9018309694575
FDE39,OUT018,1645.7496610901724
FDN49,OUT027,2182.0804570061737
DRG11,OUT035,1873.5496318410628
NCA18,OUT049,1928.538150205126
FDM36,OUT018,2478.414900711633
FDW32,OUT017,1525.9243874918484
NCQ18,OUT010,0.0
FDX14,OUT027,2700.7834006811627
FDD46,OUT017,2506.037100661974
FDI34,OUT019,1757.7626390824307
NCJ17,OUT035,1489.822217088172
FDB52,OUT035,4182.036831714263
FDV55,OUT018,2078.1169820463797
FDC57,OUT046,3082.717360730554
FDB29,OUT046,1841.25375582916
NCO43,OUT035,1737.8907324461982
FDG44,OUT045,849.7648878799998
FDJ34,OUT045,1952.2550609285013
FDH40,OUT049,1417.1981556583376
NCD07,OUT027,3233.168637022549
FDB41,OUT017,854.107644852272
FDH47,OUT018,1305.1854414027187
DRK37,OUT035,3122.2920136217103
FDM25,OUT019,933.7346695297838
NCX06,OUT045,2789.834420908754
NCS05,OUT017,2212.673918052885
FDS39,OUT045,2229.9158849196383
FDC47,OUT027,5041.254363455165
FDG20,OUT013,2920.935759841103
DRL23,OUT017,1825.06288510611
FDY33,OUT013,2576.2474391616693
NCH18,OUT045,3735.265672633231
FDX47,OUT035,2642.292375677958
NCB06,OUT045,2442.004065423711
FDP36,OUT049,929.1900652320271
FDW44,OUT018,2522.6778870509343
NCU41,OUT018,2762.723645846932
NCS17,OUT046,1536.2334444056144
FDD46,OUT035,2602.6227262169286
FDE45,OUT017,2960.942874442879
FDI09,OUT017,3980.1672697060476
NCJ54,OUT010,1762.2469431776867
NCA29,OUT018,2434.697884899948
NCN41,OUT027,3429.147329715781
FDY34,OUT035,2768.063567771442
NCG55,OUT035,1967.9440638327278
DRM49,OUT046,709.8469950857091
NCB42,OUT049,1942.5096161248202
FDE58,OUT045,1812.613715659154
DRJ25,OUT013,869.6809747677864
FDS47,OUT010,0.0
FDY21,OUT049,3205.4530544330155
NCI54,OUT013,1813.7425351808702
FDO24,OUT017,2593.42959314748
FDY43,OUT035,2861.6272096466155
FDF35,OUT018,1472.5241490133712
NCP29,OUT019,0.0
FDN28,OUT027,3113.705396910218
FDJ50,OUT018,662.7808313846284
FDQ14,OUT027,3858.9910768514656
FDC37,OUT035,1898.9045827766531
FDN08,OUT046,1944.6728814144872
FDD04,OUT035,2381.0825024064798
FDW34,OUT018,3587.8133264362104
FDP04,OUT017,1170.5102610804713
NCG07,OUT017,3027.543871455824
NCN14,OUT018,2627.7918498084346
FDJ16,OUT045,872.9680173561628
NCM42,OUT045,1647.9570567321455
NCF19,OUT046,796.9196058095304
FDY21,OUT018,2831.586426553997
FDY19,OUT035,2057.261392873114
FDV09,OUT045,2332.139083756082
FDA28,OUT013,2073.815309732854
FDC38,OUT018,1899.8208320316044
FDL28,OUT045,3553.479296832483
NCH43,OUT049,3473.725715373592
NCN53,OUT045,516.1249533900682
NCW05,OUT017,1801.46123016468
NCO30,OUT018,2649.0434224302967
FDT04,OUT019,0.0
FDB27,OUT018,2830.8658087765734
NCK07,OUT013,2681.621897651249
NCA53,OUT013,875.6598145031157
FDB33,OUT018,2341.5165370648388
FDU37,OUT017,1422.431601639611
FDR13,OUT035,2042.7489875938145
FDE45,OUT049,2965.8368853280112
FDV37,OUT017,3234.4760145152322
FDX44,OUT019,0.0
NCL06,OUT017,4164.71954990449
FDJ28,OUT045,2944.4363588051765
FDX55,OUT049,3593.107040421376
NCK17,OUT018,421.5877226562939
FDH52,OUT035,1163.6979493096158
FDN13,OUT027,3108.157503435595
FDK44,OUT018,2496.341791026514
FDU16,OUT046,1328.2825278526554
FDZ07,OUT017,1126.7812478896662
NCN06,OUT027,4033.2026528072583
FDH02,OUT010,0.0
NCW18,OUT045,3609.495124255603
FDH57,OUT013,2192.765237720389
FDV35,OUT045,2406.78409706202
NCU29,OUT013,2364.8242441184584
NCP02,OUT046,936.3173327830791
FDN44,OUT013,2675.5267270820495
FDX03,OUT018,509.718897866032
FDR11,OUT010,624.342283805514
FDA36,OUT046,2945.602213642791
FDP58,OUT027,4894.516545833124
FDH31,OUT045,1536.8353370244906
FDH34,OUT035,3117.617356700167
FDS13,OUT035,4319.514458779154
FDT01,OUT018,3115.2760358090195
FDY09,OUT049,2899.7317685583957
FDV33,OUT027,5542.361226484335
NCW29,OUT010,165.76059508150075
NCN17,OUT045,1541.343625287117
FDX01,OUT046,1942.0312280062542
FDL03,OUT049,3225.18356231982
DRL59,OUT049,1020.42303456334
DRM11,OUT027,5604.385914140218
FDA43,OUT049,3252.511637007511
FDZ56,OUT010,865.8508499137854
FDI44,OUT018,1043.210170456268
FDB50,OUT013,1377.1512673483708
FDU15,OUT019,0.0
NCJ19,OUT019,0.0
FDD48,OUT013,1929.0903970737702
NCW42,OUT035,3595.0527655596525
FDL24,OUT017,2869.278175900088
NCB30,OUT013,3155.852180844582
FDK25,OUT013,2750.598205474919
FDW28,OUT049,3170.376920612017
FDD47,OUT017,2831.591412722549
FDK16,OUT019,0.0
FDW37,OUT046,1527.1223835401054
FDA48,OUT035,3627.114032041581
FDA14,OUT017,2410.5931787888317
FDV15,OUT013,1708.9617491595698
FDN22,OUT049,4052.8762465998916
NCD55,OUT045,604.2147823366746
FDY43,OUT013,2766.963442054165
NCU05,OUT017,1383.704253743325
FDF10,OUT035,2480.430822737735
FDR39,OUT018,2669.3554909740487
FDG40,OUT013,639.9673956430067
FDZ28,OUT019,129.84766960857638
FDE02,OUT045,1483.912775852846
FDU60,OUT049,2781.9079344462334
FDM21,OUT013,4118.324658851349
FDV52,OUT019,0.0
NCW06,OUT013,3058.771940065365
FDX36,OUT035,3692.512117815882
FDT35,OUT027,4179.760938840218
NCL19,OUT010,387.9073930330352
NCD31,OUT046,2585.357463953612
FDE53,OUT019,0.0
FDW58,OUT019,0.0
DRF48,OUT046,2948.5038158136185
FDW57,OUT035,2924.7796871256865
DRH13,OUT017,1800.3030502112504
FDT33,OUT013,2738.1005138513615
DRK47,OUT027,5057.137086935808
FDY22,OUT010,367.49963483856266
FDC35,OUT019,1407.2204946228405
FDO03,OUT013,3686.2374478169368
FDF24,OUT045,1276.617779807407
FDF56,OUT018,2632.1424783216366
FDD28,OUT013,1005.958967184529
FDG53,OUT027,3728.4838946183777
FDO27,OUT019,0.0
NCF54,OUT018,2422.7815957160533
FDC20,OUT027,2445.017332681374
FDU10,OUT046,667.965941659606
DRA24,OUT018,2322.5102851031133
FDA02,OUT010,418.18670766213774
FDG10,OUT017,1060.1339792196072
FDW39,OUT010,980.1141401764924
FDP04,OUT019,0.0
NCM55,OUT013,2973.9299504622554
FDG47,OUT045,4065.412484032479
NCU41,OUT017,3122.317794787344
NCK31,OUT017,945.5524518451757
FDZ46,OUT045,1697.0184185158414
FDU13,OUT027,3865.5790248836406
NCF19,OUT045,731.117090317807
NCJ43,OUT013,2765.509514382888
NCJ05,OUT045,2365.05019955308
FDS04,OUT027,3660.8298167344237
FDX28,OUT010,0.0
FDB41,OUT027,2236.3809546726447
FDG53,OUT046,2254.7708322152907
FDL15,OUT010,573.1828222468739
FDQ08,OUT049,1159.3372129758902
DRN36,OUT013,1612.3222194940815
FDI46,OUT013,4046.2051799036967
FDG16,OUT027,4841.335963928964
FDV32,OUT013,1137.9826575877755
FDF44,OUT010,278.28033610047066
FDK04,OUT018,669.0498530953676
NCA41,OUT013,3113.679970716899
FDD51,OUT017,809.6061004108121
NCZ53,OUT045,2909.950038072285
FDP01,OUT027,3919.6494259732485
FDY25,OUT049,3018.093421693547
FDB17,OUT018,2585.0686220102484
NCV54,OUT018,1615.4158028869258
FDJ32,OUT017,1183.859556931053
FDA37,OUT049,2134.733659008844
FDG35,OUT035,2926.807242901994
NCM05,OUT018,3913.8118289936
FDG45,OUT046,3425.542841567547
FDH28,OUT013,713.1613363536494
NCE18,OUT049,3975.8216776605473
FDH38,OUT045,1875.804448595438
FDR56,OUT013,3237.8010125390097
FDH17,OUT027,3031.4611327920065
FDD39,OUT049,3520.549505219825
FDB41,OUT049,877.646350909389
NCR53,OUT046,3506.7669096987547
FDX46,OUT017,1061.3427714364798
FDV28,OUT049,675.0909235402235
FDA08,OUT018,2415.494788746177
FDH45,OUT017,852.2656874164691
NCS38,OUT010,0.0
FDD40,OUT010,1177.6543319424827
DRM59,OUT035,2605.753617298641
NCJ43,OUT018,2483.185240394795
NCN29,OUT013,901.4058353716298
NCC19,OUT045,2914.2233345931018
FDR56,OUT035,3292.1874239279505
FDZ43,OUT049,3957.181083685701
FDJ32,OUT010,0.0
DRH03,OUT017,1513.9480114317018
NCZ54,OUT035,2693.8646909420636
FDE26,OUT017,2456.0117902714505
FDS03,OUT045,1000.3337284385993
DRZ24,OUT019,0.0
FDO48,OUT027,4974.477038810187
FDW39,OUT049,2894.6341094237773
NCK05,OUT049,1117.6181129136448
NCK30,OUT017,4059.0859042479224
FDT27,OUT018,3461.5944354847525
FDS08,OUT019,971.2340080966615
NCJ19,OUT049,990.7880960120565
FDC58,OUT045,672.1291542551344
DRE37,OUT013,3013.3062394809863
FDW02,OUT035,2163.214551101844
FDJ02,OUT010,541.8899219221028
FDX09,OUT045,2743.8342992524
FDT31,OUT010,1156.826173138091
FDI24,OUT049,2920.1738376481712
FDY09,OUT045,2735.92350510868
FDV28,OUT045,509.7231400450217
DRM47,OUT049,3144.2885456224003
FDT52,OUT019,1980.1857088148934
FDI48,OUT018,640.7124028675328
FDY55,OUT017,4178.140248688282
FDU48,OUT013,2175.935363468439
FDN25,OUT045,883.8166463943063
FDP20,OUT049,2176.227761209748
FDJ15,OUT013,2992.07174545011
FDD04,OUT018,1952.772861812741
FDY58,OUT045,3566.7714438053267
FDR37,OUT018,2669.123062644179
FDF44,OUT013,2181.8964791065005
FDD32,OUT045,1327.6324724353028
FDR57,OUT017,2593.386413249844
DRG39,OUT027,2305.4632432580793
FDX15,OUT017,2620.142194237417
DRN37,OUT045,2534.8871297504847
FDW40,OUT027,3712.2929865764154
FDB32,OUT049,1665.277638233735
FDM40,OUT018,1990.5665175560648
FDE39,OUT027,3401.41304420174
DRH49,OUT017,1421.2454462262097
FDT46,OUT049,938.6330350078765
NCF06,OUT035,4165.48709098813
FDP07,OUT017,3239.094061162872
FDC04,OUT013,3837.8592724959713
FDZ32,OUT017,1815.000320020908
FDD50,OUT045,2654.012592980642
FDU56,OUT017,3075.095386234597
FDV34,OUT017,1291.597643446485
NCY41,OUT013,679.6799760552976
NCK18,OUT046,2603.896978949343
DRH25,OUT049,958.6975509292338
FDT57,OUT046,3773.208157974605
FDV56,OUT018,1515.0143991592183
FDV12,OUT045,1513.6706916262513
FDN52,OUT017,1503.3676989495796
FDX38,OUT035,941.1552188036483
FDE47,OUT018,1741.9362297144796
NCO07,OUT013,3392.6037858633663
FDV09,OUT027,3882.462491813474
FDZ23,OUT019,1044.384867348283
DRH51,OUT018,1077.203784191317
NCY54,OUT045,2590.8364531047555
DRG49,OUT013,3918.9861187169618
NCC19,OUT049,3093.5440118316396
NCV53,OUT045,3728.6881675670347
FDZ47,OUT019,0.0
NCO26,OUT018,1528.0690799129793
NCP02,OUT045,903.0415796771463
NCW30,OUT018,3793.734259225689
NCN55,OUT046,3783.2608555662623
FDB20,OUT010,0.0
DRL11,OUT013,2570.26800296939
DRD60,OUT045,2796.0432721861407
FDW14,OUT010,0.0
FDL27,OUT010,0.0
FDU09,OUT018,666.192206941633
DRH36,OUT027,2683.655580581695
FDP34,OUT027,3949.3217365269393
FDE04,OUT017,2920.8395810319007
FDZ57,OUT027,3567.40826189169
FDF02,OUT010,0.0
FDG28,OUT045,3789.869077380356
NCI31,OUT046,581.8280216399651
FDT43,OUT013,978.9044955395445
FDU20,OUT046,2000.4048492670076
FDD53,OUT013,785.9632860759732
FDW15,OUT045,2329.070539910573
NCT53,OUT045,2506.636115254268
NCG55,OUT027,3278.414322207908
FDD48,OUT035,1998.9787118500708
FDG47,OUT049,4274.163295858688
FDI21,OUT017,1147.737464215863
FDT27,OUT017,3810.3382071554624
DRO35,OUT013,1953.1528438902947
FDD33,OUT017,3810.345213418429
FDC04,OUT035,3958.8661324607074
FDY34,OUT013,2685.779411456637
DRJ49,OUT049,2130.292246692145
FDE05,OUT049,2380.644418405578
FDU31,OUT017,3605.1449020559776
NCN19,OUT027,4445.53965202929
FDK56,OUT027,4442.585193050092
FDK58,OUT017,1765.3585261640508
NCJ42,OUT035,1763.4426548900742
FDZ34,OUT027,4550.882147243144
FDA52,OUT018,2497.2549562091795
NCR29,OUT013,976.3756611617557
FDT48,OUT035,3329.5785646147006
DRJ51,OUT019,1624.9860784420957
NCS54,OUT046,2786.263669837087
FDV01,OUT035,2645.8570264630303
DRG51,OUT027,4000.4798979088628
NCG42,OUT013,2130.186075815881
FDA51,OUT049,1904.9929334723886
FDV19,OUT010,710.4037499626697
NCT18,OUT045,2776.3167735881048
NCS41,OUT045,2843.3238299779264
FDO03,OUT046,3625.428417395252
FDL12,OUT010,0.0
FDY37,OUT010,462.4067894053259
FDI58,OUT049,1590.7590671200956
FDT28,OUT018,2104.2329491466244
NCC42,OUT010,316.69610017824044
FDO01,OUT017,2208.8383490653764
FDJ02,OUT013,2452.3784978872777
FDQ04,OUT018,438.5718842623108
DRL47,OUT013,2089.9293760549012
FDZ32,OUT035,1912.992335197263
FDC35,OUT035,3442.76269746765
FDX14,OUT045,1110.0945482652094
FDZ35,OUT013,1769.3672587985077
FDL14,OUT013,2587.7613489880373
FDO04,OUT049,1007.3163614295693
DRK11,OUT017,2508.2978549564614
FDB44,OUT018,3129.7775316687716
FDZ50,OUT049,2995.945636060604
FDI12,OUT027,2915.9424044610787
FDU43,OUT017,3880.989380929591
FDD58,OUT010,0.0
FDB27,OUT017,3170.3202094204926
FDB04,OUT018,1117.4264392230598
NCO17,OUT013,1957.368592711637
FDL12,OUT017,1055.2419707456406
DRJ13,OUT049,2623.6851798932275
FDD57,OUT045,1554.8262333980012
FDW19,OUT035,1977.4298278529777
DRD27,OUT018,1283.9461979358296
FDH27,OUT027,3771.5883229556366
NCW30,OUT027,5536.951680880017
FDR40,OUT018,1043.6921360986557
FDG05,OUT013,2537.1862567235203
NCY41,OUT019,0.0
FDI38,OUT018,3055.81053064183
FDR20,OUT046,789.978482377171
FDE09,OUT017,1907.660253170414
FDN50,OUT019,0.0
DRF27,OUT045,2280.0734809483943
DRF51,OUT013,603.9035594906734
NCO02,OUT019,0.0
FDB51,OUT027,2490.079869107139
FDJ50,OUT013,1000.8942053094975
FDN52,OUT013,1420.0798629843098
FDX14,OUT013,1294.0572497173941
FDT27,OUT019,1837.3766207099854
FDV10,OUT013,767.5581011231786
FDU33,OUT046,746.8519289419708
FDU58,OUT046,2958.4317934743067
NCP42,OUT027,4526.578097201221
FDL51,OUT027,4835.114716026248
DRH15,OUT027,2149.1410828826665
FDU16,OUT017,1475.6017090698535
FDW15,OUT017,2495.7326191765264
FDQ44,OUT045,1944.555811006531
NCI06,OUT027,4290.187704943768
DRK23,OUT019,2093.6982576066
FDC28,OUT035,1896.9729229359507
NCY17,OUT019,0.0
NCV05,OUT018,2177.271916355916
FDM34,OUT019,223.79242611577922
DRD60,OUT027,4357.237594124069
FDT38,OUT046,1386.4856913138756
FDQ57,OUT018,2063.0772438122513
FDE59,OUT027,2127.8098878673027
NCM43,OUT046,2587.0138416149284
DRI51,OUT049,2729.5406269462487
NCG30,OUT017,2039.830974068276
NCK54,OUT035,1949.9785313357395
FDQ16,OUT019,0.0
FDI36,OUT013,3192.171394397966
FDX16,OUT027,3832.1430619764087
FDA34,OUT046,2807.0232025904274
FDJ48,OUT018,3657.360984781474
FDU47,OUT035,2361.133024450023
FDS39,OUT046,2309.654364005422
FDD11,OUT046,4006.914516005647
FDM16,OUT027,2675.1262437860228
FDU56,OUT018,2690.7125299267923
FDQ32,OUT017,2105.031503196226
DRK35,OUT013,743.7051795225291
FDA58,OUT049,3780.8534536266984
DRG48,OUT019,391.9875723547361
FDT59,OUT010,1811.7644967316303
FDQ31,OUT019,0.0
FDS51,OUT018,811.5826145653461
FDW32,OUT027,2925.2304669912683
FDI15,OUT027,5601.402099816358
NCV30,OUT017,1081.8492448655697
DRG25,OUT049,3050.2358755316573
FDT02,OUT013,634.5437860971755
FDO33,OUT027,3306.7391589398712
FDP38,OUT035,1049.768269839787
FDZ45,OUT035,3275.766507576101
NCA54,OUT027,4293.898857336436
FDU33,OUT017,847.5952870885628
FDN58,OUT017,3785.6610599262262
FDI05,OUT045,1138.2757159663026
FDM57,OUT019,0.0
NCS42,OUT027,2883.8359583650313
FDB57,OUT045,3486.960843556982
FDC03,OUT045,3013.752206080527
FDZ58,OUT013,2002.6409951093822
NCK29,OUT045,1895.2213554190937
NCR53,OUT045,3445.5589535273198
FDE26,OUT027,3832.0679883869116
FDU52,OUT049,2539.738681499815
FDE41,OUT027,2824.7549451466593
FDU38,OUT018,2723.358463782141
FDA52,OUT017,2864.6141896881823
FDW46,OUT046,1082.980382240409
DRI59,OUT035,3706.2911238776514
FDT38,OUT035,1510.9937434773763
FDL33,OUT018,2849.469964493527
FDQ01,OUT027,5480.991056921905
FDJ08,OUT046,3061.5926157552076
FDQ47,OUT049,709.0671693647969
NCZ18,OUT013,3966.1246672706616
FDE29,OUT017,1064.810518229516
FDF10,OUT027,3795.678198371353
FDC48,OUT049,1471.4986339959248
FDY58,OUT013,3684.0984729248025
NCX30,OUT010,1989.189974274405
FDV11,OUT013,2883.164575650977
FDT46,OUT046,842.1604795945132
DRD01,OUT019,0.0
FDQ11,OUT013,4122.506729895214
NCM41,OUT017,1583.691077246416
NCC55,OUT013,649.247239850867
FDG45,OUT027,4890.722801248172
NCQ54,OUT049,2724.3612829410968
FDM34,OUT045,2009.5865127159532
FDD17,OUT019,1852.6949201228356
FDN38,OUT027,5451.1157191270395
FDB53,OUT018,2073.458852905713
NCL06,OUT035,4225.5797647003155
NCV18,OUT019,0.0
FDX25,OUT013,2988.511237807831
FDB39,OUT046,910.1954641072841
FDC33,OUT049,3259.17558281961
NCO14,OUT018,455.8697101163103
FDA58,OUT027,5212.406225126413
NCQ02,OUT017,3018.1760992945674
NCR53,OUT017,3641.5769671335333
FDN52,OUT046,1402.6201357900354
FDG26,OUT046,4089.792432209201
FDE23,OUT027,2301.26227087837
DRI37,OUT013,1011.8693091382431
DRH37,OUT018,2358.7303144439084
FDO01,OUT035,2224.703154494188
FDK45,OUT049,2061.9260460537603
FDP23,OUT049,3555.699117858151
FDM33,OUT035,3614.3165100446936
FDD36,OUT017,2036.302553803889
FDL56,OUT017,1512.653839209293
FDT27,OUT010,1852.7465017301288
FDG52,OUT017,833.1934272340086
NCL42,OUT035,3948.9638269715606
DRJ24,OUT046,2910.829041793512
FDV38,OUT046,857.6711224318126
FDT35,OUT045,2643.2805212090407
FDY51,OUT045,3405.7827536442605
FDC37,OUT017,1816.4109990107481
NCP43,OUT013,2926.355175155594
FDO33,OUT045,1733.0671778918902
FDW04,OUT018,1819.875468909443
NCC31,OUT046,2433.1203831219227
FDK22,OUT049,3521.858360612297
FDJ50,OUT017,1059.5651648006599
FDV13,OUT017,1590.968425375071
DRL60,OUT017,2498.820288236032
FDW03,OUT017,1795.7991698180674
FDY27,OUT035,2949.4564473267087
FDB39,OUT027,2369.95807574697
FDU59,OUT045,2526.021776013837
FDZ57,OUT049,2170.0624587075094
FDO21,OUT049,3661.388900788824
FDS43,OUT018,2762.8235138064388
FDU28,OUT010,1087.7939099011057
FDC51,OUT010,68.17132942804568
FDW16,OUT010,0.0
FDP32,OUT010,159.86066796603478
FDB60,OUT019,1221.3579078292064
NCQ30,OUT046,1890.980513501557
FDD26,OUT049,3063.11182556746
FDI44,OUT045,1229.9664850596753
DRH23,OUT046,918.5356922469985
FDO44,OUT046,1809.8239809826102
FDG04,OUT046,2970.201481681139
FDM32,OUT027,3013.8065666302236
FDM09,OUT013,2751.630362471879
FDZ47,OUT013,1664.9150451573541
FDM40,OUT027,3723.2545263648376
FDY48,OUT017,1752.561669213346
NCM30,OUT045,610.1229987280626
FDX36,OUT010,1663.147890345715
DRF03,OUT017,685.8875320447034
FDN51,OUT049,4211.5731864641
FDM57,OUT049,1466.8938361380326
FDB35,OUT049,1642.7002562416435
FDY13,OUT027,2798.603622151439
FDA37,OUT017,2154.6110517207453
NCX53,OUT017,2357.094877552707
FDD59,OUT018,1089.0431409123232
FDX10,OUT019,0.0
FDC03,OUT018,2813.067602505234
FDW43,OUT035,3766.6601597878475
FDW10,OUT046,2799.2641774432686
FDY14,OUT027,5593.893595565071
FDV43,OUT045,737.8702536142503
FDO40,OUT013,2453.931947167813
FDP46,OUT027,2952.851589699796
NCE43,OUT019,721.8852331818739
FDD05,OUT035,2065.555132388141
FDJ60,OUT010,759.5490930824294
DRE27,OUT018,1187.7649371656123
FDO11,OUT035,4117.7965938175
DRG11,OUT027,3208.854975609087
FDK33,OUT010,1533.1035607044867
DRM23,OUT045,2628.1473494979045
FDJ02,OUT027,3857.5082724352815
NCZ05,OUT045,1598.794899095495
NCL30,OUT013,2044.7321882424267
FDZ19,OUT018,2541.7090229997743
FDM45,OUT049,2027.56146689531
FDO36,OUT046,2839.929027411125
NCK31,OUT045,768.0224547704136
DRJ37,OUT045,2350.958412094306
FDP24,OUT018,1670.8612914055036
FDF46,OUT013,1908.6335822092121
FDX46,OUT019,0.0
NCL18,OUT045,2929.114665254331
FDJ26,OUT013,3461.904568145193
FDJ07,OUT045,1809.4435664588136
FDY15,OUT013,2487.937150898498
DRG01,OUT045,1138.2665973572894
FDF58,OUT045,1019.218931289068
FDZ14,OUT019,36.597456238429686
FDP31,OUT049,1197.851078206021
FDH45,OUT013,821.6079750388596
FDA09,OUT010,911.4695794338597
FDW31,OUT035,3333.602862261018
FDA57,OUT046,716.9886008748173
NCE55,OUT035,2883.853284952
FDC17,OUT019,1464.8942801661362
FDC59,OUT013,1165.4625181861852
FDA22,OUT013,2758.4814747837804
FDK52,OUT035,3675.6832299322796
NCM26,OUT046,2420.6861545978218
NCT53,OUT035,2771.310038605626
FDW45,OUT018,2122.0511816540125
NCI18,OUT035,3623.0658298437006
FDE38,OUT018,2393.6157134482623
FDF08,OUT019,0.0
FDY58,OUT010,1749.565969036234
FDF58,OUT019,0.0
FDX39,OUT017,3437.0944304133673
FDB44,OUT049,3483.4123141278164
FDF28,OUT013,2075.700021877104
FDE39,OUT013,1931.2100151792101
FDT37,OUT018,3773.3857351364654
FDZ45,OUT017,3245.8957816753077
FDO40,OUT035,2540.860153390311
FDM57,OUT027,2864.323809783188
DRG36,OUT017,2791.5726256782264
FDY36,OUT010,0.0
DRL60,OUT027,3876.2716138306587
FDS25,OUT019,0.0
DRF49,OUT027,3252.1764427837907
FDP16,OUT045,3794.9535449664477
FDS60,OUT049,2982.8886912805897
FDU15,OUT027,2157.015727170536
FDK43,OUT046,2059.577777355388
FDN25,OUT046,1002.3015966871819
FDE53,OUT049,1779.6361055170428
FDB22,OUT013,2532.0905448282556
FDE39,OUT017,2000.702430874361
FDX35,OUT035,3740.3195407353737
NCG54,OUT049,2738.728539179589
FDH27,OUT035,2448.7039873498043
NCK42,OUT013,3433.0772172746138
FDS25,OUT049,1868.5867873925174
FDI10,OUT018,2475.035477403322
FDU35,OUT035,1780.354993010266
FDI04,OUT017,3229.5271974857496
DRK23,OUT035,4113.9995048371375
FDB53,OUT019,418.1499643073774
FDY02,OUT049,4188.688318373728
FDM60,OUT035,845.2253396478814
NCJ31,OUT010,1819.9770059082286
DRP35,OUT017,2123.7146809722635
NCQ30,OUT018,1664.7940058276415
DRL11,OUT010,648.3837856616306
FDU01,OUT013,3046.5393965056464
FDR39,OUT035,3021.653125888629
FDO08,OUT046,2681.092993014892
FDC02,OUT045,4084.3477229309383
NCZ29,OUT035,2163.0965883728686
FDF29,OUT010,212.51471781763598
FDZ23,OUT017,3071.1977134524827
NCU53,OUT018,2341.8097088464497
NCW30,OUT013,4094.65658281163
NCM26,OUT027,3920.708133461903
FDV50,OUT027,3407.402200222373
FDW15,OUT049,2447.971042231994
FDI35,OUT027,4410.143775631318
FDO11,OUT017,4046.1504272384195
FDN48,OUT046,1509.4080736110495
NCA17,OUT049,2468.198177279986
NCN54,OUT013,1321.6547042442676
FDP22,OUT013,894.0796642422822
NCB54,OUT035,2149.4151135961865
FDD08,OUT045,633.6109709437073
DRM48,OUT010,0.0
FDG41,OUT027,3234.8829394795293
FDE44,OUT027,2316.5004372318112
FDE26,OUT035,2476.6184531200834
NCS38,OUT013,1830.041406346991
NCJ54,OUT018,3330.864065275697
FDI40,OUT019,0.0
FDN45,OUT018,3270.7914258681976
FDU43,OUT046,3828.1659191245594
FDI04,OUT010,1223.3868818814235
NCC07,OUT018,1395.9557148572678
NCC07,OUT019,0.0
NCD18,OUT045,3534.879576833095
FDU55,OUT035,4265.694369651549
FDX59,OUT035,776.6938527132213
FDR52,OUT049,3098.022780408408
NCP17,OUT013,1101.0331375384815
FDQ32,OUT045,1939.9112327263842
NCT17,OUT049,3058.823082299087
FDO10,OUT049,1070.802544629206
FDE32,OUT049,772.7629595753899
FDN44,OUT045,2502.4431449681083
FDH02,OUT035,1637.16357194413
FDK60,OUT013,1662.9918253978292
FDS24,OUT019,0.0
FDL03,OUT010,1283.3665002351029
FDB46,OUT027,4831.079652620637
FDO48,OUT049,3625.143869432124
FDZ39,OUT049,1789.562721327005
FDT02,OUT027,2076.8215931807163
FDC50,OUT013,1623.0757878688028
FDP39,OUT035,1023.5270359946192
DRG15,OUT018,646.0946128404692
FDP10,OUT018,1405.6531630818267
FDF53,OUT027,4341.167880392116
FDN34,OUT045,2644.4018445362444
FDK02,OUT045,1899.2040943891855
FDC23,OUT045,2774.080594169872
FDJ10,OUT019,315.90871518706234
FDE53,OUT035,1861.8878175097607
FDR25,OUT035,4362.599566144497
FDW50,OUT046,2611.491330543875
FDS09,OUT049,953.0056910674393
FDW49,OUT010,973.9796864449788
FDU51,OUT046,2845.6996209238946
FDF28,OUT018,1751.5097770228106
NCY30,OUT018,2552.697680639706
FDD44,OUT045,4056.45063850153
FDX09,OUT017,2910.4876711109023
NCF30,OUT013,2020.2707926213727
FDZ50,OUT019,1014.8290210430259
FDW37,OUT013,1539.908841432351
FDD11,OUT049,4140.565907331803
DRH39,OUT018,882.8521184757685
FDA36,OUT049,3034.3384474217546
NCG43,OUT049,1543.2618655921503
FDF02,OUT035,1847.7760240112405
FDP57,OUT027,3125.661919951709
NCE42,OUT017,3723.031370624083
NCR38,OUT027,5402.632519519343
FDP03,OUT019,125.54071219929824
FDO51,OUT035,887.0837586418857
NCQ42,OUT046,2017.751204595653
NCM41,OUT046,1468.87302322597
FDH48,OUT027,2869.1552196877674
DRF60,OUT046,3708.6124645183636
FDJ27,OUT035,1784.7410009760392
FDQ14,OUT013,2446.0809537572704
FDN27,OUT017,2022.5623801267132
NCQ02,OUT046,2957.5393120289878
FDJ33,OUT049,2089.45936423535
FDP07,OUT027,4616.701601804824
DRE01,OUT049,3847.4045329886385
FDU36,OUT045,1558.7950323442835
FDL28,OUT017,3690.701261471297
NCX53,OUT046,2248.4455373375367
FDZ39,OUT013,1764.7418492614167
NCP42,OUT013,3121.4569216205814
FDJ14,OUT035,1513.2763251035112
FDK04,OUT049,1005.6654516660853
NCC19,OUT017,3122.6756440603754
FDS09,OUT018,603.980008607761
FDZ02,OUT046,1597.1706906094803
FDD35,OUT018,1726.7889713387929
NCY42,OUT017,2360.834083503809
FDB05,OUT045,3805.9726507214255
FDF20,OUT035,3284.8985550453117
NCO41,OUT018,1305.8880005355131
FDC40,OUT027,2753.7069322693237
FDV58,OUT045,3045.33252437732
FDZ57,OUT045,2013.9586503048781
DRM35,OUT046,2851.7453003817327
DRN36,OUT018,1244.7424458228238
FDQ13,OUT046,1424.3711608818696
DRO35,OUT010,0.0
NCD43,OUT035,1791.7232502081401
FDA51,OUT018,1531.1315547564977
NCX17,OUT027,5121.207458373346
NCZ17,OUT049,748.403242677449
FDR11,OUT027,4016.1371602534364
FDW34,OUT049,3930.615406886077
FDN50,OUT017,1648.946550794131
FDS09,OUT046,842.6096076281608
FDS48,OUT018,2160.9571988104867
FDL44,OUT049,2738.5095563164514
DRF48,OUT018,2689.757702969052
FDA14,OUT018,2075.860543605607
NCD30,OUT049,1618.414626093325
FDI16,OUT017,929.9510005604175
NCG06,OUT035,4176.910244469309
DRZ24,OUT035,2045.908090582633
NCS17,OUT045,1448.7215192929289
FDB37,OUT045,3752.141878165259
FDE10,OUT035,2219.1778972974676
FDC57,OUT045,3013.807258362473
FDM12,OUT018,2723.371494799855
FDE24,OUT049,2336.521759524642
FDW22,OUT045,3411.665744383463
DRD01,OUT027,2345.403958547015
NCZ18,OUT027,5400.84041191336
FDN49,OUT045,643.9797232711911
FDR22,OUT035,1974.3491600026946
FDV08,OUT019,0.0
FDY39,OUT046,2960.321153158585
FDV36,OUT049,2123.561934728857
FDO60,OUT045,712.4604094874735
FDU04,OUT027,3437.7829402862435
FDR20,OUT027,2319.4393614814862
FDW19,OUT019,0.0
FDU40,OUT049,3160.9642578699873
FDK15,OUT045,1519.8594659142698
DRF15,OUT035,2481.7856123782944
FDQ25,OUT017,2902.100571496186
FDI48,OUT019,0.0
FDS49,OUT046,1299.2240484028334
FDV22,OUT046,2527.3611591688414
NCV42,OUT046,1722.8084780837821
FDX26,OUT046,2897.0111460156427
FDI33,OUT018,1207.0480386425315
FDZ14,OUT049,2018.324164233826
FDG10,OUT013,1016.9378154619262
FDM38,OUT018,627.2247794401395
FDG26,OUT027,5555.7562413792175
FDH46,OUT035,1790.2982799727936
FDN13,OUT018,1358.445859486046
FDU57,OUT035,2524.599130706041
NCI06,OUT046,2808.7269328030734
FDM38,OUT045,849.6071310652833
NCG42,OUT010,141.2254114832046
FDL39,OUT045,2767.295348454206
FDT31,OUT019,1192.0707170299852
FDV59,OUT013,3514.1079238381135
FDB49,OUT035,1782.3934695464113
FDD58,OUT049,1732.2227372532316
DRN59,OUT046,775.5178669636041
FDX48,OUT049,2549.3405457643958
FDQ11,OUT049,4130.2592601451615
FDY12,OUT049,962.3436508075233
FDQ11,OUT045,3989.6697337551527
DRI11,OUT017,1972.0079836422458
FDY32,OUT027,4099.310309629024
FDS51,OUT045,961.1272041828108
FDR19,OUT010,420.20697409731247
DRB13,OUT018,2733.9144963974777
FDS21,OUT035,1187.8657598704253
FDQ40,OUT045,2718.8358437116253
NCE55,OUT013,2796.939893823558
FDX43,OUT027,4141.070462752779
FDS12,OUT049,2088.8874832928295
DRK01,OUT027,2984.8684781849606
FDN25,OUT017,1045.8261722030074
FDB60,OUT046,3104.7776392106534
FDQ13,OUT017,1511.3386414139761
DRK13,OUT045,3010.556008708335
DRF25,OUT018,335.5693531254935
NCD42,OUT019,0.0
FDW25,OUT045,1358.824721712113
NCV29,OUT027,4314.2646845875
NCK42,OUT035,3495.222550111653
DRJ13,OUT027,3973.0729526430227
DRD15,OUT017,3678.2385767260216
FDM27,OUT045,2416.3668650795385
FDZ50,OUT018,2640.7246928101654
FDC04,OUT046,3808.0236832571654
FDF50,OUT049,3224.1155864761026
FDP15,OUT045,4003.9418419404838
FDK46,OUT035,4225.13369911735
FDZ56,OUT018,2475.4910745321267
FDY60,OUT049,2399.338896196459
FDB10,OUT035,3879.0128617949063
FDR57,OUT045,2418.9515963690806
FDU58,OUT049,3065.7488164094398
FDH02,OUT046,1494.0677824088013
FDP48,OUT013,2966.420415716288
FDI46,OUT035,4111.439420930618
FDW56,OUT013,3163.250194479404
NCM19,OUT010,0.0
FDS50,OUT027,4951.286461508614
FDK24,OUT013,817.8980546212651
FDO36,OUT017,2964.0603260879207
FDK45,OUT027,3459.292416983866
NCL05,OUT045,677.2497484968305
FDL32,OUT018,1589.7377175508825
FDA28,OUT049,2101.7472773508657
FDY36,OUT018,981.2469245214816
FDP32,OUT018,1814.9511248061237
FDL50,OUT046,2022.8067545318092
DRC24,OUT049,2495.574182134074
NCS18,OUT017,1785.1431312237441
FDD16,OUT017,1322.5030733441226
NCV18,OUT013,1389.7662601454686
FDX07,OUT046,2971.122489412822
NCZ05,OUT027,3141.433836927071
NCI31,OUT013,670.5211264335826
FDK14,OUT049,1496.5619510012627
NCR06,OUT045,631.065563627162
NCF54,OUT049,2801.220362809141
DRG23,OUT010,511.75638010422455
FDD53,OUT046,732.899831868714
NCM31,OUT027,3683.4414039929975
FDT16,OUT017,4204.75894977679
FDR40,OUT035,1434.6411850139673
DRG25,OUT017,3006.6346764526047
FDT10,OUT035,1150.7565131445617
FDY32,OUT013,2694.0817134883473
FDN50,OUT035,1705.0963816029453
FDZ35,OUT019,0.0
NCP54,OUT045,1849.1347375183616
NCD07,OUT035,1900.992825278994
FDS02,OUT018,2814.2436573122022
DRN59,OUT018,560.1413419169512
DRB24,OUT013,2525.307355052401
FDP37,OUT027,3509.3273824601215
DRB01,OUT018,2723.8038314402975
FDR47,OUT046,3113.4840860966597
NCM31,OUT010,346.4272482910388
NCF06,OUT027,5517.762584310453
NCV17,OUT027,3549.0580880514754
FDS10,OUT049,2936.5575121918755
FDN52,OUT035,1531.7788479711162
FDZ48,OUT013,1891.057261076516
FDJ48,OUT049,4020.314001561449
DRB13,OUT027,4478.662893493884
FDV59,OUT017,3544.854187727213
FDL32,OUT035,1963.761991511397
FDZ12,OUT035,2409.732356620503
NCR06,OUT027,2151.9333273952793
FDP51,OUT017,2027.495091300931
FDY22,OUT013,2318.06997132291
FDZ38,OUT049,2797.260807169024
NCO54,OUT035,1021.855758654538
FDR23,OUT035,2936.5724802997147
FDM38,OUT049,1039.7711544888039
FDS25,OUT013,1894.9556566409092
FDZ22,OUT013,1434.342892583047
FDZ20,OUT019,2172.036869449544
FDD45,OUT010,0.0
FDN03,OUT049,4041.614417702097
NCW30,OUT046,4038.4927288433373
FDY24,OUT027,2399.0992043802876
FDJ26,OUT019,1487.521552388315
FDM15,OUT049,2538.36099267113
NCW54,OUT027,2385.5236171145993
FDA23,OUT045,1567.359909136502
FDA39,OUT019,0.0
FDZ12,OUT017,2393.753700229246
NCB42,OUT046,1856.8726785277581
FDL16,OUT046,750.8453189641943
FDO24,OUT019,646.7542877234143
NCP42,OUT046,3025.0150662539427
FDR19,OUT018,2106.8610210265942
DRL01,OUT045,3589.5710776385145
FDV37,OUT046,3186.334010185817
FDI41,OUT010,445.37063340673734
FDF58,OUT049,1141.212561729755
NCF43,OUT018,1961.5327955570733
FDN02,OUT049,3387.709352983904
NCP41,OUT035,1871.3665007527502
NCY17,OUT027,2207.6733858505395
FDL58,OUT027,5647.973972570173
NCA30,OUT027,4393.7871851540785
FDE46,OUT018,2152.2911687713536
FDY38,OUT035,3757.618024348441
NCH29,OUT027,3019.524916652422
FDO20,OUT045,3954.973467373457
FDP44,OUT018,1441.5760693372836
FDM02,OUT027,2964.2029596408975
FDJ14,OUT027,2826.8568501037303
FDH04,OUT010,0.0
DRK23,OUT046,3991.039921537842
NCW05,OUT046,1685.2446159917697
FDF12,OUT049,2435.4882300960853
FDL51,OUT019,1451.3709081834593
FDN03,OUT018,3698.824556650511
DRJ37,OUT049,2466.7613549325865
FDM12,OUT019,1097.5462460352865
FDA16,OUT045,3428.3593257437437
NCB07,OUT017,3158.9193788871103
NCI17,OUT019,0.0
FDR51,OUT046,2372.916157296749
FDJ55,OUT045,3514.888738010703
NCZ17,OUT013,709.6750370947234
FDU25,OUT013,1102.3978524337745
NCG18,OUT045,1574.1135110233195
DRM11,OUT017,4188.109735044705
FDH16,OUT035,1618.0919178783338
FDZ04,OUT018,752.9269095787838
NCX53,OUT035,2407.0260500831528
FDX38,OUT027,2274.799170878511
FDX09,OUT046,2811.2004024766875
NCW05,OUT018,1438.804834852712
NCS41,OUT017,3006.8891128664113
FDI26,OUT046,2869.196523186667
NCZ41,OUT027,3475.846313834578
NCK06,OUT046,1935.0318426018955
FDX23,OUT027,3054.2855059126546
NCA42,OUT046,2470.7559484657945
FDC20,OUT049,1049.2150521438828
DRC49,OUT018,2008.4063990652137
FDX01,OUT013,1993.550328153368
FDC08,OUT045,3539.587071429636
FDC02,OUT017,4212.270144010504
FDK10,OUT045,2781.120334407311
DRC24,OUT013,2486.2483033599556
FDW16,OUT019,0.0
NCU06,OUT018,3306.452380752423
DRA59,OUT045,2815.1347735437344
FDR24,OUT019,0.0
DRL35,OUT018,493.8611486624414
FDA49,OUT013,1513.2030948122265
NCC55,OUT046,588.4256460059128
DRD24,OUT019,377.7175783756843
NCE55,OUT049,2835.639561195634
FDT33,OUT045,2619.248814915085
NCT53,OUT013,2658.049231234035
FDS26,OUT046,4071.356950967705
FDL22,OUT018,1230.4741464908543
FDP44,OUT017,1821.2983509362145
FDC52,OUT018,2115.4938956335063
FDI53,OUT010,624.1912215400463
FDZ23,OUT046,2973.462578389143
NCT18,OUT013,2915.344612414103
FDR13,OUT046,1925.9878020344124
FDB09,OUT010,163.28496525504247
FDZ60,OUT013,1811.203296834218
FDB11,OUT046,3597.600314650175
FDC10,OUT018,1661.033173122841
FDW56,OUT035,3254.819919078149
FDK14,OUT027,2894.10354088477
DRE27,OUT027,2928.140961101886
FDA38,OUT017,3880.3503995180536
FDT11,OUT045,2949.34677205502
FDP15,OUT035,4205.120846875148
FDV27,OUT035,1589.9460700634138
FDS36,OUT027,3242.562254226107
FDY40,OUT027,2268.4231373379084
NCF19,OUT049,898.0379234421675
FDF53,OUT045,2803.1348480759684
FDS14,OUT027,3950.413867134861
FDE56,OUT046,1077.1671354409232
FDZ19,OUT035,2999.356239358646
FDZ46,OUT013,1867.0351438971795
FDR16,OUT046,3340.6284590072296
FDG29,OUT018,446.5342382954354
NCE30,OUT017,3429.1392608721153
FDZ40,OUT046,879.1168397929798
FDG58,OUT018,2210.5809188223725
DRH03,OUT013,1520.3605985157415
FDZ47,OUT045,1541.3648882758673
FDV04,OUT018,2213.069783783412
FDZ10,OUT018,1766.937750319918
FDG46,OUT017,1925.4285510868729
NCF07,OUT045,1500.1194398638343
FDY44,OUT035,3278.241042787423
FDB21,OUT013,3909.6699892992333
FDS20,OUT035,3080.9237219490356
FDS49,OUT049,1431.308386885809
FDX55,OUT027,4988.956630906109
NCQ02,OUT018,2666.3108125891713
FDR25,OUT013,4254.000022242065
DRG39,OUT045,753.5555624032847
FDB46,OUT046,3366.6063534564055
NCC30,OUT018,2545.078038032694
FDE58,OUT035,2067.995022120964
FDC05,OUT019,1217.8905933923943
FDY15,OUT046,2456.5276512832834
FDG14,OUT046,2432.8490423553826
FDL08,OUT049,3982.8179875924593
FDQ47,OUT013,648.7015096040267
FDN12,OUT035,1917.8607805990314
FDW10,OUT013,2891.0694382765296
FDD02,OUT035,2077.4555450255034
FDX35,OUT010,1746.558624147202
FDT35,OUT046,2709.1052910688604
DRN47,OUT019,1000.6766510964351
FDB11,OUT010,1711.2510651366363
FDN20,OUT045,2660.60555994398
FDB59,OUT035,3311.2829941811415
FDJ58,OUT045,2668.435789057734
FDU60,OUT046,2691.642549765157
FDS03,OUT049,1199.7909706178225
FDU40,OUT019,1160.9059706433027
DRH15,OUT049,770.2488990582524
FDD04,OUT027,3744.179548060902
FDQ01,OUT046,4013.3427789192347
FDF28,OUT035,2134.7433565272972
FDD22,OUT010,0.0
FDY19,OUT046,1940.499640962868
FDN33,OUT035,1636.3044734800662
FDV36,OUT035,2181.027564172515
FDW01,OUT010,584.1598647853898
FDJ28,OUT049,3136.141551038885
FDB17,OUT035,2977.595689239734
FDM40,OUT049,2304.0095733599805
FDV46,OUT045,2179.923905741036
FDQ44,OUT049,2061.905071901716
NCD42,OUT046,638.3987279085873
DRH37,OUT046,2586.478036006927
FDR10,OUT018,2353.7615535211785
NCD06,OUT027,2205.9580911585585
FDI53,OUT046,2533.635967265294
FDG16,OUT035,3541.6536836039795
DRB25,OUT046,1702.0918507921335
FDY09,OUT046,2792.413342531666
FDX48,OUT045,2383.9685165320175
FDC03,OUT010,1197.6649487256911
FDT47,OUT035,1722.5974921022078
FDW44,OUT027,4238.062197859111
FDT24,OUT017,1312.7054594457184
FDT12,OUT019,1715.4395801371606
NCS38,OUT035,1913.9135887173811
FDO39,OUT035,3041.7824177180923
FDA13,OUT046,705.9944148649099
FDO48,OUT035,3648.5291858581636
DRJ01,OUT017,2591.779186483149
FDD53,OUT018,415.3009126813356
NCT05,OUT049,4116.342806311696
FDQ51,OUT045,729.991206701008
FDU60,OUT013,2730.7757692349655
FDC59,OUT046,1070.5621886770061
FDP36,OUT035,1019.1762551409101
NCM19,OUT017,1866.4249982967824
FDL16,OUT035,861.4162996926663
FDE50,OUT018,2773.469417996983
NCR18,OUT013,783.9045387994968
NCD30,OUT035,1685.1751728716793
FDH31,OUT013,1708.36818913269
FDD56,OUT019,881.7755900818725
FDC47,OUT049,3707.272920967268
FDZ21,OUT045,1473.7359952317968
FDM01,OUT049,1765.8622554166345
FDF24,OUT013,1431.1137228085506
FDW23,OUT017,766.9998833334217
FDY52,OUT018,755.5496214659572
DRH37,OUT027,4053.9897753922473
DRO47,OUT027,3295.58252249232
FDR25,OUT049,4311.283650997988
FDQ24,OUT027,5436.350168715312
DRJ51,OUT018,3288.0881899701862
NCU06,OUT035,3725.352491837497
NCV18,OUT018,1017.475177668472
NCC06,OUT027,3481.406562518554
FDZ01,OUT018,1477.5129413629277
FDT14,OUT017,1990.800889860119
FDD11,OUT019,2124.6715080871804
FDN09,OUT017,3948.672505318919
NCO18,OUT010,904.2499725200393
FDZ50,OUT045,2819.72518455807
FDS44,OUT013,3862.5579803739747
FDI36,OUT045,3070.181833202384
FDA26,OUT010,1538.7028225122629
NCY53,OUT049,1887.506436767552
FDF32,OUT049,3289.9480292406843
FDF59,OUT010,166.66046923591148
FDB20,OUT046,1294.1699207896681
DRH11,OUT035,1097.875424077644
FDT03,OUT049,3067.369642023208
NCH06,OUT035,3959.374033196505
FDR55,OUT049,3097.2470292266157
FDI10,OUT035,2867.6046636620345
FDZ12,OUT045,2185.306629980813
FDM12,OUT049,3075.4887453095234
DRB25,OUT045,1637.821956285283
NCS41,OUT013,2945.168866067539
NCT53,OUT049,2667.3619449554967
NCD55,OUT013,712.2365641377778
FDY08,OUT049,2367.565930073824
NCP55,OUT049,989.802348218129
FDA33,OUT013,2429.7000354675324
FDQ33,OUT013,2428.074020899656
FDE45,OUT027,4374.056907092519
FDT26,OUT013,1982.1920809679848
NCV53,OUT049,3853.7810631729176
FDK60,OUT027,3055.7939082661705
NCJ29,OUT046,1348.2196736557698
FDI15,OUT045,4066.3733604590257
FDX21,OUT013,1839.554189896942
FDV49,OUT019,2306.579259831342
DRO59,OUT046,1267.278124050898
FDZ14,OUT045,1879.2860071251764
FDP32,OUT027,3533.5445354336825
FDC33,OUT017,3282.1378899061647
FDT14,OUT010,19.36443099302386
NCN54,OUT027,2723.682601831024
FDR57,OUT027,3959.985076519589
DRK12,OUT046,549.7791164810667
FDX52,OUT049,3169.5506985784764
FDX08,OUT010,1018.6104132197229
FDP10,OUT010,0.0
NCP50,OUT045,1203.3414856231557
NCL06,OUT013,4107.675258549084
FDP25,OUT013,3580.119307830807
FDE53,OUT013,1743.9764313322705
FDL27,OUT017,1220.5562910217855
FDC35,OUT049,3402.29747757127
DRJ47,OUT010,848.4936312637251
FDD16,OUT018,973.7468466902303
NCN42,OUT049,2401.6945037287696
FDC38,OUT027,3629.331565818627
NCO07,OUT045,3272.198938802132
FDQ20,OUT049,809.0284670277715
FDI32,OUT046,1839.8349196152706
FDN20,OUT010,878.1163727073304
DRJ51,OUT027,5006.682285332962
FDU08,OUT045,1562.7510047108974
DRN37,OUT019,723.8393958173406
FDD05,OUT010,72.60068617758066
FDW15,OUT046,2390.235315381719
FDI52,OUT046,1969.718632223161
DRM11,OUT049,4217.8071561628985
NCO06,OUT045,438.98434993716575
FDU38,OUT049,3084.7779399674278
FDU59,OUT018,2319.1288261494274
FDJ10,OUT046,2201.790077941396
FDM13,OUT049,2243.1205817339496
NCJ30,OUT019,717.9282872910994
FDM45,OUT018,1687.826237732366
FDP36,OUT045,776.1673432453272
NCD30,OUT010,0.0
FDN48,OUT017,1622.6377790968766
FDY32,OUT049,2684.759197105267
FDU47,OUT046,2267.604755793835
FDF17,OUT019,1233.8327329988601
FDP34,OUT017,2577.7930123852125
FDA47,OUT049,2689.4110567337652
DRD27,OUT027,2994.6592841768797
FDW38,OUT045,798.8818515273317
FDZ15,OUT019,27.660261874808214
FDZ03,OUT027,4420.77616138873
NCN19,OUT049,3071.4429670050117
FDG02,OUT035,3209.7645328632243
FDS31,OUT035,3083.321263883713
FDW43,OUT019,1762.916094123089
FDZ47,OUT010,0.0
FDO57,OUT017,2646.592027531905
NCL07,OUT013,718.328856116906
NCV42,OUT013,1806.8604281779485
FDP40,OUT017,1898.7620967815403
FDP48,OUT019,1045.762106357632
FDH21,OUT017,2785.333112185395
NCP02,OUT049,1043.6285406777786
FDK24,OUT049,865.9658420687147
FDC41,OUT045,1135.0453501731447
FDF08,OUT017,1540.4921630071888
FDO49,OUT017,1002.0950840452278
FDS56,OUT027,5632.603207899042
FDX46,OUT018,746.6752363358669
FDQ07,OUT013,3582.826200713364
FDC32,OUT010,0.0
FDT21,OUT019,2030.0514122939055
FDG58,OUT045,2398.879833739814
FDW14,OUT049,1475.9532885098886
DRA12,OUT027,3692.532941848178
FDV27,OUT013,1524.7065981045578
DRD25,OUT013,1842.5492052380184
DRF48,OUT027,4408.275394004148
FDX24,OUT017,1617.1589554022958
DRJ51,OUT046,3536.019140752759
FDE45,OUT045,2836.0942298993255
FDE14,OUT046,1684.0622639555443
FDG53,OUT045,2128.547661402662
FDT08,OUT046,2421.2234221604463
DRC27,OUT027,5283.474269369474
FDG20,OUT035,2975.3183765373306
FDC21,OUT046,1794.0957413688566
FDV31,OUT018,2584.5530248174196
FDB58,OUT045,2198.120171302039
FDV23,OUT046,2006.4473161601509
FDA25,OUT019,0.0
FDC15,OUT046,2477.5414478440957
FDU47,OUT049,2314.475052801298
FDE23,OUT013,886.8214255662706
FDS08,OUT013,2917.431750021219
FDW03,OUT027,3185.6371579004035
FDJ60,OUT018,2344.040999511936
FDM34,OUT017,2165.3941894067316
FDW33,OUT013,1757.8078231781585
FDZ40,OUT013,963.1705164048517
FDE33,OUT018,1100.7039731143705
NCC06,OUT010,128.31707465621452
FDU11,OUT046,1929.0113538511168
FDL44,OUT017,2742.9375090967883
NCZ29,OUT017,2111.532027025774
FDG28,OUT010,1974.3913134120257
FDL12,OUT018,722.008856276416
FDD52,OUT017,1801.2912299640782
FDO15,OUT013,1279.0358995604229
NCN29,OUT027,2300.4369137964763
FDW36,OUT013,1808.8247295266112
FDB21,OUT046,3808.5546988924434
FDZ28,OUT013,2115.3490858594623
FDY10,OUT035,1989.7668678854309
DRG39,OUT017,903.1884841342
FDN28,OUT013,1714.7672586969916
FDV15,OUT035,1825.3058566164948
DRI13,OUT035,3566.425962658446
FDH20,OUT046,1608.0840357452453
FDY51,OUT013,3555.6691148216373
FDE16,OUT013,3343.802811228154
FDX40,OUT018,358.4027736121414
FDC48,OUT018,1072.9401653426416
FDS14,OUT046,2465.852289174732
FDX56,OUT017,3437.306218875671
FDI10,OUT046,2716.760718080009
FDI14,OUT013,2370.57697648342
DRM48,OUT013,649.5749057187214
NCH07,OUT027,3948.0284251913945
FDY26,OUT013,3381.8795092426617
FDD02,OUT027,3431.31330950224
FDM12,OUT046,2988.3252780771504
DRF01,OUT010,365.9714280327996
FDV36,OUT046,2044.1279886589236
DRI59,OUT013,3603.882358851978
FDV03,OUT018,2249.451131592479
FDO39,OUT017,2996.5130977374492
NCB07,OUT018,2821.0223820496126
FDH38,OUT027,3393.5799569738924
FDZ13,OUT035,995.1908365293068
NCZ30,OUT046,1925.237239391514
NCA06,OUT035,693.2449895233526
FDB04,OUT049,1483.4817366549962
FDN50,OUT013,1621.2654758385784
NCG06,OUT049,4099.30481913864
NCY17,OUT018,461.03667079049507
FDC23,OUT046,2880.1518455885534
FDK33,OUT049,3461.544207936989
FDR03,OUT049,3415.1596054651463
FDZ07,OUT045,1012.8224004813219
FDO38,OUT013,1385.484677715147
FDS59,OUT046,1766.3812473342325
DRM11,OUT019,2203.37588301634
FDX52,OUT027,4545.241792233462
DRJ35,OUT018,735.9077669119708
NCP53,OUT046,3764.9575038261164
FDW15,OUT019,495.8916114095819
DRI47,OUT045,2241.287425456407
DRZ11,OUT035,2078.815858182379
FDS02,OUT013,3130.65545013797
DRD49,OUT018,3445.5742465269564
FDW38,OUT049,933.2828707183285
FDR21,OUT019,926.9175168637146
FDE40,OUT013,1088.2870596232262
FDI02,OUT045,1744.9682312220496
FDQ04,OUT045,592.833772698052
FDY14,OUT017,4250.415962706392
NCT54,OUT046,1505.0391346942088
DRD25,OUT017,1867.0514675955756
DRE01,OUT045,3695.9600551934977
FDJ12,OUT010,1439.6325804904068
NCZ05,OUT049,1750.227159623275
DRB25,OUT019,0.0
NCC31,OUT045,2398.3074898260375
FDM16,OUT045,1161.9604753928586
DRG11,OUT049,1802.118209492715
FDV24,OUT027,3844.975705998847
FDV43,OUT046,797.4963536868859
FDG05,OUT018,2189.7012270555742
FDV23,OUT010,118.96156478357199
FDI58,OUT018,1230.8957708835756
FDQ11,OUT017,4176.459497476386
FDC05,OUT027,4579.829956936346
FDF40,OUT013,3958.252469042575
FDU02,OUT018,3307.0814943537516
FDT32,OUT013,3062.5136525180774
NCF06,OUT017,4169.761503730586
FDT46,OUT013,933.951814873901
FDR58,OUT010,0.0
FDY04,OUT046,2573.307838349484
FDT58,OUT045,2580.0539897285953
FDE46,OUT049,2527.6128555083924
DRH11,OUT017,1033.9121465826843
DRI51,OUT046,2636.1705110566763
FDC35,OUT017,3366.3410613038423
FDP45,OUT035,4129.632512031685
FDC45,OUT017,2808.5543887114386
FDU01,OUT045,2904.4454332727814
FDJ53,OUT010,38.41159142982639
FDJ46,OUT017,2857.5775807874224
FDX07,OUT013,3050.525418639445
NCI30,OUT049,3957.311999167809
FDE47,OUT027,3500.701588756631
FDV48,OUT045,1221.846632827148
FDN16,OUT019,0.0
FDM52,OUT013,2389.917603869054
FDA32,OUT027,4960.815888835515
FDH05,OUT017,3731.1279874664538
FDW25,OUT010,0.0
FDQ09,OUT046,1837.633833548628
NCM17,OUT010,0.0
DRM59,OUT046,2476.6006346844765
FDV47,OUT027,2862.8060382545204
DRE15,OUT035,1282.7374872935643
FDS25,OUT010,0.0
NCZ05,OUT018,1407.4116288144123
NCV05,OUT019,561.5660834956392
DRM37,OUT046,3080.407562345121
FDV58,OUT027,4540.051566340874
FDN22,OUT027,5440.950649860354
NCO06,OUT049,605.9133546613023
FDT56,OUT019,0.0
FDM02,OUT013,1534.2412243372073
FDA09,OUT046,2846.02101856356
NCC06,OUT035,2132.221820630812
NCL54,OUT049,2837.100278875445
NCB55,OUT017,1011.2800177765171
FDB12,OUT017,1789.351228686532
NCA54,OUT049,2891.8809247733616
NCS38,OUT049,1901.3459224377173
FDC02,OUT049,4221.839144322613
FDK44,OUT019,878.307359739613
FDE16,OUT035,3415.240822041077
NCS05,OUT035,2251.7758113031623
FDZ59,OUT045,2580.0900116920484
FDI20,OUT017,3509.2227655455076
FDQ14,OUT046,2383.71063415402
FDF53,OUT017,2951.1830665638972
FDW25,OUT017,1527.0511347689528
NCQ43,OUT010,0.0
FDX52,OUT013,3099.8190352181646
FDE28,OUT045,3506.0305652346815
FDN15,OUT017,2335.193252516927
FDO28,OUT017,1994.396021473836
FDQ33,OUT045,2335.498102638189
FDM22,OUT010,0.0
FDJ03,OUT017,892.1276777410997
FDI16,OUT045,797.4387524575159
FDI09,OUT027,5384.207800262105
FDX55,OUT013,3549.7177979571825
FDS23,OUT027,3529.10630291117
DRC12,OUT045,2950.1567136406097
FDH41,OUT049,3484.830524486712
FDN01,OUT013,2861.7666810712853
FDV55,OUT045,2271.0478861082956
NCJ19,OUT013,964.4747108770816
NCY29,OUT010,0.0
FDP03,OUT018,1725.0347407231213
FDZ52,OUT045,1687.8185349587593
FDH31,OUT010,0.0
FDQ19,OUT018,3599.6723932791074
FDS15,OUT035,1863.0191865432496
FDN32,OUT017,3044.7971721751796
FDH32,OUT049,1726.4669216342315
FDF33,OUT017,2000.639060458003
FDJ22,OUT046,3020.5393486268376
FDG56,OUT010,0.0
FDC05,OUT046,3079.7212503904348
FDK09,OUT013,3648.1229749422446
NCV29,OUT045,2726.7588100053454
NCC43,OUT019,1991.2588430665633
NCA42,OUT049,2550.1890677392626
FDC10,OUT046,1902.7530834247198
FDC16,OUT013,1477.585268302826
NCL17,OUT013,2289.8297831915656
FDA51,OUT035,1936.1807375063356
FDW01,OUT017,2565.663128923665
NCF30,OUT045,1918.3764558328905
FDN49,OUT013,789.2485964427902
FDY20,OUT045,1429.730438597316
FDC15,OUT045,2376.04068417747
FDY24,OUT046,885.008665030901
NCG43,OUT017,1577.1655811389885
FDA48,OUT013,3580.4753450699104
NCF55,OUT017,696.1662125328864
FDL38,OUT049,1602.4355770643563
NCQ29,OUT018,3785.6899387181857
FDC34,OUT017,2566.8140155639803
FDP36,OUT027,2348.1927654518595
FDN50,OUT010,0.0
FDO23,OUT049,1621.4988340476484
FDT56,OUT013,1063.1822624498543
FDT13,OUT027,4515.53399189952
FDZ03,OUT013,3012.4972425506107
FDQ03,OUT010,1839.5989530113507
FDU44,OUT045,2546.0740014440253
FDD03,OUT049,3714.0927772389864
NCH30,OUT013,1822.794065906589
FDS60,OUT010,986.0087827778341
FDG08,OUT046,2746.472242193713
FDX38,OUT017,881.8771416246618
FDD22,OUT017,1914.2464567373415
FDW51,OUT013,3415.678510175903
FDL09,OUT017,2774.015711045803
FDZ60,OUT045,1665.9383938009735
NCH07,OUT046,2480.45815302021
NCQ41,OUT049,3202.9643666516995
FDW04,OUT049,2131.708513022205
FDI08,OUT027,5443.266591882397
FDR19,OUT019,454.3130347190933
FDV13,OUT046,1451.3537528330794
FDB52,OUT017,4125.881581268823
FDZ48,OUT027,3277.645882030186
NCO14,OUT049,829.6505557311061
FDZ50,OUT013,2964.962805912407
FDN27,OUT019,8.37201062366205
FDQ60,OUT013,2015.5029160444394
FDR49,OUT017,903.5883775027878
DRJ35,OUT027,2519.477285086731
DRI49,OUT017,1381.2953641498657
FDB47,OUT017,3415.948549226423
FDP37,OUT010,134.48155094743896
FDR26,OUT049,2873.6398725861495
FDY31,OUT019,478.05143800627883
FDC11,OUT045,1399.2997995731155
DRP47,OUT035,4076.604322486639
NCY54,OUT018,2383.904123625525
FDR27,OUT046,2129.892514938014
FDQ21,OUT019,92.12458711034861
NCQ29,OUT035,4240.249799853387
FDJ02,OUT046,2396.2082916502645
FDE21,OUT018,1627.2131817611116
FDM39,OUT046,2810.0179949015383
FDZ01,OUT017,1793.7479767996535
NCB19,OUT018,1088.6163780930688
FDU03,OUT046,2893.72700541841
FDP27,OUT049,3073.6185046011988
DRF01,OUT045,2200.027476487087
FDM03,OUT049,1831.0820668281494
FDV01,OUT046,2516.700401161688
FDS16,OUT046,2316.0022881210243
FDO45,OUT035,1598.356864693948
NCX06,OUT035,2977.035558442923
FDP13,OUT046,695.725802346346
NCR38,OUT018,3659.1986964388943
FDA01,OUT013,1065.9243602525542
FDT26,OUT017,1969.532505277887
FDD44,OUT027,5585.180510379045
FDB26,OUT013,1013.6497002840481
FDP45,OUT019,2064.014835951335
NCP55,OUT046,930.501337187216
FDT23,OUT017,1383.3086575296597
FDO51,OUT045,662.6900516605053
FDA44,OUT046,1001.1953674866616
NCJ31,OUT018,3468.4414222744317
FDX37,OUT045,1581.3752454648527
NCD18,OUT049,3673.2380448939325
FDN40,OUT027,3910.6610016048644
FDL33,OUT017,3174.9656241531266
DRF48,OUT035,3107.0858835379827
FDW08,OUT035,1861.116452674239
FDX39,OUT018,3125.52196256806
FDB38,OUT049,2709.8565687545483
FDY46,OUT018,2693.86604412029
NCB06,OUT049,2591.889922657837
FDA34,OUT035,2929.980228787252
FDA35,OUT045,1875.7715729434412
FDQ07,OUT035,3641.861991911268
FDU32,OUT045,1943.156364451293
FDU26,OUT013,1991.7796175771796
FDU13,OUT010,443.31353388008927
FDO09,OUT035,4280.980952227598
FDW03,OUT019,0.0
FDB38,OUT013,2668.003761619748
FDL26,OUT010,618.2239547158173
NCN43,OUT045,1902.2597291426364
FDH08,OUT045,3634.620891353569
NCC31,OUT019,582.2210667566757
FDH14,OUT035,2417.1010058171237
FDL40,OUT017,1685.767792036309
FDD20,OUT035,2166.750674956977
NCV53,OUT035,3926.7347530823567
FDD16,OUT045,1129.4899181004932
FDP24,OUT035,2072.7298114463547
FDQ25,OUT045,2727.6698606590394
FDM38,OUT035,1064.732807697374
NCT18,OUT010,918.8331273299641
FDM34,OUT049,2213.689735652004
DRH37,OUT010,743.4738805367506
NCE07,OUT013,2317.6641353598543
FDG12,OUT013,1993.4147237223826
FDB59,OUT010,1275.1659717054229
FDS10,OUT018,2589.1438321749783
FDN21,OUT010,691.6045845548222
FDM02,OUT045,1407.5966030136447
FDO44,OUT049,1937.257989030102
NCN17,OUT017,1731.1948191196498
FDH16,OUT018,1217.8032440063857
FDL44,OUT046,2607.9496437784674
FDY47,OUT017,2169.3995173594512
DRI39,OUT046,824.8706503786161
NCX54,OUT018,1380.2355798994317
FDE59,OUT046,661.8235624629559
FDO46,OUT045,2934.878095724349
DRE13,OUT046,1414.8556815417537
FDW14,OUT013,1489.8717059817488
FDF35,OUT046,1748.4028263675943
FDO50,OUT019,0.0
DRF49,OUT017,1916.441806544035
FDT60,OUT049,2113.8972775034335
FDP38,OUT045,802.1430208713083
FDA31,OUT027,4249.248650933593
FDY52,OUT010,0.0
FDD03,OUT027,5111.52874468498
FDN52,OUT018,1097.3298922003798
FDU20,OUT010,94.00474528078962
FDD22,OUT035,1906.9837767287302
NCB55,OUT019,0.0
FDN27,OUT045,1865.1286482944643
FDD16,OUT013,1308.7791423676892
FDW48,OUT046,1311.8697498331906
DRN35,OUT045,546.2165493654602
FDX25,OUT049,2991.6546832116114
DRD49,OUT049,3772.9640474266084
FDE21,OUT019,0.0
FDN44,OUT035,2720.6303188354377
DRC01,OUT049,882.0668139908246
NCK30,OUT046,3931.908841855915
FDU39,OUT013,1064.2512604173676
FDB49,OUT013,1675.3263879937924
FDS12,OUT045,1929.6966486567035
FDR57,OUT018,2246.1744835948284
FDX22,OUT027,4791.4428285742715
FDC60,OUT013,1525.408746393077
NCE42,OUT049,3729.4456000735663
NCK42,OUT049,3474.9411291004326
DRE01,OUT017,3874.9188028036915
FDE57,OUT018,2043.2778468966683
DRK59,OUT019,1810.698727173647
FDB10,OUT027,5192.612269102722
FDQ25,OUT046,2807.411132668966
FDY26,OUT017,3408.0053380653862
FDG28,OUT049,3922.710963169231
FDM14,OUT049,1892.5955421510223
NCH29,OUT049,1677.925761834085
FDD48,OUT049,1955.4535270857843
FDC17,OUT045,3255.413001591999
DRH49,OUT027,2803.3058870917876
FDN44,OUT018,2342.05929390009
FDC29,OUT045,1760.3160252894518
DRK01,OUT019,0.0
FDD48,OUT017,1947.4711902251195
FDB59,OUT013,3224.339246576455
FDY45,OUT010,2115.538185075448
FDX60,OUT035,1421.340174348003
FDT09,OUT010,240.26386474249477
DRB24,OUT018,2170.1548854610946
FDL13,OUT035,3827.715271193893
FDN16,OUT035,1784.8249265794002
FDK57,OUT013,2005.733500331393
FDO22,OUT027,2799.0793360730345
FDC57,OUT010,1240.7409811289763
FDZ13,OUT027,2330.572927466156
FDW27,OUT013,2526.748882531441
FDX10,OUT049,710.3350328344218
FDY08,OUT018,1999.8971982217229
FDA49,OUT017,1537.7269426661687
FDC32,OUT018,1303.9718009476921
FDO04,OUT035,1033.799783090711
NCZ54,OUT013,2565.1180975052785
FDY40,OUT045,729.7946183256904
FDW36,OUT045,1672.8967953781953
FDE11,OUT017,3020.1237219263817
DRE37,OUT045,2895.94243733383
NCK19,OUT017,3122.141704997308
FDT19,OUT035,2942.8087229102084
FDE56,OUT045,972.5771557850439
FDZ57,OUT010,155.2697090794556
FDB35,OUT035,1683.1414384277223
FDF09,OUT010,0.0
FDO34,OUT046,2691.8124210083106
FDA55,OUT046,3603.0225384917812
NCM18,OUT035,1100.9161086994543
FDJ20,OUT019,101.57035913121825
DRQ35,OUT019,132.98485517733474
FDG02,OUT013,3132.1277646586814
NCU29,OUT018,2037.550156978399
FDL27,OUT027,2556.1406669482108
NCA54,OUT035,2943.1543621859937
FDJ32,OUT035,1223.0124023422125
FDB21,OUT019,1925.4889129496855
FDR46,OUT035,2454.1448278945404
FDZ32,OUT046,1751.306386145821
DRF36,OUT017,3082.4904013347286
NCU54,OUT017,3358.4599795632903
NCI31,OUT017,671.7830420846351
DRA59,OUT035,3019.4350988891747
NCC55,OUT045,533.4837956227304
FDE44,OUT018,589.9847155422485
NCN26,OUT018,1557.1088896809165
FDC11,OUT049,1539.8976284960172
FDV24,OUT035,2522.0575965150565
FDR40,OUT019,0.0
NCQ17,OUT049,2572.2766219192367
FDC46,OUT045,2854.0213305438915
NCM18,OUT046,993.4471915060024
FDK16,OUT046,1545.7193391187036
FDI28,OUT017,1409.3847740988024
FDS11,OUT018,3304.0787871743587
DRD13,OUT046,1056.6877623932417
FDL36,OUT035,1589.5247435410604
FDI27,OUT013,846.0018750021046
FDJ53,OUT019,0.0
FDS44,OUT045,3749.9053300548785
FDE28,OUT046,3605.960403231726
FDQ33,OUT018,2148.7461592593936
FDB37,OUT017,3877.00548507303
FDQ31,OUT045,1377.94872471359
NCQ05,OUT046,2383.9096819437323
FDE10,OUT013,2146.2004557937303
FDF38,OUT017,829.4513083418839
FDE50,OUT019,1127.708127094036
DRG37,OUT010,574.8073812702396
NCH06,OUT049,3957.6558039778483
FDY14,OUT045,4076.0211303845977
FDO27,OUT017,1628.02757367171
FDQ19,OUT049,3954.8547439340427
FDZ26,OUT019,1795.9288615600758
FDN51,OUT013,4194.49954183818
FDK20,OUT035,2156.1789632049185
FDD40,OUT018,2784.0101207873663
DRI25,OUT018,672.1966755422841
FDH56,OUT017,1998.7264367539167
FDI36,OUT027,4600.434699757812
DRH11,OUT018,686.7197278562899
NCV18,OUT017,1397.1878904952493
DRI01,OUT049,2816.007037133974
DRE48,OUT049,3224.930863528983
FDS51,OUT035,1170.0246132769234
FDM38,OUT017,980.6072083735535
FDB60,OUT027,4553.684982175087
FDY58,OUT035,3763.2799929609873
FDY22,OUT045,2199.1126960183683
FDF11,OUT027,5278.348534220254
FDZ51,OUT035,1734.615694004383
FDQ45,OUT017,2998.158718612203
FDF17,OUT035,3242.7172568337996
NCF31,OUT027,3855.992013058705
FDA37,OUT013,2113.03204178348
FDO51,OUT046,762.5585963848612
FDF34,OUT013,3212.115947677974
FDD57,OUT018,1346.4200015832284
FDO37,OUT046,3655.661177480225
FDR49,OUT049,955.0518639251791
FDS39,OUT049,2387.5406090521974
FDI48,OUT027,2363.885708543016
DRM35,OUT049,2935.810342977963
FDV57,OUT035,3022.8538999436387
FDZ55,OUT013,2685.6403840033067
FDI28,OUT035,1414.413527714198
FDS21,OUT045,991.3672068545075
FDT34,OUT013,1753.6271755107464
DRI25,OUT035,1039.935102409934
FDT47,OUT010,0.0
DRH39,OUT045,1069.6047799741739
NCD54,OUT045,2203.967384849907
FDU16,OUT027,2845.3850553819148
NCW29,OUT045,1996.6987871999158
FDV25,OUT027,5014.398495282842
FDM56,OUT035,1950.387715288184
FDZ04,OUT027,2541.125556021245
FDG59,OUT019,0.0
FDI56,OUT045,1434.1047239835082
FDS33,OUT035,1566.646824208198
FDC23,OUT049,2925.508347094241
FDT11,OUT049,3065.1461593370227
FDG17,OUT045,3784.2546378146158
FDZ44,OUT045,1872.5685402498304
FDJ52,OUT013,2620.2311023294305
DRI23,OUT046,2526.6243389302117
DRE15,OUT010,0.0
NCF07,OUT013,1665.4636943273597
NCR29,OUT049,1015.117877061565
FDE44,OUT019,0.0
FDT23,OUT035,1459.6637129011144
NCG06,OUT017,4137.796632113115
NCU41,OUT010,1138.0664183238252
FDH46,OUT017,1762.0120915768637
FDV31,OUT013,2916.5688202129895
NCT41,OUT027,3907.266476786709
FDE22,OUT027,4037.051715848999
FDC26,OUT045,1722.9986455283859
DRF51,OUT017,617.4285632848439
NCY53,OUT019,0.0
FDY21,OUT017,3200.429760708795
FDL27,OUT013,1160.3193860548736
FDZ34,OUT049,3196.8273558862466
NCF43,OUT010,375.62071925529153
FDC21,OUT035,1937.1925236755424
FDL26,OUT013,2587.504562975063
FDT25,OUT010,94.21127724299282
NCR30,OUT046,1181.5372336004891
DRL23,OUT019,0.0
NCR05,OUT049,3207.39689552279
NCE19,OUT018,590.8572281368304
FDY07,OUT035,951.4658874663116
FDB10,OUT017,3812.0610449865
FDP57,OUT013,1762.3323563548
FDU48,OUT019,214.5317292856211
FDH48,OUT035,1538.522957464155
FDO33,OUT035,1994.6645014766927
NCU29,OUT045,2280.038414595909
FDW35,OUT046,746.8388782606974
FDH05,OUT010,1750.024056769342
FDP26,OUT049,1755.2423995259683
DRG27,OUT035,755.6296955967423
FDQ33,OUT046,2415.2695922594894
FDH20,OUT010,0.0
FDV14,OUT046,1442.7104577997643
DRD01,OUT046,893.3609458018766
NCI17,OUT049,1616.0794954151868
FDF39,OUT010,2255.042334482283
FDX37,OUT046,1665.7805504279766
NCX17,OUT035,3818.400739629951
FDN03,OUT013,4046.2250764494825
NCS41,OUT010,1005.377706135898
FDH34,OUT045,2862.247060221875
NCX53,OUT018,2008.3306251485872
FDY31,OUT046,2407.520384523607
FDD20,OUT017,2174.1226036171242
FDE51,OUT045,672.2556751994683
FDV27,OUT046,1436.0056138837988
FDF16,OUT035,2488.8223563513766
FDZ02,OUT049,1634.7741647882644
NCK05,OUT045,953.9061671916445
FDM12,OUT027,4496.1464622239955
NCA05,OUT018,2122.9998469171614
FDX33,OUT045,2459.122478384292
FDM25,OUT049,2914.690973073198
FDE41,OUT018,1121.7026247915207
FDW14,OUT045,1353.956449852676
NCD30,OUT046,1515.74415263355
FDB23,OUT010,1737.3185535214416
FDF45,OUT046,1055.767542450151
FDW20,OUT017,2149.6826306203816
FDF47,OUT045,3474.096396361001
NCR05,OUT019,1258.5013441495655
DRB01,OUT046,2946.9433882405024
FDE36,OUT013,2691.0476919824937
FDU56,OUT049,3061.4039538002926
FDB23,OUT049,3688.097177962266
FDN48,OUT049,1579.5331012631843
FDS43,OUT013,3091.6171234107323
NCN05,OUT013,2971.888694381561
NCL53,OUT049,2877.0225718023203
FDL56,OUT046,1442.8808274412838
FDH17,OUT018,1292.879143373276
FDP37,OUT046,2038.6010483263321
FDG09,OUT019,1145.7756567137662
FDA55,OUT045,3500.0307507944212
FDX31,OUT049,3845.654424065607
FDJ41,OUT045,4044.6488539955785
DRC24,OUT045,2396.8155727604585
FDQ21,OUT035,2120.12065771826
NCT54,OUT045,1394.271737613904
FDH08,OUT049,3778.3030147905442
FDY38,OUT018,3391.3426475208025
DRM11,OUT010,2229.525377520374
FDG32,OUT049,3610.401433418073
NCH18,OUT046,3825.8586186952894
FDI20,OUT035,3531.308730240965
FDA33,OUT018,2094.670589301947
FDN45,OUT013,3578.0346018592163
FDT45,OUT010,0.0
FDR32,OUT035,3794.2911764087075
FDA48,OUT017,3578.58749230843
FDN23,OUT017,2421.7224570615554
NCR18,OUT035,842.9505193404407
FDD45,OUT046,1556.956050716399
FDI22,OUT018,3007.1546490209066
FDT09,OUT013,2202.902063031348
DRC24,OUT027,3914.614478626521
FDT39,OUT046,2407.9801310610883
FDX28,OUT045,1494.458270758106
FDA50,OUT018,1253.6380296947648
FDT33,OUT027,4160.278934843531
FDQ60,OUT049,2021.6827794274384
NCM19,OUT018,1519.221965937753
FDF40,OUT046,3905.184579209604
NCI30,OUT035,3960.57206890959
FDK34,OUT049,3854.679317800978
FDA38,OUT027,5240.757531104808
FDT02,OUT045,560.6026319793566
FDC11,OUT017,1534.9051087897271
FDD08,OUT046,736.5923701755107
NCS29,OUT046,4121.745094408101
DRI03,OUT010,845.9657792780266
FDK48,OUT035,1357.6541403576975
FDM52,OUT049,2470.5021213369337
FDP49,OUT035,1117.2486527853293
DRA24,OUT046,2598.2789509368968
NCJ43,OUT049,2794.9726205766465
FDE11,OUT045,2859.7268153430477
FDP01,OUT049,2576.4574543204944
FDQ59,OUT018,1137.9833839210276
FDA43,OUT019,1225.9273237006616
FDL14,OUT017,2603.040838868814
FDV50,OUT010,80.26897564062239
FDT01,OUT027,4816.818976162751
NCC42,OUT035,2363.7378119436476
FDO28,OUT046,1892.0199630341117
FDD32,OUT019,0.0
FDV45,OUT035,3094.2639048821825
NCW17,OUT019,129.85024719385632
NCJ17,OUT027,2836.0470807560987
NCF18,OUT049,3059.4836427099203
FDP01,OUT045,2398.6896524493177
FDH24,OUT045,2447.764838930353
FDI38,OUT027,4830.017892709193
FDX03,OUT035,920.8599982411897
FDY28,OUT046,3340.3382958140955
FDN34,OUT018,2457.671910233124
FDJ02,OUT045,2350.552611180409
FDW40,OUT019,318.3983254130191
FDX03,OUT017,853.8185059800501
FDE17,OUT027,3888.0133917629378
FDT58,OUT046,2658.273842046315
FDI38,OUT013,3404.7596279818617
FDW22,OUT035,3677.879425166506
FDS15,OUT027,3249.4389673251753
NCX06,OUT013,2914.8906165110857
DRK47,OUT035,3777.62167866147
FDC23,OUT027,4344.538169410845
FDM56,OUT010,0.0
FDP21,OUT046,3022.6924669209316
FDP58,OUT046,3442.388725600697
FDA27,OUT019,2108.5442904345077
FDK41,OUT019,0.0
NCH42,OUT046,3600.3458763030117
FDG29,OUT045,645.66219335661
FDW15,OUT018,2156.2781148278955
FDD28,OUT018,711.1839868935015
FDQ37,OUT049,3183.4409930748034
FDC23,OUT035,3013.952814864373
FDV13,OUT035,1637.825074837645
FDK33,OUT046,3363.515332644529
FDO33,OUT013,1878.3117379911353
FDN21,OUT017,2669.104272964075
NCW06,OUT027,4480.9658852739885
FDI38,OUT035,3473.101192124757
FDC21,OUT027,3260.059904744918
NCS05,OUT046,2117.9747044647006
NCN53,OUT049,723.322250099761
FDV40,OUT010,0.0
FDG60,OUT017,3781.3867440394156
NCY30,OUT027,4337.772759972747
FDM40,OUT045,2146.3694433953397
NCO30,OUT046,2873.66937289323
FDK10,OUT046,2884.104136605131
FDM36,OUT045,2683.7404977468595
FDN10,OUT013,1957.579864551803
FDM46,OUT018,1234.4564043731386
FDX50,OUT049,1864.1239839597413
FDP33,OUT045,3934.6727483483305
FDO12,OUT045,3040.1399683386403
FDC28,OUT013,1828.6375041258923
FDO31,OUT045,1301.9211949374417
FDX45,OUT035,2599.9947424420516
FDV21,OUT049,2083.7766055436873
FDH04,OUT049,1568.2331952565564
NCG54,OUT013,2704.647891233548
FDO13,OUT046,2614.861478692768
FDA09,OUT027,4309.008954601035
FDC38,OUT017,2259.3885829140736
NCO42,OUT046,2261.994904611733
FDL45,OUT049,2086.041015084785
NCK31,OUT013,922.519533551238
FDM39,OUT017,2917.0666142311993
FDC22,OUT010,1135.168104480777
FDF46,OUT046,1849.3552106697916
FDQ37,OUT045,2993.2773631609407
FDH41,OUT010,1466.1841383569008
FDQ04,OUT046,672.5576725114526
NCQ02,OUT027,4442.03821742009
FDJ57,OUT027,4590.994531842321
NCE07,OUT049,2303.759892522589
FDE56,OUT013,1083.7884990117334
FDI20,OUT049,3456.797770536215
FDK36,OUT018,587.6792139253366
FDP08,OUT027,4546.941684279448
FDF44,OUT017,2235.8614956820447
NCU53,OUT017,2741.68434052168
FDF47,OUT035,3717.1086919187524
FDS55,OUT010,537.4172147499372
FDZ52,OUT010,0.0
FDL04,OUT018,1412.6319589943414
NCM26,OUT035,2559.1347040033565
FDX43,OUT049,2811.118979372187
FDP52,OUT049,3672.814310603095
DRK49,OUT045,622.1474348099817
FDE38,OUT013,2737.952288059917
DRF13,OUT035,2442.4780118285917
FDK41,OUT010,0.0
FDJ04,OUT027,3373.8466319993804
FDZ44,OUT018,1692.038474257293
FDS11,OUT013,3646.8789669440766
FDA55,OUT049,3687.0925340534354
NCW53,OUT046,3062.6796937543304
FDB49,OUT027,3105.2181098318306
FDD23,OUT017,3113.337475617179
NCV42,OUT045,1664.7533091264079
NCZ29,OUT018,1764.3380392328913
FDQ26,OUT013,1007.9223436675152
FDV08,OUT017,842.0809505758787
FDC53,OUT049,1706.585504352607
FDV58,OUT010,1218.289180448781
NCP02,OUT019,0.0
DRI37,OUT045,844.9247592626473
FDQ12,OUT049,3730.8216870643337
FDE33,OUT046,1300.5753548301252
FDX27,OUT045,1438.7539191335898
FDM22,OUT017,967.7437552629419
NCH30,OUT019,0.0
FDC04,OUT017,3891.846937659576
FDO38,OUT046,1343.2506787072348
FDV52,OUT027,3328.6362667659196
FDB32,OUT013,1648.2054099584623
FDV43,OUT018,566.6164134844216
FDI24,OUT018,2571.1495533079456
FDR40,OUT017,1428.088626261236
FDW02,OUT049,2074.76191102163
FDE44,OUT049,928.2204445900727
FDL38,OUT046,1505.9571045632285
NCT54,OUT010,0.0
DRJ39,OUT010,1509.1635759455437
FDW55,OUT049,4064.019892587028
DRF13,OUT019,397.1488278542383
NCW17,OUT049,2159.243343452119
FDP13,OUT035,860.5142884703029
FDS08,OUT018,2552.9423278821278
NCP17,OUT035,1169.3675447540675
NCO53,OUT035,2986.287612727644
FDH19,OUT045,2718.545877632692
FDJ04,OUT017,1989.9567444169538
FDG10,OUT049,1055.7047291833042
FDA40,OUT010,0.0
FDI53,OUT045,2475.5297928740692
FDU09,OUT010,0.0
FDK60,OUT045,1522.3915351644434
FDR43,OUT017,721.9003752587876
FDW22,OUT017,3579.8982641798334
DRP47,OUT010,2062.422203335157
DRG48,OUT010,434.23723735305407
FDA14,OUT035,2452.8544840427194
FDU49,OUT013,1541.9654696292114
FDK28,OUT045,3964.8688941167593
FDT19,OUT046,2781.1179873417714
NCQ42,OUT045,1899.276773701451
FDD03,OUT045,3606.0333147381803
NCM53,OUT013,1792.5440569383888
NCX53,OUT045,2173.3580161244176
FDV14,OUT027,2857.5555823245527
NCZ54,OUT017,2612.8503484101834
FDB39,OUT013,974.1103144001652
DRC24,OUT046,2430.0817282084504
FDY36,OUT013,1299.207658091567
FDN01,OUT035,2968.838353569915
DRH25,OUT046,871.5137182698302
FDV08,OUT046,798.5140213929985
NCP53,OUT049,3849.0363706391954
FDU52,OUT010,602.2673939918875
NCI42,OUT045,3172.163358139391
FDZ14,OUT035,2057.2091998555316
FDF11,OUT046,3838.76684804021
FDQ13,OUT018,1188.907738111422
FDO32,OUT010,0.0
DRJ37,OUT018,2156.4754734308513
FDY43,OUT046,2707.684138356187
NCT41,OUT017,2519.0009304042424
NCV17,OUT045,2045.2339496910845
FDM04,OUT027,2357.9593207683756
DRB48,OUT018,384.9403645485391
FDM24,OUT013,2501.70203002601
FDT37,OUT049,4144.071705752178
NCO05,OUT010,0.0
FDL13,OUT046,3720.2475413957095
FDL15,OUT017,2551.929430241931
FDB11,OUT018,3300.123858220124
FDL14,OUT019,642.8796945229991
FDY10,OUT019,0.0
FDJ40,OUT049,1865.1213533033258
NCW18,OUT046,3697.6908391777906
NCY06,OUT013,2084.595691638916
DRE13,OUT018,1118.9603065031606
FDA26,OUT045,3341.177910557253
NCE19,OUT010,0.0
FDE33,OUT035,1499.440584919604
DRL59,OUT027,2380.591503303739
FDY07,OUT046,831.6077570754367
FDF57,OUT018,2498.53879688845
FDM58,OUT035,1913.365834381958
FDP26,OUT027,3126.222527216361
FDY32,OUT046,2651.836601265743
FDD51,OUT010,0.0
FDU22,OUT018,1650.0629841209998
FDZ49,OUT018,3271.0565579284084
NCI42,OUT017,3352.805917075429
FDT04,OUT027,2110.292950077856
NCU41,OUT045,2933.965474224673
FDS56,OUT045,4124.076323829812
NCN42,OUT017,2415.415256420895
FDK34,OUT046,3767.5042953066613
FDB03,OUT017,3841.5231465571937
DRJ25,OUT035,927.158033649828
FDT25,OUT027,3503.7891843578027
FDN20,OUT013,2790.316208599224
FDP09,OUT013,3442.7636477013402
FDM20,OUT019,1991.648685348106
NCG55,OUT046,1798.512493107261
NCP14,OUT045,1559.4441900256465
NCH06,OUT046,3825.570438155278
FDV52,OUT013,1923.4150012224275
NCL07,OUT035,819.1992960434303
DRJ11,OUT027,4497.900369000544
DRO59,OUT013,1295.5664045923609
FDW15,OUT010,489.30974833851866
NCQ30,OUT035,2046.4695962333626
NCN54,OUT019,0.0
FDY01,OUT027,3360.689312898829
FDX39,OUT035,3528.905961062943
FDH53,OUT027,2820.0417499539058
FDA57,OUT035,861.6343502071531
NCC07,OUT010,0.0
FDU28,OUT013,3021.657139133596
FDK36,OUT010,0.0
FDR36,OUT018,479.02711442512157
NCQ17,OUT035,2572.462407019275
FDS28,OUT019,0.0
FDE08,OUT045,2342.5794865245634
FDU22,OUT046,1921.2357779885597
FDG41,OUT045,1681.3702143418998
FDO31,OUT010,0.0
FDM21,OUT019,2139.8270529457777
FDU40,OUT017,3135.934617043953
FDV36,OUT018,1776.118041362423
FDT10,OUT027,2462.801116130033
FDX38,OUT045,722.954705148327
NCU30,OUT027,4039.9132299719636
NCV06,OUT049,3116.062813772495
FDT16,OUT035,4254.712995352071
NCP41,OUT027,3212.7937936572334
FDZ56,OUT017,2828.898625576705
FDC22,OUT035,3165.8321218165397
FDU10,OUT035,807.9646158899641
FDS46,OUT045,1820.9567894386958
FDO08,OUT049,2777.5570936530585
NCV42,OUT018,1468.7356296874848
FDP33,OUT035,4138.9527816650525
FDJ12,OUT046,3280.676782902144
FDH04,OUT045,1376.5291781061408
NCU54,OUT013,3346.380827637633
FDO36,OUT010,980.3655446307534
FDT37,OUT027,5550.734906871689
FDD14,OUT010,1063.7569565254264
FDA16,OUT013,3536.387616080942
NCS42,OUT019,0.0
FDP10,OUT019,0.0
FDQ28,OUT049,2515.8876823443097
FDK57,OUT010,43.466082538105695
FDK02,OUT013,1991.7942457671281
FDW47,OUT018,1703.5581528056837
NCC42,OUT018,1952.613049085591
FDQ37,OUT018,2829.763091238575
FDL40,OUT046,1538.3705652104757
DRE13,OUT010,0.0
FDQ34,OUT027,3139.392935999362
NCB54,OUT046,2041.9476641321996
FDS48,OUT049,2493.0980494121636
FDO15,OUT045,1146.238949775973
NCT30,OUT013,789.1779298342803
FDU49,OUT027,2916.118188009102
FDE21,OUT046,1902.9654672226502
FDS49,OUT019,0.0
FDT38,OUT027,2846.270109118419
FDZ01,OUT045,1634.7919087433768
FDC41,OUT035,1356.3801610607438
DRG13,OUT010,687.906794072233
NCZ42,OUT018,3440.9964150140167
NCM07,OUT045,1295.1072347256181
NCV17,OUT018,1830.615748906976
DRK39,OUT035,1400.852259744308
FDS37,OUT018,1629.2896373462747
FDV12,OUT019,0.0
NCG19,OUT018,3395.2931064958425
FDS51,OUT013,1124.922450422925
NCO14,OUT046,699.0970368963742
FDC38,OUT046,2171.021786463662
FDN15,OUT046,2271.4714090522143
NCH42,OUT013,3625.5324550920996
FDQ22,OUT046,662.5129397883791
FDC05,OUT013,3132.8041684093346
FDZ31,OUT013,3135.3006582253843
DRJ23,OUT049,3117.0895404748535
FDC52,OUT035,2545.1707027379666
DRD12,OUT010,0.0
FDV55,OUT017,2465.59407407765
FDD32,OUT046,1381.044862222851
FDR01,OUT049,3318.1295367909265
FDY08,OUT019,336.04682849927383
FDQ45,OUT045,2877.930096091944
DRN11,OUT027,3767.8150071256164
NCS05,OUT018,1880.9521968297252
FDY32,OUT035,2760.8567111110683
NCD31,OUT045,2521.113511014559
NCE06,OUT049,2611.6023683502335
NCP14,OUT046,1603.5951920111102
NCF18,OUT019,1076.6095110387844
FDF14,OUT018,2198.712997431902
FDB22,OUT017,2553.4446956809734
NCH54,OUT049,2582.145222681082
FDU27,OUT035,968.5610469625065
FDS58,OUT027,4016.846220915075
NCU29,OUT035,2439.360617297343
FDJ57,OUT013,3153.336749031378
FDL56,OUT049,1528.4746153547624
FDH60,OUT035,3243.38266825722
FDN24,OUT018,635.2614118515385
FDD02,OUT017,2070.914106116989
FDP15,OUT017,4175.226500213818
FDB28,OUT027,4577.07236826783
DRC49,OUT045,2213.735244094116
NCG30,OUT018,1661.6700278208157
FDJ14,OUT049,1434.113268668423
FDL52,OUT045,562.7887162953343
NCG19,OUT027,5104.719046486159
NCN41,OUT035,2109.3679871846794
FDW22,OUT013,3600.245554301123
FDI02,OUT013,1896.4263467596215
FDV51,OUT045,2580.918772167174
FDV48,OUT046,1312.4158229337147
NCL17,OUT019,337.0592224752906
FDP46,OUT045,1382.310124687198
FDU10,OUT045,558.7831178362437
FDT37,OUT010,2205.609068073497
FDI27,OUT035,917.4368949522116
FDN51,OUT046,4144.53019076389
FDW07,OUT035,1587.1771444681758
FDN45,OUT049,3613.6427222537204
DRN37,OUT027,4082.1019673941423
DRF48,OUT049,3052.7079564209766
FDP38,OUT019,0.0
NCX18,OUT027,4547.959510334885
FDK45,OUT018,1722.2232222454156
FDZ37,OUT049,1551.6201367301512
FDS50,OUT018,3252.8996013486794
NCR54,OUT018,2785.3424634895637
NCS17,OUT035,1651.4478331617054
FDV31,OUT046,2863.4843392835883
DRE27,OUT017,1547.3288739403313
FDN60,OUT013,2603.806933549999
FDK26,OUT013,3046.6683397677198
FDX37,OUT018,1402.3825254143096
FDW31,OUT046,3178.1131490140388
FDX26,OUT018,2627.392760829852
DRL49,OUT019,351.05899344582247
FDU49,OUT017,1551.050748315084
FDY58,OUT046,3618.6342315534453
FDN03,OUT045,3879.3431736902726
NCV06,OUT010,1138.2896274414034
FDH53,OUT045,1277.4661449210078
FDG31,OUT018,851.4608560485487
NCC06,OUT045,1962.0550192377214
FDS13,OUT049,4308.481739974075
FDP16,OUT035,4025.5423022511723
FDA35,OUT013,2014.795641700676
DRP47,OUT018,3725.906330094309
FDY28,OUT010,1483.9220746649562
FDY20,OUT035,1657.2432531487598
NCH30,OUT017,1842.6671384365713
NCR29,OUT019,0.0
NCP05,OUT013,2447.3551315967215
NCF30,OUT019,30.759800357128654
FDA08,OUT035,2821.956751269136
FDN51,OUT027,5607.370885526331
FDH12,OUT046,1728.4227995208246
FDY39,OUT017,3005.4137903892224
NCO53,OUT045,2799.0027478452107
FDB40,OUT046,2317.760278558068
FDH02,OUT049,1599.8387200307086
FDY11,OUT027,2551.951849295648
FDQ09,OUT019,0.0
FDP16,OUT013,3952.5571482422606
NCF55,OUT018,299.381909186486
FDY09,OUT027,4290.888564369585
FDY39,OUT045,2840.2938807549526
NCU53,OUT049,2686.165182240158
NCT41,OUT049,2499.1242790152887
FDJ45,OUT046,753.0750338476737
FDR28,OUT013,2656.5762137787324
FDN08,OUT013,2007.04843786889
FDJ07,OUT049,1962.4259996387043
FDZ09,OUT027,4082.8658343728284
FDQ14,OUT017,2475.25696274265
FDY12,OUT027,2314.9473757010164
FDK57,OUT046,1937.1630732811252
FDD20,OUT049,2123.232505413904
FDS36,OUT018,1542.6443201282955
FDI40,OUT049,1719.176905231493
FDJ40,OUT045,1698.1988976027399
FDE08,OUT013,2456.8146516331144
DRK01,OUT013,1593.6466548837554
FDC58,OUT049,835.932383054208
FDE50,OUT046,3046.1169731971004
FDX48,OUT035,2589.7706912120884
DRM35,OUT018,2568.2016253737784
FDG41,OUT013,1800.271173963127
FDB52,OUT046,4020.351227161348
FDV19,OUT045,2505.180176391954
DRG48,OUT017,2390.8687518759584
FDI26,OUT013,2973.387654279408
FDU11,OUT019,52.79018549200936
FDF59,OUT019,182.24265723090346
FDR07,OUT049,1702.4762920436042
NCE06,OUT017,2617.5025113913007
FDE10,OUT046,2117.9051228583603
NCO55,OUT046,1723.8051204716405
FDZ13,OUT013,940.7890822887721
FDT50,OUT017,1631.8201522144675
FDH12,OUT010,0.0
FDD21,OUT045,1853.4202883876942
NCM05,OUT013,4190.005034460162
FDK04,OUT013,1036.6133409834954
FDN33,OUT017,1641.9855604399568
NCM18,OUT010,0.0
DRC25,OUT049,1463.2665138165519
FDT47,OUT017,1683.4907121817546
FDD45,OUT027,3061.7321269974627
NCD07,OUT018,1530.134440841478
NCY54,OUT010,788.8959579673094
FDL12,OUT049,1094.2954471509208
FDL02,OUT017,1824.9448198139478
FDC60,OUT035,1604.5789147884411
FDR37,OUT017,2989.9840107922482
FDY16,OUT017,3012.725806858992
FDU26,OUT045,1846.566685520736
FDN24,OUT013,947.146317179758
FDH44,OUT013,2491.3195466829548
FDE23,OUT010,0.0
FDW60,OUT017,2908.16518235706
FDQ55,OUT049,2017.8245038924958
FDV32,OUT027,2541.623651488924
FDV03,OUT010,617.6402488491374
FDY14,OUT010,2281.9087844693545
NCL55,OUT027,5443.953276684126
DRF25,OUT017,741.6418796437974
FDX03,OUT046,777.7624038177
FDF40,OUT045,3825.446075026333
FDX24,OUT010,0.0
FDA25,OUT049,1794.0180940723787
FDH21,OUT018,2402.4944283361074
FDB47,OUT010,1441.0251476593562
FDT34,OUT019,0.0
FDS39,OUT010,396.89778315163744
NCU05,OUT046,1267.3679948767228
FDE02,OUT049,1638.4503400959527
FDL25,OUT035,1632.6695204277123
FDC50,OUT049,1641.633244312645
FDZ32,OUT049,1860.1691669430033
FDV14,OUT045,1330.429976944538
FDR07,OUT045,1540.1980268913474
FDB26,OUT049,1022.97193613422
NCR50,OUT045,2328.1713033899396
FDP01,OUT018,2213.500327945373
FDH57,OUT045,2070.793687523413
FDM60,OUT027,2171.196663485825
FDA45,OUT017,2846.053083015979
FDU55,OUT017,4221.924462655126
FDH40,OUT035,1479.3328598088972
FDG40,OUT019,0.0
FDT12,OUT049,3639.1311804991346
DRL59,OUT045,839.5617202972203
FDT47,OUT018,1364.1632362022046
FDI60,OUT017,1182.2811111930102
DRF51,OUT027,2015.3633666783946
NCK31,OUT049,927.1968084075779
FDB08,OUT045,2530.8126824880337
FDM44,OUT035,1837.3279914868097
FDD46,OUT018,2151.1237268296486
FDR27,OUT019,194.181522563541
FDV56,OUT010,0.0
FDM02,OUT049,1535.793883435346
FDU45,OUT018,1563.7708349022494
FDZ10,OUT017,2111.0435918447465
NCK31,OUT010,0.0
FDR27,OUT035,2299.3266356628887
FDF33,OUT013,1948.1644842782318
FDJ36,OUT046,1673.4027341859953
FDP33,OUT049,4103.148766282414
FDG17,OUT046,3856.2539654059324
FDG47,OUT027,5656.092680183029
NCW29,OUT046,2047.0071511130661
DRH59,OUT017,1288.65987174069
FDR32,OUT017,3753.5504413207614
FDP48,OUT035,3037.8557347053234
FDG17,OUT035,3993.1539680503442
DRJ59,OUT017,800.3734675258772
FDY48,OUT027,3160.9870354893205
FDB02,OUT046,2831.9230767076415
FDN10,OUT019,5.565387274543411
NCD55,OUT035,822.4027624015887
FDX34,OUT013,2017.9496717993786
FDZ38,OUT045,2638.0885880021165
DRF37,OUT049,4193.088397828744
DRL47,OUT019,115.99291123604547
FDL27,OUT035,1231.7614079671446
NCP53,OUT035,3863.1294935182077
FDT03,OUT019,1059.780518619647
FDJ28,OUT035,3176.565079273628
FDF40,OUT018,3638.727402391908
FDA32,OUT035,3616.2750685268043
NCP02,OUT017,1026.3372849257773
FDZ31,OUT045,3031.8660279607725
NCQ29,OUT013,4164.176302584823
FDP57,OUT010,0.0
FDL32,OUT027,3325.4448552481776
DRB01,OUT035,3150.37442208591
FDJ40,OUT046,1757.8119053107248
FDO24,OUT018,2252.471358336522
FDO11,OUT018,3671.0569597150616
FDA56,OUT035,2128.2454690424806
FDF02,OUT045,1658.979688222593
FDA10,OUT013,2010.9075495103996
NCI55,OUT017,2016.0848926729495
FDZ40,OUT010,0.0
FDV08,OUT049,857.807345016224
FDN48,OUT013,1533.0511357910514
FDU57,OUT017,2486.9514411050677
DRF49,OUT013,1876.4362639888523
FDS02,OUT035,3189.6823397780504
FDS43,OUT046,3006.01426644457
FDT16,OUT013,4133.7366655334545
FDX19,OUT027,5200.43612070805
FDK15,OUT046,1607.3799921252385
DRA12,OUT049,2324.58902496435
FDY35,OUT017,893.0752806346034
NCU42,OUT013,2717.885111824305
FDD26,OUT013,3032.125084236325
FDR11,OUT018,2297.4279185663977
NCP53,OUT045,3692.959592822215
FDP34,OUT045,2412.7505917162525
NCV41,OUT019,0.0
FDN20,OUT018,2446.0010355146383
FDZ16,OUT018,2762.7768834185626
FDZ28,OUT049,2115.3652002410477
NCL55,OUT013,4032.5895405465412
NCJ17,OUT046,1346.720527985967
FDT37,OUT046,4078.5701146838273
FDV51,OUT049,2783.468967730327
FDZ28,OUT035,2194.5288436258606
FDN27,OUT013,1977.8080904179308
FDS14,OUT019,606.5046508350681
FDZ58,OUT045,1900.7968170697093
FDD46,OUT046,2457.9724278466515
FDJ03,OUT035,937.4971944673007
FDU03,OUT010,982.3368074083523
FDA33,OUT027,3851.8783700391086
NCW53,OUT035,3159.302460710526
NCC55,OUT017,689.264020161103
FDP52,OUT019,1711.7746295338738
FDE39,OUT049,2011.7888016595614
FDB44,OUT035,3523.8338182265384
FDG59,OUT013,748.3038191869493
FDI05,OUT013,1251.0142832710387
FDF59,OUT045,2016.7324345191246
FDM39,OUT019,945.3995658107199
FDB14,OUT013,1575.4073239354607
NCS05,OUT019,249.8382064901121
DRJ35,OUT045,969.1115557996031
FDO31,OUT019,0.0
FDA31,OUT046,2789.4040680594426
FDX40,OUT049,732.2249779917165
FDW56,OUT045,3013.370764233567
FDH09,OUT018,735.0058554321238
FDA52,OUT019,861.1330323959933
FDF20,OUT019,1290.0786598408454
FDE40,OUT046,988.7306135239164
NCU17,OUT046,1593.8764176554764
NCP14,OUT035,1799.3649068788131
FDN25,OUT027,2438.8534570034694
FDU39,OUT049,1101.4548745537465
NCM05,OUT017,4248.617213978889
FDU07,OUT017,2524.6471746141942
FDF28,OUT049,2106.706142493436
FDR57,OUT049,2629.24635501319
FDJ33,OUT013,2035.24503069336
DRH23,OUT035,1052.3434849613463
FDQ52,OUT046,3900.0662858488186
DRK13,OUT035,3230.340788057997
FDP09,OUT046,3358.7112112841664
FDR08,OUT027,3293.110394475194
FDV50,OUT045,1861.5602065672283
FDT13,OUT049,3152.271310402224
FDJ27,OUT027,3109.2444475327525
FDH21,OUT046,2637.977703692479
FDW14,OUT027,2888.8174058784584
FDL52,OUT049,760.6930847645776
FDW28,OUT017,3190.221685169928
FDL40,OUT049,1664.2833758916138
FDE24,OUT046,2267.956342837192
FDX35,OUT049,3704.5193906025343
FDP46,OUT017,1530.357705556891
FDX56,OUT045,3236.5798804602405
FDQ45,OUT049,3044.850250281922
FDK50,OUT027,4088.1648581038453
FDY26,OUT045,3258.3623903618673
FDQ09,OUT017,1935.3815185394185
FDN39,OUT049,2808.232473196598
FDP13,OUT017,819.7064062391592
FDR51,OUT013,2444.5767606703103
FDZ49,OUT010,1587.0673784555277
FDL28,OUT018,3357.446239026654
FDZ10,OUT035,2161.021796355925
FDK38,OUT013,2467.7360039917235
DRL49,OUT027,3736.4020096223476
FDR15,OUT013,2529.794468148719
FDQ24,OUT035,4114.998069345139
FDD56,OUT013,2901.3686613191353
NCR42,OUT046,532.5040320541282
FDH52,OUT045,970.2855390246125
FDH57,OUT019,245.6957596926712
FDR15,OUT010,638.1232247561802
FDJ34,OUT035,2144.1444734575966
FDW37,OUT035,1668.6736812158777
FDQ23,OUT018,1403.3164014467325
FDP34,OUT013,2565.7731700836785
FDE04,OUT027,4343.192785945603
FDC48,OUT045,1268.950307485263
FDA47,OUT019,667.5435653574807
FDI35,OUT018,2631.23277795978
NCV05,OUT013,2538.6320342420727
FDR28,OUT045,2502.079914677393
FDH31,OUT017,1714.402392906811
FDP59,OUT019,0.0
FDS19,OUT018,1034.2085671052862
FDM60,OUT045,645.614242528344
FDJ44,OUT018,2522.7608776955417
DRH51,OUT017,1410.4460490623187
DRC25,OUT017,1461.4658635575954
DRE25,OUT013,1548.5622094018574
NCX05,OUT049,1913.8308661158242
FDR11,OUT017,2616.711161171808
DRP47,OUT045,3870.8560855029696
DRC49,OUT019,367.8822168662814
FDQ47,OUT027,2101.9896582377087
FDL20,OUT013,1883.737892396149
FDM34,OUT035,2238.609306175351
NCN55,OUT013,3814.6484178467335
FDD41,OUT035,1807.2925421256034
FDE52,OUT049,1543.5128128561394
NCT18,OUT019,900.5508293324763
FDJ32,OUT018,774.6958705520794
FDE16,OUT046,3318.6182407115803
FDZ09,OUT045,2516.9141232220236
DRZ11,OUT046,1945.0106464841456
FDK41,OUT049,1470.6953179765367
FDE56,OUT049,1130.2172026438545
FDH34,OUT013,3021.3942255663733
DRI49,OUT013,1330.6187393530242
DRI59,OUT046,3560.1055502264594
DRC36,OUT049,2831.6082165547355
FDS15,OUT019,0.0
FDI07,OUT018,2867.226449536296
FDZ15,OUT018,1633.9694308396254
NCX41,OUT027,4809.068742048493
NCO29,OUT019,738.6806522692214
FDF57,OUT013,2784.025509258281
FDI33,OUT035,1627.4508504826513
DRJ47,OUT049,2834.8590539335855
FDB34,OUT046,1415.1336764705543
FDY22,OUT027,3741.916891569266
DRL11,OUT017,2625.8001244772395
FDY46,OUT035,3139.074351179061
FDG17,OUT013,3889.185983083572
FDE52,OUT018,1165.1133022581232
DRP47,OUT027,5427.5712193751815
FDO01,OUT010,203.20921705817292
FDL09,OUT046,2682.558106809849
FDR57,OUT013,2584.290077226703
DRD37,OUT035,941.5260915291606
FDQ36,OUT027,2133.136605116687
FDL33,OUT049,3200.0560184191063
FDL48,OUT045,772.2654133634994
FDL28,OUT049,3723.5015056786533
NCN29,OUT046,798.7706933920465
FDO13,OUT035,2805.9816437515465
FDB38,OUT045,2555.3325919595427
FDI36,OUT035,3258.956578048965
FDI58,OUT035,1625.0063009245803
FDH22,OUT018,1787.769750319063
FDQ27,OUT013,1778.446597086437
FDT33,OUT046,2649.4007118169584
FDC56,OUT045,1874.0365083182355
FDF14,OUT046,2516.295469715018
FDQ39,OUT017,3154.2940868154656
NCM43,OUT017,2697.206220166316
FDS46,OUT035,2074.7864550453933
FDI22,OUT049,3367.033157886209
NCE43,OUT045,2583.7714588413696
FDZ36,OUT010,1071.0568929649578
FDR13,OUT019,19.29600877276033
FDP46,OUT018,1189.3613945430666
FDW56,OUT019,1180.49104575348
FDB40,OUT017,2409.3792589265013
FDM28,OUT018,2567.0999107804887
FDV49,OUT013,4279.767195008281
NCS53,OUT018,2211.121678737224
FDO03,OUT049,3728.095197262569
FDT15,OUT035,3075.6518261637725
FDD33,OUT049,3765.588516382437
FDX13,OUT017,4094.442970194761
FDH60,OUT013,3190.5423225296995
DRH51,OUT046,1308.103362703989
NCL07,OUT049,791.1777158499531
FDW51,OUT045,3321.5511385801715
FDF21,OUT019,1125.6918105399304
FDH26,OUT019,393.4062766483216
FDJ03,OUT049,915.6421846116293
FDU35,OUT017,1694.6990399990966
DRL01,OUT018,3370.2945115530983
FDE59,OUT045,600.6553422433052
FDI60,OUT035,1213.661431844464
DRH39,OUT035,1312.614488596591
FDK36,OUT049,944.4025171022092
FDN52,OUT045,1288.7487296459133
FDU12,OUT017,4243.935691096291
NCT05,OUT027,5498.198476001329
FDS37,OUT027,3408.180904367795
FDK24,OUT017,881.0939035185172
DRF36,OUT013,3082.6888801254163
FDN46,OUT010,0.0
NCN06,OUT045,2454.8326127694063
FDD59,OUT035,1490.894681792768
FDM14,OUT045,1748.9138856220168
FDO10,OUT018,695.4902628203479
FDU35,OUT013,1665.5498057707362
NCA30,OUT018,2668.9093579904265
NCO41,OUT049,1659.5239100137949
FDI24,OUT046,2795.834853764073
FDZ16,OUT046,3016.848847957126
FDV47,OUT046,1370.4940182454402
FDV16,OUT045,525.3236799822606
FDZ22,OUT035,1484.0904080463858
FDO20,OUT010,2124.568078810422
FDW38,OUT013,953.3761539578252
FDW52,OUT045,2532.344953333581
FDT43,OUT019,0.0
NCS29,OUT045,4079.162772103881
NCC31,OUT017,2521.624619094768
FDA21,OUT017,3066.786783362323
FDQ55,OUT046,1922.8945225118355
NCE54,OUT049,1298.7243986478202
FDD45,OUT017,1647.1026569731691
NCP17,OUT017,1141.105299242555
FDR47,OUT035,3214.756749491225
DRM35,OUT013,2881.5859060399875
FDR47,OUT019,1187.0532508201618
FDX19,OUT010,1836.139602089065
FDV22,OUT027,3977.7963105565896
FDQ46,OUT027,3258.326540081957
DRO47,OUT045,1732.7170921086097
FDB44,OUT010,1506.0380977248478
FDN02,OUT010,1396.636222269687
FDW10,OUT045,2702.4622787273315
FDJ41,OUT019,2238.872057262871
FDM50,OUT046,1020.6081609535054
FDW10,OUT035,2951.656892112271
FDY48,OUT049,1760.537767691057
NCE30,OUT027,4788.180373566266
FDO04,OUT045,872.9279089766044
FDQ26,OUT010,0.0
NCX29,OUT018,2044.6664173946128
FDE39,OUT046,1878.1394413357195
NCR54,OUT027,4508.589326348539
NCP55,OUT027,2410.371112771622
FDX22,OUT017,3446.533076671192
FDI05,OUT035,1327.0843334234103
FDC51,OUT027,3469.575816416118
FDC10,OUT013,1975.9693951037032
FDJ46,OUT045,2704.8663874658278
FDV10,OUT010,0.0
FDX12,OUT027,5316.662145570567
FDL43,OUT019,0.0
DRB13,OUT046,2984.865601987554
FDF59,OUT027,3556.2944714142996
FDT35,OUT049,2774.576897269515
NCJ19,OUT035,1074.626619436686
FDT35,OUT018,2448.869934812923
FDI48,OUT046,846.7861124476174
DRC24,OUT019,519.4358627899023
NCZ05,OUT017,1739.1194259043118
FDJ57,OUT049,3171.9591546941365
FDX11,OUT017,2988.077348553031
FDE09,OUT035,1979.2944321478199
NCK06,OUT049,1989.686443851011
DRE37,OUT017,3073.4147279456565
FDV56,OUT046,1765.9718236336225
FDY43,OUT017,2788.337623542905
FDV35,OUT013,2513.327108325368
FDF05,OUT019,2223.858410578322
FDA36,OUT035,3073.2061740641884
FDS13,OUT027,5645.569918628219
FDU47,OUT013,2336.181795558446
FDI36,OUT010,1223.074650493804
FDH48,OUT046,1415.563888663347
FDZ14,OUT013,1996.61823047743
FDS46,OUT013,2011.097204986547
FDE21,OUT017,2041.0372737960731
FDA26,OUT049,3553.0274349304023
FDV12,OUT046,1624.4099212757653
FDL46,OUT019,0.0
FDN57,OUT013,2349.2894418482288
NCJ18,OUT017,1914.45120459402
FDO36,OUT045,2786.574027526698
FDX55,OUT018,3194.525106091085
FDT25,OUT019,125.65859840180411
FDD16,OUT049,1310.3529276308436
NCX18,OUT013,3135.0997060451714
NCG55,OUT018,1541.3339642965598
NCV18,OUT049,1392.850226161933
NCS18,OUT035,1836.6673336804802
FDC37,OUT045,1672.9665420972397
FDE47,OUT046,2026.9976393458585
DRG49,OUT019,1947.6839144598562
FDC39,OUT049,3321.9805477449863
FDH24,OUT019,659.2857793082603
FDV39,OUT027,4646.1480242914
NCL17,OUT045,2195.7206150874326
NCY53,OUT035,1948.0835829752355
FDH52,OUT013,1103.1064187895834
NCD19,OUT018,604.658942374168
FDI44,OUT046,1284.956464609965
DRD49,OUT027,5179.8280353101245
FDN08,OUT035,2090.869927103408
FDO20,OUT027,5485.372389466033
FDY02,OUT046,4096.884031943219
FDX23,OUT045,1462.1211453955145
FDX01,OUT017,2008.8420997026044
FDH20,OUT027,3092.6169327231705
NCX41,OUT017,3434.738864719765
FDD21,OUT027,3378.974120939551
DRH11,OUT019,0.0
DRE60,OUT018,3251.0903070075938
FDB10,OUT013,3806.0319577850078
FDH38,OUT013,2008.6026658029923
NCL07,OUT018,386.4006154364002
FDD48,OUT046,1841.940465337787
NCT54,OUT027,2930.814101762744
FDF32,OUT027,4662.58039277678
DRH51,OUT045,1268.605983896978
DRG03,OUT035,2531.701161670614
NCY42,OUT019,357.19836759634654
FDH32,OUT017,1673.515665567537
NCJ06,OUT027,3373.419536183914
FDH47,OUT027,3059.4953657301885
FDZ08,OUT018,1107.8541214809275
FDK16,OUT017,1617.055462477326
DRG01,OUT018,960.8317835364501
NCM53,OUT027,3155.8732376802336
NCB07,OUT035,3212.0415478985187
NCZ06,OUT035,4079.6190786772127
FDU48,OUT049,2192.989560382992
NCB55,OUT027,2392.1616889052157
FDP15,OUT013,4142.9341546814085
FDF17,OUT046,3094.973143951657
NCN06,OUT049,2655.8435500093933
DRM48,OUT018,360.9271594793613
FDH10,OUT046,3043.052122155679
FDC60,OUT018,1167.0489842382372
FDE35,OUT018,745.6903096402502
DRI23,OUT013,2633.9338589998674
NCR38,OUT013,4000.5170828442597
FDP04,OUT035,1173.9725866854103
NCW17,OUT045,2009.3645400325122
FDX34,OUT017,2054.8555895376385
NCK53,OUT045,1506.206044430591
NCO54,OUT010,0.0
NCH55,OUT046,1999.1675427118744
FDT44,OUT027,3391.8928490734975
DRG49,OUT046,3803.944764017436
FDX46,OUT010,0.0
DRG36,OUT049,2770.1851109316644
FDU37,OUT049,1445.9772954527664
FDK10,OUT049,2980.573176002597
DRF37,OUT027,5562.647147015421
FDC44,OUT035,1971.9916729657377
FDP15,OUT046,4068.218690582211
FDZ27,OUT027,2300.6970632110692
FDY22,OUT019,352.03400768801885
DRG51,OUT035,2705.531208696425
FDN58,OUT045,3620.5496069613037
FDW01,OUT049,2587.6204266116833
FDX24,OUT018,1274.5693869274144
FDO51,OUT017,844.8545642022752
FDJ52,OUT027,4042.394137141325
NCY06,OUT010,142.01897526097906
FDE20,OUT018,2468.314094395116
FDT23,OUT010,0.0
FDQ51,OUT046,857.7447039725799
FDE35,OUT046,1033.813386980366
FDB46,OUT013,3415.0409365268238
NCG19,OUT035,3755.401045938523
NCL06,OUT018,3792.7399786710675
FDT36,OUT019,0.0
FDC56,OUT049,2068.851099182756
FDJ26,OUT049,3522.317373062157
FDZ59,OUT017,2768.397688086804
FDV11,OUT027,4288.34799962943
FDR13,OUT010,23.076306288002968
FDI15,OUT018,3851.7130561540444
FDF47,OUT018,3295.0869242112813
NCB54,OUT019,160.8966203902363
NCK19,OUT027,4493.554186338704
FDX16,OUT017,2491.774174740335
FDL50,OUT045,1998.8268914065866
NCE31,OUT035,680.1463242318723
DRJ01,OUT049,2626.1789073562463
FDE22,OUT013,2624.172181382805
FDY20,OUT019,0.0
NCO14,OUT045,651.8865284272988
NCR50,OUT017,2474.732077317056
DRM47,OUT017,3134.7438595664885
FDO27,OUT010,0.0
FDJ20,OUT027,3511.7810700215477
NCX17,OUT013,3736.1322086318555
FDG59,OUT049,768.4875322624662
FDD52,OUT045,1633.1901542319217
FDO48,OUT017,3617.164754757341
FDC59,OUT019,0.0
FDS15,OUT018,1493.687075794029
FDB47,OUT035,3470.611421323894
FDV14,OUT019,0.0
FDB27,OUT013,3138.036142152179
FDA35,OUT035,2141.997614949243
FDN51,OUT018,3884.270984792037
FDO39,OUT019,974.2233355514445
FDB28,OUT049,3195.1069851496104
DRJ25,OUT046,790.2528947809808
FDH46,OUT027,3106.9673528008625
FDI10,OUT045,2667.977681016934
FDU21,OUT018,311.5843947704202
FDD09,OUT049,3004.3718545963175
FDD10,OUT046,2851.525563235756
FDN31,OUT010,1186.43538093249
FDA46,OUT018,2837.1338705337034
FDM56,OUT046,1782.5038697362872
FDF11,OUT010,1943.8209787044977
FDS32,OUT018,2027.4531335926542
NCM06,OUT013,2447.689498632528
FDZ26,OUT045,3669.656509747252
FDO01,OUT013,2182.6974769035232
FDJ46,OUT049,2870.2215050168925
FDG26,OUT019,2213.155719344067
FDZ38,OUT035,2898.0941071756647
NCO55,OUT013,1728.8639395129876
FDT60,OUT035,2134.204473870792
FDW37,OUT049,1606.5203473899737
NCK42,OUT018,3096.5227920722436
FDA45,OUT046,2765.2678116342076
FDW55,OUT018,3744.474528561318
FDY44,OUT017,3251.5273290022174
FDQ31,OUT017,1538.415430723628
FDM09,OUT049,2807.395162259226
FDH12,OUT018,1438.6686693245204
NCQ43,OUT035,1878.8309636289544
FDT33,OUT035,2801.7917842579286
NCT41,OUT018,2117.582144738458
DRJ25,OUT010,0.0
NCQ41,OUT046,3104.9385264978105
NCN17,OUT049,1705.1206860490863
DRO35,OUT027,3379.9791608616883
FDU27,OUT018,549.732193918004
FDY43,OUT027,4199.934005858794
FDG46,OUT035,2011.0204155335227
DRL49,OUT018,2013.227203780082
NCB55,OUT049,989.955904018032
FDK28,OUT049,4164.324562967656
FDO49,OUT045,796.7035214930331
FDT03,OUT013,2983.6778547123236
FDW33,OUT027,3158.360473346118
FDR02,OUT035,1907.1337273687702
FDF50,OUT013,3230.266832529633
FDA40,OUT018,1157.252715067736
NCT53,OUT018,2346.2864088440665
FDY60,OUT035,2424.2602382235723
FDP44,OUT027,3174.09472172295
NCQ50,OUT045,3272.2319943055127
NCC30,OUT017,2881.4446309878685
FDQ60,OUT018,1671.0911124251672
FDG41,OUT046,1740.9961735371307
FDQ03,OUT046,3753.3973917541894
FDM03,OUT045,1656.405804831482
FDZ51,OUT018,1270.8112793250298
DRF51,OUT035,698.5570591328596
FDF39,OUT017,4203.163203758745
FDW52,OUT035,2730.401359779772
FDY22,OUT049,2392.4186358924544
FDG14,OUT013,2499.864483955213
FDA57,OUT017,785.3278572896131
FDL45,OUT019,143.24963018522595
FDX28,OUT046,1549.4602284393216
NCQ54,OUT013,2727.4155340865645
FDH40,OUT045,1225.4865680639957
FDU52,OUT035,2632.8494319997803
FDT60,OUT010,99.3135638362109
FDK08,OUT045,1575.7868296966353
FDN04,OUT049,2936.874102716694
FDE50,OUT013,3086.790698524605
FDI16,OUT049,924.0938698770597
FDM50,OUT049,1150.0873341568713
NCV30,OUT049,1079.022516341099
FDT44,OUT013,1961.9033384280617
FDY60,OUT013,2397.746573716156
FDT56,OUT017,1106.2176481529116
FDV58,OUT018,2813.6416883314914
FDU04,OUT013,2038.868254964512
NCN05,OUT027,4398.695915716715
FDI53,OUT018,2277.911552131773
FDD34,OUT046,2622.790008080625
FDW47,OUT027,3484.028998447422
FDT51,OUT027,3299.2977910086825
FDO27,OUT013,1611.424678774238
NCQ18,OUT018,1314.849647505606
NCW05,OUT013,1783.261587361278
FDI15,OUT010,2236.132694681699
NCH43,OUT010,1492.465969910003
FDT40,OUT049,2087.5979280633687
NCG19,OUT017,3695.984944181529
NCM30,OUT035,792.7038820871799
FDB38,OUT017,2660.053915724612
FDB22,OUT046,2441.8263673316656
FDC58,OUT046,753.405963767364
NCI29,OUT013,2297.1469883927234
FDA23,OUT010,0.0
DRG48,OUT013,2346.129027943742
FDV21,OUT013,2046.6493116820818
NCG18,OUT019,0.0
FDG40,OUT045,524.1895456939784
FDU24,OUT018,1259.4958736131439
FDA22,OUT049,2761.5771923434795
FDY35,OUT046,813.8605897135774
FDJ15,OUT045,2814.3404607970115
NCW18,OUT018,3433.6311612854197
FDK56,OUT018,2761.081190305934
FDF44,OUT046,2161.352676646013
FDP51,OUT049,2029.3344932639893
FDU22,OUT027,3346.9806605097556
FDM28,OUT017,2914.3037052981153
NCL42,OUT046,3808.965390930561
FDJ15,OUT019,1031.7225218342815
FDI32,OUT018,1581.1450318899726
DRL11,OUT046,2543.530046612036
DRO59,OUT018,983.7501607802458
FDA07,OUT019,138.86754109553715
NCO53,OUT013,2907.1266884944807
FDO21,OUT045,3496.0200234220097
FDW39,OUT045,2784.7739667979567
NCV17,OUT013,2148.5842612774854
FDE22,OUT046,2527.727673495891
NCB06,OUT018,2238.216152909787
DRF48,OUT017,3013.7222962673736
FDB05,OUT013,3955.8604093079484
FDP28,OUT027,5544.810121633468
FDP23,OUT046,3493.3088572168217
NCS41,OUT018,2619.4513219611217
FDS40,OUT018,398.82208522752245
FDA16,OUT017,3556.3117122759677
FDN20,OUT035,2850.898160166047
FDF04,OUT027,5545.676538628365
DRG36,OUT018,2410.3070995175
FDW16,OUT018,1242.1930292807058
FDU09,OUT017,1002.5441772957427
FDW01,OUT046,2495.8074578712108
FDB15,OUT045,4066.9155381311098
NCJ17,OUT049,1455.5411880965414
NCT18,OUT018,2597.325808704285
FDG16,OUT018,3107.246867698118
FDP27,OUT017,3135.2596378269723
FDQ44,OUT027,3470.118706355728
FDL50,OUT027,3533.694519575667
FDW57,OUT027,4298.847991860208
FDS34,OUT013,1903.0440855262748
NCV30,OUT035,1111.7186645131835
FDD26,OUT018,2715.640585884249
FDA03,OUT045,2261.578763387886
FDS27,OUT018,2865.5708247287585
FDM12,OUT013,3046.049853929089
NCV42,OUT027,3210.4470270638612
NCS41,OUT046,2906.025284058352
FDN56,OUT018,2047.505181053484
DRK59,OUT046,3684.392943851311
NCG18,OUT046,1629.0663948301258
NCN26,OUT017,1936.850296985717
FDI60,OUT027,2530.3272422359637
NCI43,OUT049,894.6467969959597
NCL17,OUT049,2356.448648158623
FDQ19,OUT019,2020.3014927952324
FDY43,OUT049,2780.895082625082
FDR36,OUT049,820.3313729767483
FDJ58,OUT049,2822.9715654600304
DRY23,OUT045,641.8554966498327
FDK26,OUT027,4496.698559763265
DRH03,OUT045,1385.9965890218173
FDC10,OUT010,33.07408442979357
FDD23,OUT013,3050.0608031035804
FDP32,OUT045,2000.1522396833777
FDO31,OUT035,1504.6204643695949
FDQ57,OUT013,2379.5048866482693
FDX32,OUT027,3803.6175294866416
FDC39,OUT027,4719.386898261917
FDU55,OUT046,4165.973129758388
FDL45,OUT013,2050.387448823387
DRK37,OUT049,3064.819075126823
FDK22,OUT013,3476.903546293437
DRG37,OUT027,3942.1174061041093
FDK22,OUT017,3493.741480342511
DRH36,OUT018,917.154205810366
DRC36,OUT018,2471.7602589079725
DRE03,OUT027,2179.2449856330127
FDF34,OUT046,3131.165656954576
FDZ22,OUT046,1345.6408680004124
FDC44,OUT010,0.0
FDN31,OUT027,4497.327623991387
FDO03,OUT017,3740.2448282405917
FDA01,OUT049,1126.3543380067601
NCH42,OUT049,3699.9145528293757
FDF46,OUT018,1598.32055365063
DRL35,OUT046,752.0144368671656
FDW46,OUT049,1142.2596332763699
FDB58,OUT046,2270.1087699543405
FDD47,OUT018,2439.49970611102
NCO17,OUT045,1817.4219268385166
FDJ26,OUT017,3523.659016189613
FDU37,OUT045,1266.655763479051
