Item_Identifier,Outlet_Identifier,Item_Outlet_Sales
FDW58,OUT049,1851.142642908102
FDW14,OUT017,1495.818390342321
NCN55,OUT010,1883.6839250376852
FDQ58,OUT017,2591.2841841114005
FDY38,OUT027,5113.632506500527
FDH56,OUT046,1932.5669766833214
FDL48,OUT018,578.1827009194815
FDC48,OUT027,2799.310665318838
FDN33,OUT045,1474.102292469101
FDA36,OUT017,3103.759853513413
FDT44,OUT017,2047.7581546846807
FDQ56,OUT045,1359.816245459041
NCC54,OUT019,1878.3364645155825
FDU11,OUT049,2078.711968005674
DRL59,OUT013,908.2720112451234
FDM24,OUT049,2534.200210151237
FDI57,OUT045,3286.7945775058843
DRC12,OUT018,2758.155261000593
NCM42,OUT027,3183.3305852944104
FDA46,OUT010,1144.8840660819433
FDA31,OUT013,2855.272380789663
NCJ31,OUT035,3894.6392618213504
FDG52,OUT046,793.5793398152398
NCL19,OUT019,365.64113427019316
FDS10,OUT035,3026.9074640122926
FDX22,OUT010,1419.4047826662286
NCF19,OUT035,909.398787784402
NCE06,OUT046,2527.8135333240125
DRC27,OUT046,3864.9471649839033
FDE21,OUT035,2073.5267875249615
NCR42,OUT019,0.0
FDX51,OUT018,2848.2954816980327
NCR06,OUT018,412.7233098930992
FDU31,OUT027,4954.842768364527
FDU59,OUT017,2738.2194031365516
FDR03,OUT027,4735.892551643627
FDS49,OUT027,2801.292347236024
FDD48,OUT010,0.0
NCF18,OUT017,3110.9299422596523
NCD43,OUT027,3087.571194374449
NCD54,OUT018,1980.6850917075346
FDY19,OUT010,12.01099370711745
NCY54,OUT017,2811.125108676125
NCL19,OUT018,2023.83682121279
FDP23,OUT010,1554.051773331562
FDC26,OUT013,1869.5788729018477
FDR14,OUT010,0.0
NCS41,OUT035,3047.9714765812732
FDF41,OUT035,4044.631082469048
FDU34,OUT046,2007.5850306749267
DRH11,OUT046,946.339937208849
FDM03,OUT013,1764.3959947441792
FDS31,OUT017,3034.4820472248775
FDJ20,OUT017,2110.4506941868067
FDV44,OUT027,4500.129776747556
FDG02,OUT049,3149.8557200940604
FDA09,OUT013,2877.0034359683423
FDT04,OUT013,670.6728375582675
FDL58,OUT019,2256.338887726156
FDE52,OUT045,1367.0782413723275
FDW12,OUT035,2482.743562497859
FDL51,OUT017,3481.876157251395
NCY42,OUT027,3678.5769578319214
FDR07,OUT017,1717.0925240436995
FDN40,OUT045,2353.2313925145045
FDB35,OUT027,2954.3821157812217
FDA22,OUT017,2779.9527251420095
NCL06,OUT046,4106.542828085014
FDI35,OUT013,2955.0020716285153
NCW42,OUT045,3401.3978850583544
NCX06,OUT049,2929.5150018284194
FDC37,OUT027,3218.722682085846
FDZ14,OUT018,1657.9810532188849
DRG49,OUT049,3953.0598325134024
NCG06,OUT045,3945.682792668441
DRC36,OUT045,2676.1351759879235
FDV21,OUT019,70.81613829116054
FDB53,OUT046,2351.0430486330088
DRP47,OUT019,2061.8591807301455
FDA14,OUT013,2318.3150972706508
DRC24,OUT035,2566.2685055873394
FDW21,OUT018,1364.1254369696694
NCH29,OUT046,1571.3398057166705
FDU58,OUT013,3039.3425649342116
FDY27,OUT017,2903.0981962209153
FDV56,OUT035,1957.0835909274356
FDT59,OUT046,3681.694272925377
FDB23,OUT046,3620.0546823065106
FDR49,OUT045,739.4215490740246
FDB03,OUT010,1851.6703980029974
FDN39,OUT045,2605.867790825546
FDX02,OUT027,4952.257685234869
FDQ16,OUT027,3181.832083079764
FDU35,OUT018,1350.8136547023814
NCT29,OUT013,1981.9208807320797
FDZ27,OUT046,785.8555892120846
FDN57,OUT017,2356.6024705134932
FDA03,OUT018,2020.172140741661
FDZ36,OUT045,2900.2074027461613
NCU05,OUT013,1344.8732798190279
FDT39,OUT018,2168.4422255417085
FDK60,OUT017,1691.3051831463094
FDZ25,OUT017,2849.876742248412
FDG12,OUT046,1991.2708823892779
DRB01,OUT019,1111.2697445603478
NCC43,OUT027,5365.5919184337945
FDX13,OUT019,2075.699106234785
FDM22,OUT049,991.6573653769111
FDJ03,OUT027,2236.1812046268196
FDU14,OUT018,3643.9222753681097
FDB33,OUT010,679.9933269690721
FDP27,OUT046,3041.8846400061775
FDO38,OUT010,0.0
FDE28,OUT027,5100.183915579184
FDO27,OUT035,1690.4375775890817
DRL23,OUT027,3185.2491008236602
FDS28,OUT046,918.450880803873
FDX24,OUT013,1559.917539562432
FDZ02,OUT035,1675.882233059899
FDL46,OUT045,1816.9065546080321
FDS60,OUT027,4317.585298204298
NCO06,OUT017,630.4557028049687
FDO16,OUT035,1519.8507937138556
FDC60,OUT049,1526.9056421681344
FDA48,OUT018,3220.6331730273314
FDZ36,OUT027,4430.607036953193
FDK27,OUT045,1901.9223520624346
FDW23,OUT018,402.4279065664071
FDM14,OUT018,1549.6018696764284
FDM14,OUT013,1828.4991988559818
FDW60,OUT018,2578.7647299092905
FDE21,OUT013,1959.4444299809686
NCM42,OUT035,1872.5909495445312
FDY59,OUT010,0.0
DRI49,OUT049,1379.7723799511305
FDT28,OUT019,501.84806870464774
FDQ22,OUT018,409.27287464824303
FDR60,OUT049,1355.6032683670749
FDC50,OUT019,0.0
FDV24,OUT013,2466.2449031188326
DRF48,OUT010,1062.329316290128
FDQ47,OUT046,633.7815205626812
DRN36,OUT049,1653.9723979146454
NCY06,OUT035,2165.6655653041894
FDE52,OUT035,1571.205077936631
NCB54,OUT045,1958.118363966775
NCF31,OUT035,2541.0852250337102
FDJ08,OUT027,4503.887706337496
NCC07,OUT017,1783.0615320743734
NCD19,OUT027,2315.30628469607
FDL46,OUT049,2015.220588465492
FDM20,OUT045,3875.96340592883
NCI06,OUT010,915.1736339382628
DRM11,OUT035,4240.04861982292
NCH07,OUT018,2203.803365003093
FDS23,OUT013,2115.643565400761
FDO49,OUT018,581.7097322612432
FDS35,OUT049,1187.4625671199587
DRK39,OUT045,1271.1341340756983
DRI39,OUT049,1052.4569946439842
FDV04,OUT017,2598.8831735081158
NCN14,OUT035,3018.143109962464
FDH08,OUT013,3745.4662668458277
FDS20,OUT046,2960.0795205286295
FDV40,OUT049,1330.1358654822252
FDZ48,OUT010,0.0
FDS24,OUT027,2892.038444947534
FDK44,OUT049,2909.416876493894
FDS48,OUT045,2360.8633006189293
FDK26,OUT010,1104.2323633640951
FDD23,OUT045,2966.7447274425504
NCH54,OUT017,2636.566655105261
NCP14,OUT010,0.0
FDM60,OUT010,0.0
FDV24,OUT017,2531.792983511621
FDH08,OUT018,3401.1742812006014
FDS12,OUT027,3495.767452368621
FDR39,OUT027,4341.336952828951
FDP12,OUT027,2100.0281353490645
DRF60,OUT027,5171.383192576978
FDC09,OUT035,1857.8239093813631
FDF50,OUT018,2907.629413125419
FDG28,OUT035,3993.661498760165
NCE19,OUT017,982.526311826108
NCM53,OUT010,0.0
NCN18,OUT049,1833.0880066534005
FDF32,OUT035,3351.2369741355615
FDF11,OUT013,3865.274068378215
DRI59,OUT049,3667.1619343279654
NCG54,OUT035,2799.2528395325967
FDM44,OUT046,1693.3358344638018
FDT57,OUT018,3472.805942670311
FDV24,OUT046,2426.5823667761197
FDI50,OUT019,1757.6741078018158
FDS09,OUT035,1001.7836115703421
NCC31,OUT027,3884.0273176862393
FDQ07,OUT019,1607.4812842338683
FDC22,OUT017,3142.7708728237185
FDZ56,OUT046,2752.230926076256
FDZ40,OUT019,0.0
FDS46,OUT027,3359.983644289934
DRD24,OUT045,2163.5446845072715
FDV45,OUT017,3117.128251179025
FDL26,OUT045,2457.2963893635733
FDA56,OUT018,1756.169486990088
FDN27,OUT046,1928.176189152282
FDM20,OUT049,4024.4591159307165
FDO16,OUT017,1452.7367671040256
FDL03,OUT035,3278.8094104598194
FDE58,OUT046,1888.926695058918
FDI02,OUT027,3290.9090815777663
NCC55,OUT019,0.0
FDR03,OUT018,3019.7368136969453
FDB14,OUT017,1642.481128553836
FDR45,OUT013,3852.597225163703
NCN07,OUT017,2171.7065673701
FDM51,OUT019,0.0
FDT52,OUT027,5315.655316237471
FDL26,OUT046,2504.5924372782747
NCZ42,OUT046,3749.628279037057
DRI47,OUT019,436.86334369635426
FDW40,OUT013,2271.506605297697
FDN34,OUT046,2702.7723121806
FDS01,OUT035,3032.27586224883
NCG55,OUT045,1763.4806609498141
FDC11,OUT035,1588.123514959651
FDX35,OUT018,3326.9424702181814
NCB06,OUT046,2543.8439226981936
FDR09,OUT019,2202.904606465707
FDC53,OUT017,1673.6388204526277
FDY45,OUT013,4075.987698751489
FDA22,OUT010,796.1476765775219
FDE02,OUT035,1719.731188862254
FDW21,OUT045,1574.7803955413092
FDV34,OUT046,1220.4554209969301
FDS59,OUT049,1882.877154973659
NCW17,OUT017,2153.1758415386457
NCK54,OUT046,1851.3797288149215
FDG17,OUT019,1958.2610404714276
FDG35,OUT017,2907.2270301188883
FDD08,OUT010,0.0
NCO07,OUT017,3439.1857859367683
FDJ10,OUT010,340.4936409150454
FDW36,OUT017,1804.7819067675694
FDW21,OUT010,0.0
FDY19,OUT017,2054.401629574527
DRE03,OUT013,824.843904820176
NCC55,OUT049,711.2219261563137
FDH52,OUT010,0.0
FDO09,OUT017,4278.433277647704
FDU43,OUT045,3767.258886163877
FDX09,OUT010,870.0646684562774
FDH40,OUT019,0.0
FDW58,OUT017,1805.4090608826436
FDC47,OUT017,3696.984602653869
NCR41,OUT035,1671.1024307906664
DRG49,OUT035,3991.5774657958846
FDC52,OUT027,3857.69452265552
FDY13,OUT046,1271.071924022725
FDY35,OUT013,807.9185748863036
FDI35,OUT017,3036.1927409388354
NCU18,OUT049,2320.449130213191
FDY33,OUT018,2248.783272105311
FDC15,OUT027,3908.8077750537714
FDU01,OUT049,3115.756343101163
NCU42,OUT046,2667.9666563385695
NCV29,OUT018,2545.464306265889
NCY30,OUT017,2978.436428066433
FDQ46,OUT049,1900.3234302915364
FDG58,OUT027,3904.2248068078216
FDK33,OUT017,3498.5587956910094
NCD07,OUT045,1751.6597138249003
NCX29,OUT027,3742.692794484725
NCT42,OUT013,2367.082310544882
DRN59,OUT035,917.6225871230895
FDI44,OUT035,1475.3533217230372
FDA45,OUT049,2919.837260685793
FDP31,OUT045,1043.3690315278818
FDY01,OUT046,1877.8861291302942
FDT09,OUT018,1864.2388188622094
DRH03,OUT027,2984.7013389955264
FDA36,OUT018,2718.7256771746343
NCF31,OUT017,2514.4121459839716
FDG14,OUT049,2558.5938681785965
FDG28,OUT027,5324.658965587268
FDU14,OUT049,4024.8567974401867
FDY47,OUT019,223.73443204898456
FDI56,OUT049,1607.451410261785
DRD01,OUT013,948.7294435334973
FDM22,OUT046,923.1180015635499
FDH33,OUT013,742.4137781297911
DRZ24,OUT013,1909.9747403572171
NCQ38,OUT046,1685.5976760533922
FDO16,OUT027,2816.5668773240686
FDU07,OUT027,3881.806046622176
NCB07,OUT013,3076.427859640612
FDU48,OUT045,2067.734516480321
NCM43,OUT045,2546.3344474981864
FDR31,OUT010,441.8209871185739
DRK49,OUT018,405.88620215264865
NCI30,OUT010,1912.5899018933967
DRD60,OUT017,2968.039615340552
NCG19,OUT046,3669.290884639733
FDH12,OUT035,1853.8369684405427
FDM32,OUT035,1686.8449100306939
FDM27,OUT035,2639.582893424523
NCU53,OUT027,4083.8152742473494
NCQ18,OUT046,1551.2083212026432
FDS10,OUT013,2889.4726377548614
FDB33,OUT027,4017.5595173342117
FDI12,OUT013,1440.4710648332107
NCW42,OUT013,3499.2427168253616
NCC06,OUT018,1751.4754832170056
FDW02,OUT017,2096.098699162288
NCD43,OUT017,1756.4348049219445
FDM57,OUT018,1076.645934285585
FDA58,OUT017,3849.566536874496
FDK56,OUT046,2979.843413694931
FDP52,OUT045,3578.406135996196
FDW20,OUT018,1767.9179001176171
FDS52,OUT049,1720.9721666630312
NCT29,OUT018,1637.5871445669331
NCL54,OUT013,2796.660618600581
FDC05,OUT045,3060.617657837168
FDF34,OUT035,3281.0147469576114
FDP03,OUT027,3470.5183621732112
FDD32,OUT010,0.0
FDZ10,OUT045,1982.986584730273
FDZ40,OUT035,1040.5103747329483
FDD51,OUT018,420.98932144456023
NCY30,OUT019,924.4716521252203
FDP58,OUT017,3548.8603467735293
FDV49,OUT017,4329.934527776033
FDY24,OUT019,0.0
NCO55,OUT017,1805.6913195238494
FDR13,OUT017,2030.2365138987177
FDS51,OUT017,1158.8178605931312
FDP26,OUT045,1574.018303455184
NCB54,OUT027,3513.491524027987
FDF32,OUT017,3280.9526409006785
FDN31,OUT018,2773.7539973058247
DRM48,OUT017,695.3967449235545
FDN20,OUT049,2844.040411433418
DRL01,OUT046,3667.1340811142672
FDV56,OUT049,1884.3306878160602
DRH13,OUT027,3172.2775625280683
FDA03,OUT017,2402.080978934622
FDF47,OUT027,5026.846968303405
FDX32,OUT046,2382.661339860816
FDX57,OUT049,1667.0777097104428
NCA30,OUT045,2904.8998930341686
FDO49,OUT013,893.3202250561741
FDL04,OUT019,0.0
DRM48,OUT035,753.2734225015147
FDR16,OUT013,3379.0943825654904
NCC19,OUT018,2735.802997226879
NCE42,OUT045,3625.794818271065
FDY24,OUT017,1025.7568503597172
FDH19,OUT049,2917.9020100428434
FDJ46,OUT013,2798.518841070857
FDN45,OUT010,1625.787194930158
FDY08,OUT035,2411.3679818583014
FDZ37,OUT035,1603.426961228178
NCT30,OUT045,684.0478182333486
DRY23,OUT018,404.8854865255644
NCZ30,OUT018,1643.7588406020618
FDC44,OUT018,1575.3529247732924
FDB45,OUT035,1888.2993042117255
FDY04,OUT013,2626.085215755031
FDM27,OUT046,2540.311393154986
FDZ43,OUT017,3969.6842319796406
FDT39,OUT019,543.7328000309503
NCC06,OUT019,101.0814959010437
FDL15,OUT027,3926.7465597496257
FDL57,OUT017,4177.626411324393
FDU08,OUT046,1652.0490679021104
FDK40,OUT017,4273.688128032913
FDQ12,OUT010,1735.6299698657335
FDS48,OUT017,2543.5943124596074
FDP09,OUT045,3301.903877896256
FDW21,OUT049,1713.9317204863846
FDY25,OUT035,3071.8082537693354
DRE13,OUT017,1480.6361292315107
FDV43,OUT019,0.0
FDD22,OUT045,1727.6848361454304
FDM46,OUT019,0.0
NCO30,OUT010,994.9598282958527
FDM25,OUT046,2795.8893463373424
NCN41,OUT049,2061.7268692908037
FDU24,OUT045,1447.8363690407155
FDZ50,OUT046,2886.1869500106923
FDP45,OUT013,4016.5754193455296
NCM54,OUT045,1916.2512530491879
FDW10,OUT019,888.6448915578976
FDP20,OUT017,2207.0543720855467
FDK32,OUT046,2463.40050242097
FDN52,OUT049,1500.5042177469586
FDM58,OUT045,1727.7633254186744
FDZ46,OUT027,3238.3315807630133
NCA18,OUT018,1567.300039864104
FDD35,OUT046,2002.3766453708051
NCK31,OUT035,957.7450317591173
FDI40,OUT027,3053.6126351219327
FDT50,OUT019,0.0
NCT06,OUT046,2590.343436436732
FDT31,OUT035,3186.1568716170877
FDT45,OUT049,989.3551681537438
FDT13,OUT045,2954.953039995835
FDO50,OUT045,1447.228027586002
NCU18,OUT010,295.9165424072453
NCR54,OUT049,3149.584405991315
NCO18,OUT018,2524.6530535147267
FDU09,OUT045,870.2579193107721
FDT13,OUT018,2753.634941258259
FDE09,OUT046,1863.5571886259672
NCK53,OUT019,0.0
FDG45,OUT049,3537.5903609025754
DRH15,OUT035,890.1043960518643
FDO21,OUT019,1666.3147172728295
FDD14,OUT027,4401.99957622875
FDC09,OUT046,1714.9895751782096
FDH45,OUT027,2223.8408886286115
FDV32,OUT046,1116.8876218852954
FDG12,OUT035,2087.396719921334
FDS32,OUT013,2327.778526858454
NCL55,OUT018,3670.7541355392486
DRE01,OUT035,3954.773902555182
DRE15,OUT049,1358.2030785198867
NCL42,OUT045,3799.680990730415
FDP31,OUT013,1117.9136868305388
FDN33,OUT018,1232.265106148628
FDZ59,OUT046,2638.893649934835
FDE45,OUT010,972.1800100489894
FDJ07,OUT013,1966.6421058072867
FDQ45,OUT018,2668.3344807072635
FDM33,OUT027,4922.039474417942
FDO15,OUT010,0.0
FDM46,OUT013,1518.073651047665
FDR03,OUT045,3225.722025159549
FDY49,OUT018,2426.2896753465757
FDQ60,OUT045,1850.4398912633178
FDW10,OUT049,2902.6290965447924
FDO51,OUT049,878.7773094097943
FDJ40,OUT018,1468.8244899412484
FDS20,OUT018,2669.4223294479625
FDU45,OUT013,1851.2365582950033
FDV02,OUT035,2808.999309144904
FDN09,OUT046,3842.4072203413934
NCM55,OUT027,4393.144084987875
FDN23,OUT018,2054.8254504135157
FDY31,OUT010,454.91780771577805
FDW03,OUT010,0.0
FDD14,OUT046,2940.51599076593
FDV23,OUT017,2136.309321248726
DRI03,OUT045,2726.801130410029
FDN13,OUT035,1763.202716991008
FDF45,OUT027,2497.8747718319873
FDU46,OUT035,1578.9792025470892
FDB57,OUT049,3675.6980897765543
FDV12,OUT049,1728.0567674770807
FDQ58,OUT013,2457.1272550719027
NCA18,OUT017,1930.5226921921153
FDH52,OUT049,1105.4892605361879
FDM24,OUT018,2136.095502308448
NCP43,OUT027,4313.684443176528
NCO18,OUT019,876.1339140608833
FDM32,OUT017,1639.9650755961081
NCL07,OUT017,738.535538354688
FDK03,OUT013,3999.1142744950903
FDP59,OUT017,1780.4719829930375
FDQ24,OUT049,4077.253496385041
FDQ16,OUT018,1482.7488957100895
FDU44,OUT013,2641.2329796816484
FDH28,OUT010,0.0
FDV28,OUT019,0.0
FDM22,OUT045,836.9336654139887
FDR56,OUT046,3154.7057017792313
FDV39,OUT049,3255.2690452858415
FDU37,OUT019,0.0
FDQ11,OUT010,2164.1391908242103
FDX02,OUT045,3438.9127753025423
NCS42,OUT018,1182.864683676934
FDY57,OUT027,2977.4944575635973
FDB21,OUT049,3955.6745319810025
FDE28,OUT017,3720.5597502997834
FDQ55,OUT017,1985.403708755522
FDA48,OUT049,3632.7665468140367
FDZ19,OUT045,2747.3933762135857
NCC43,OUT045,3873.9992400941
NCV18,OUT046,1288.1071426701176
NCA42,OUT018,2224.8496877448697
FDY45,OUT046,4062.8085880718445
NCC30,OUT045,2740.4933689704512
FDM57,OUT013,1422.5470959085242
FDL09,OUT010,722.4301003278906
FDB09,OUT027,3501.889219335205
FDT44,OUT035,2094.7257824730914
NCT06,OUT027,4031.471256457403
FDX26,OUT049,2974.428599349102
FDK32,OUT013,2524.851778360905
DRA12,OUT046,2268.125928091914
FDO46,OUT010,1085.7099032456838
FDE52,OUT013,1413.5295801954685
NCH42,OUT045,3538.5464474920864
FDV08,OUT035,912.4986831409187
FDB47,OUT018,3065.174946103569
FDC28,OUT010,0.0
FDD22,OUT046,1829.48310868581
FDS07,OUT027,3345.4531456820823
DRI13,OUT045,3353.95124214105
FDG32,OUT018,3281.5403775228087
FDU14,OUT017,4033.595318912975
FDD28,OUT019,0.0
NCP41,OUT017,1868.2134477018385
FDS08,OUT049,2931.602867944771
FDX47,OUT045,2470.4652909454026
FDC53,OUT019,0.0
FDQ19,OUT035,4015.0242634942915
FDL14,OUT045,2450.7284908715446
FDM33,OUT019,1596.9142501025065
FDA51,OUT045,1702.098386483416
FDZ27,OUT018,515.4657117148964
FDT04,OUT046,685.5021720739958
DRC13,OUT049,2083.7384028246006
FDR16,OUT027,4835.110359341731
FDQ03,OUT027,5207.941438394912
FDE38,OUT035,2862.561626135051
DRH23,OUT027,2378.1380730481605
FDT11,OUT019,1113.340011987886
FDD09,OUT035,3056.968880916844
FDR40,OUT045,1266.2354327620978
FDX07,OUT017,3076.764465718711
FDR07,OUT035,1759.3624700432147
FDA51,OUT017,1891.9417986993224
FDT59,OUT019,1779.5453684543709
FDF20,OUT017,3255.1627898585875
FDR13,OUT045,1827.847750693475
FDY26,OUT049,3403.644618699951
FDW04,OUT017,2176.772003414945
FDK52,OUT017,3684.288347420812
FDN60,OUT049,2617.357984795788
FDM09,OUT019,814.3150787239198
FDP46,OUT049,1527.807688568605
FDB50,OUT019,0.0
NCQ29,OUT049,4168.918971763282
FDP16,OUT027,5324.429864935455
FDX33,OUT018,2286.014654743234
FDP07,OUT010,1234.5664926440281
FDN22,OUT046,3961.9798704977893
FDF39,OUT049,4206.926533534558
FDS21,OUT017,1121.918253400845
NCM42,OUT013,1725.8137567700626
FDK50,OUT019,756.6460613901944
DRF13,OUT027,3781.7970839853315
FDH35,OUT018,2373.533538404134
FDP60,OUT018,1352.0891364628449
DRJ49,OUT027,3523.3942491084126
NCT42,OUT019,438.0663812502965
FDE38,OUT049,2814.709695025319
FDI04,OUT049,3238.223882235543
NCH54,OUT045,2406.1822786159537
FDT56,OUT049,1113.1655725780752
DRD15,OUT018,3395.2135724430927
FDV58,OUT013,3102.794870562365
FDP21,OUT049,3081.2274013038686
FDH05,OUT013,3700.513745137202
FDR10,OUT027,4038.970252463717
NCP06,OUT045,2280.6812645791597
FDF33,OUT049,2022.533818057356
DRK37,OUT013,3005.256870135506
DRH49,OUT045,1287.277996616425
FDT58,OUT013,2698.7862165869105
FDD41,OUT018,1392.4447404770256
FDP40,OUT018,1495.9033989747122
FDM51,OUT027,3122.414515806223
FDO45,OUT010,0.0
FDW33,OUT010,0.0
FDY24,OUT045,839.056019016623
FDB10,OUT010,1842.8940073148165
FDM40,OUT035,2382.3324583924104
NCI06,OUT017,2942.768820391597
FDW12,OUT019,419.4993449820954
FDX48,OUT027,3944.470486820009
NCW05,OUT027,3151.067538668998
FDX27,OUT017,1603.7773784260066
DRM37,OUT045,3049.314079945784
FDA38,OUT045,3725.0821522995966
FDR36,OUT046,692.5754159336278
FDZ45,OUT046,3159.708149306206
FDG05,OUT017,2617.0579301204
FDK28,OUT013,4106.242374885139
FDV47,OUT045,1349.4985764892895
FDN21,OUT045,2491.194595796621
FDP20,OUT027,3541.361366240465
FDI35,OUT045,2861.83697775795
DRY23,OUT013,735.2471139633203
FDA56,OUT017,2133.418134598255
FDB09,OUT013,2058.3634760363084
NCO26,OUT027,3293.7603974446547
FDQ49,OUT018,2253.733704644363
FDI52,OUT027,3397.968302685278
FDZ44,OUT027,3391.2075847792585
FDZ09,OUT018,2338.639275710252
FDY03,OUT049,1939.2352512026318
NCG42,OUT017,2150.979216580021
DRI13,OUT027,4890.604045186302
FDQ32,OUT013,2098.2356031219806
FDW16,OUT035,1614.0558468002648
FDU27,OUT046,796.4674387165431
FDR28,OUT010,677.5723540259919
FDQ49,OUT010,640.2194018741379
FDS37,OUT046,1918.1218332360818
FDW26,OUT018,3174.486771408928
FDX12,OUT018,3562.4472940442392
NCP06,OUT013,2401.86997660312
FDW45,OUT010,414.22880427850976
NCN30,OUT049,1597.2162240927876
FDN24,OUT049,993.8332044027115
NCL41,OUT027,2013.9544655391971
FDR02,OUT019,0.0
FDD09,OUT010,1018.382352975743
FDS33,OUT010,0.0
FDU22,OUT045,1851.2010234542745
FDI53,OUT013,2597.84544686973
DRH01,OUT049,2865.878830701189
FDX32,OUT013,2358.489353877033
NCP30,OUT018,367.0734680093568
FDB60,OUT045,3065.676054257132
FDB14,OUT049,1647.8057768922936
NCP02,OUT035,1070.3423694774342
FDJ10,OUT017,2342.241738883895
FDG34,OUT046,1793.9548779211282
NCB18,OUT017,1495.8210665726456
FDM16,OUT049,1308.452316944112
FDW25,OUT018,1140.2911200236822
FDB35,OUT010,0.0
DRN11,OUT013,2302.5480922648285
FDF41,OUT019,1990.0926732743446
FDH16,OUT045,1354.9692072015512
NCQ50,OUT018,3056.2120318856078
DRH23,OUT018,652.3781210234508
DRJ37,OUT013,2434.6827967084655
DRJ24,OUT027,4355.903346786201
FDY16,OUT035,3044.1299016891517
FDQ27,OUT045,1654.4829288030492
FDZ33,OUT045,2300.0479649559556
FDF29,OUT045,2032.735307307409
FDA08,OUT049,2747.8589157637953
FDG31,OUT046,1103.270158672741
FDE34,OUT019,1016.4934530566743
NCR30,OUT027,2616.391333287256
FDV33,OUT035,4233.326367252231
DRZ24,OUT018,1629.5227583803262
NCL54,OUT035,2860.91430198566
FDR12,OUT049,2873.648784352944
NCC54,OUT046,3810.3661481854024
DRN59,OUT013,805.0933609057251
FDX50,OUT019,0.0
FDV31,OUT027,4327.924580099781
NCA29,OUT027,4166.265961760669
FDW60,OUT049,2937.9176715277863
FDX08,OUT017,3060.2357541163537
DRD49,OUT013,3731.680341495051
FDD33,OUT046,3701.179984032661
FDW35,OUT013,780.8378637991293
FDJ36,OUT017,1774.1444220446754
FDV51,OUT035,2822.759423437653
FDW36,OUT046,1738.4466768042362
FDH35,OUT046,2671.980103504512
NCS30,OUT027,3502.8110428416394
FDN49,OUT017,777.7877154975106
FDL08,OUT018,3663.2807594413753
FDI09,OUT013,4017.222129153609
FDP19,OUT018,1826.037112652603
FDU21,OUT010,0.0
NCP41,OUT045,1664.2594821307475
FDY10,OUT013,1851.3580046107445
FDP12,OUT018,369.80067395592084
NCN26,OUT049,1930.412523000545
FDK44,OUT013,2844.779693756874
FDC28,OUT049,1847.7495572690054
FDJ41,OUT027,5605.712072647324
NCT29,OUT035,2116.238462145372
NCH42,OUT019,1680.8565294549667
FDU60,OUT018,2404.0372388048527
FDS02,OUT045,2949.960548703657
FDC51,OUT046,1953.9745590034315
FDU03,OUT013,2952.4157091487787
FDX39,OUT045,3312.5948641571667
NCY05,OUT010,0.0
NCL06,OUT027,5515.004606783569
FDD32,OUT035,1501.6501283653724
NCN41,OUT045,1892.9899423327324
NCX53,OUT049,2358.7971479302387
FDU57,OUT019,486.06135466170224
FDQ23,OUT046,1710.0509868110757
FDQ52,OUT045,3847.2736201189773
FDC14,OUT045,662.4995638830555
FDY09,OUT035,2967.5775822878495
FDQ28,OUT045,2416.659678487361
FDV25,OUT046,3548.774001900176
FDJ07,OUT035,2044.9161428799184
DRB25,OUT049,1786.1787288105215
FDK52,OUT019,1651.1115784848525
FDY52,OUT027,2493.026912498275
FDB28,OUT046,3102.7892888116266
FDT36,OUT035,775.6986327659718
FDV25,OUT017,3669.6133071211625
NCN07,OUT027,3523.1173163350204
FDC57,OUT017,3223.3381319106293
FDQ03,OUT018,3488.559234407753
FDU23,OUT017,2796.5193925607773
NCX41,OUT035,3511.68515895173
NCD06,OUT035,883.7218007194551
FDW08,OUT045,1684.2338153229814
NCU29,OUT017,2419.4322945065433
NCE06,OUT013,2551.905012205504
FDV52,OUT010,0.0
FDB02,OUT017,2964.1203836784052
NCR18,OUT045,625.5600264580064
FDK16,OUT049,1607.5932426823097
NCQ29,OUT010,2146.240507762467
FDZ01,OUT019,0.0
FDW27,OUT035,2655.5225014944795
FDD17,OUT018,3481.880956653774
FDW39,OUT013,2869.016951216605
DRH59,OUT045,1121.3588793725917
FDS52,OUT013,1674.9673014692257
FDU40,OUT027,4544.259837527243
NCF54,OUT013,2756.998151128543
FDH46,OUT045,1599.4348188475417
NCP14,OUT049,1721.657102210869
FDH50,OUT049,3096.0213353598792
DRF15,OUT010,534.5537536013234
FDV27,OUT027,2898.510213235081
NCJ06,OUT049,1993.1637880192375
FDN02,OUT018,3022.87882530396
FDQ51,OUT049,904.4699833315492
FDQ07,OUT017,3676.022872660942
FDS45,OUT049,1805.017620568522
NCJ06,OUT045,1841.5545721753997
FDD36,OUT035,2055.1658471422234
FDY25,OUT045,2881.69210735219
FDU52,OUT046,2463.2672739734717
DRK47,OUT017,3699.0398603639205
NCL30,OUT017,2126.2460066809117
FDN22,OUT035,4115.716554404217
NCF30,OUT027,3423.2150898723266
FDK03,OUT035,4158.341536509007
FDT45,OUT017,1027.658430964393
NCC54,OUT027,5223.521347533931
FDP08,OUT018,2863.013713004909
FDU44,OUT046,2651.3989089348524
DRG39,OUT035,1023.2239803370719
FDU32,OUT049,2110.6183403057958
FDY27,OUT049,2909.936950449469
NCP54,OUT013,1971.886133848696
NCZ41,OUT049,2115.5208245861522
DRL49,OUT013,2304.4342526253013
FDI05,OUT018,950.8944805946012
FDY56,OUT045,3564.820110655488
DRC13,OUT013,2020.619076100794
NCV29,OUT017,2956.9612838667663
FDR24,OUT049,1561.7963806464054
FDZ34,OUT018,2797.6677937397094
FDP37,OUT035,2187.7362431320744
FDX08,OUT027,4382.043184516783
FDS57,OUT045,2189.312828525208
NCG18,OUT049,1718.993758057934
FDK25,OUT018,2424.9807201912745
FDH53,OUT049,1415.8227168603266
DRI59,OUT018,3258.1764141929143
FDA52,OUT046,2798.3156958716136
FDT20,OUT010,0.0
FDE36,OUT019,713.980524317363
FDI24,OUT017,2901.133572273162
FDB28,OUT018,2846.355141648024
FDV11,OUT017,2937.8896182743592
FDP01,OUT046,2490.252503944709
FDD34,OUT027,4040.44231635675
FDJ50,OUT027,2371.685573319868
FDZ44,OUT013,1989.7325166891694
DRO59,OUT035,1384.8727475450842
DRB48,OUT045,585.4044324715219
FDR21,OUT018,2516.0825312813486
NCE42,OUT010,1772.4258876728736
FDO23,OUT046,1523.013779748166
NCE30,OUT018,3042.2816661627967
FDQ22,OUT035,800.7095729705215
FDY01,OUT045,1810.3141335980501
FDS08,OUT017,2982.361809683166
FDG28,OUT018,3616.221957325967
FDQ51,OUT018,563.9999403407688
FDB05,OUT017,4034.9105366470376
FDO56,OUT049,2023.6930731377429
FDE02,OUT018,1247.3188538274208
FDN45,OUT017,3633.9312010203957
FDS09,OUT013,855.0126053139995
NCA54,OUT018,2571.724402111099
FDP09,OUT010,1467.4798954293042
FDC53,OUT045,1531.957053886631
NCM55,OUT017,3046.3413709090846
FDL09,OUT018,2407.505353363441
FDA11,OUT019,0.0
FDA50,OUT045,1424.98625701944
FDC23,OUT017,2996.9880790965226
FDE22,OUT049,2641.5609291637757
FDD23,OUT046,3010.917860480101
NCA29,OUT049,2812.3515720668574
FDK38,OUT046,2395.6923602394236
DRC13,OUT046,1938.930258398254
NCP43,OUT049,2930.1846738883005
FDX28,OUT049,1688.243627388079
FDF08,OUT049,1604.396799478145
FDZ33,OUT046,2384.7229058404155
FDD10,OUT049,2945.9893619152353
FDO58,OUT017,2702.399867259551
FDI50,OUT017,3796.733890990291
FDO58,OUT045,2579.4215591843895
FDX08,OUT013,2965.0106365259544
NCK17,OUT010,0.0
FDF39,OUT035,4259.435064080559
FDU45,OUT010,0.0
NCJ18,OUT018,1554.7785879579083
DRC27,OUT019,1986.604277788864
DRC25,OUT035,1511.3530302767956
FDU59,OUT035,2721.345992645606
FDU28,OUT035,3140.244656734216
NCP30,OUT046,663.9426981749357
FDB39,OUT018,612.6531634874556
FDE41,OUT013,1426.95188133942
DRH11,OUT010,0.0
FDA58,OUT045,3662.796675007952
FDU50,OUT046,1821.251629207643
FDM34,OUT013,2113.3954951433134
FDM44,OUT027,3151.5830635517195
FDR39,OUT045,2871.552504152686
FDM25,OUT045,2754.8256377607895
FDQ49,OUT049,2626.9091765532266
DRH25,OUT018,584.4836836012928
FDM09,OUT027,4171.889407669657
FDL44,OUT019,730.7011678844284
NCR42,OUT018,250.8769695642958
DRL59,OUT046,888.8619728560773
FDX43,OUT013,2757.6675657465385
DRK47,OUT010,1669.4535073007273
FDU48,OUT018,1853.9472835847346
FDY12,OUT045,776.5604194463957
NCN43,OUT018,1678.6623880614281
NCM55,OUT018,2625.5154947831543
FDQ21,OUT027,3439.7281164960323
FDX13,OUT035,4157.741492477091
NCK30,OUT027,5414.422073839272
FDG20,OUT049,2924.8000543310327
DRG27,OUT017,773.4969401701783
FDY14,OUT018,3863.895848226396
FDP59,OUT035,1827.390033862146
FDU60,OUT017,2817.1467647595937
NCC18,OUT019,761.6468551255314
DRJ39,OUT017,3559.589795324131
FDS07,OUT049,1964.986463698721
FDM08,OUT027,5023.7316792971305
FDP51,OUT045,1883.8957242809072
FDU16,OUT035,1471.0418757420018
FDH12,OUT013,1764.6727118635522
DRE48,OUT010,1183.06271196385
NCL42,OUT027,5277.195677612813
FDR21,OUT045,2759.45569343694
NCW29,OUT035,2245.505899756078
FDO11,OUT013,4021.4033949155028
NCM31,OUT049,2330.005074205371
FDV35,OUT019,578.5987979691831
FDF58,OUT017,1138.4592086783
NCE43,OUT049,2742.9377094443926
FDA02,OUT035,2417.0886399038363
DRL37,OUT010,0.0
FDR24,OUT018,1222.8624622559578
FDW59,OUT049,1476.065669157826
FDS22,OUT049,867.1075541804948
FDW24,OUT017,961.9957336311235
FDU24,OUT035,1683.1463184704162
FDA21,OUT027,4422.500853237256
FDH58,OUT027,3340.113809867278
FDW36,OUT018,1419.7625241813648
FDI45,OUT027,4257.473671537947
FDU01,OUT018,2730.1434787180833
FDF35,OUT027,3231.092876776801
FDU43,OUT019,1903.519068848212
FDE24,OUT019,412.5261883675562
FDK50,OUT049,2744.588657243352
FDG31,OUT045,999.9588689082927
FDC60,OUT045,1404.8711507925293
FDL36,OUT013,1513.395900003923
FDP21,OUT013,3053.914478240803
FDW16,OUT045,1394.3550571400538
FDX02,OUT017,3631.9412306506374
FDQ58,OUT027,3922.4191991264634
FDT51,OUT046,1817.7265485012767
FDD59,OUT049,1424.4397268457685
NCM42,OUT018,1446.9029606923855
FDA57,OUT018,419.3938445997301
FDZ48,OUT035,1964.9515290418733
FDE46,OUT045,2376.44509548294
NCZ30,OUT019,9.043230082488321
FDB56,OUT017,3141.3486421024354
FDA25,OUT027,3179.1251894321376
FDD20,OUT013,2096.1662922617916
FDL25,OUT013,1547.7474614299472
NCO18,OUT049,2880.6956263048096
FDJ45,OUT017,904.9141989985776
FDR12,OUT035,2881.0164591764296
NCF19,OUT010,0.0
FDK25,OUT046,2665.8927168225614
NCR17,OUT046,1832.8442944230642
FDC52,OUT046,2402.5812497041757
NCA54,OUT017,2952.0788593313973
FDR45,OUT010,1883.5833666132448
NCM19,OUT049,1901.9322050608555
FDF39,OUT027,5587.2934217701195
FDX23,OUT049,1685.5072242008453
FDD58,OUT027,3066.4648845173715
FDX28,OUT013,1636.0631443342427
NCD31,OUT013,2590.1289765522524
FDU57,OUT018,2129.4046096333077
FDI27,OUT046,740.7369509968803
NCM42,OUT046,1709.516495528651
FDD32,OUT027,2826.421782928114
FDI34,OUT013,3656.223621711796
NCM29,OUT049,2176.8328335752576
FDG46,OUT018,1549.404314515387
DRC01,OUT010,0.0
FDB15,OUT027,5562.345094837284
NCA17,OUT027,3841.4360493806807
FDF10,OUT046,2356.012966550269
FDR26,OUT027,4263.001773830695
FDI02,OUT049,1936.8928879826558
NCM54,OUT010,93.75159605007855
FDF14,OUT013,2493.9890297023885
FDJ33,OUT010,25.957221686424646
FDM20,OUT035,4081.6507261211773
FDC03,OUT027,4523.545457244302
NCX05,OUT046,1860.102514638349
NCM41,OUT027,2935.0738756252003
NCU29,OUT010,444.36782175894126
FDQ59,OUT017,1488.131309298516
FDH46,OUT010,0.0
FDH09,OUT013,1083.4206117631895
NCD06,OUT045,670.2253351363754
FDC15,OUT035,2573.0303514347816
DRD37,OUT027,2199.1274734048184
FDT28,OUT027,3825.2024839440846
FDR28,OUT027,4053.9048749864387
FDT38,OUT017,1475.7762323443676
FDV34,OUT027,2694.254594132965
FDY52,OUT035,1177.6345508593256
FDB34,OUT013,1439.7714178416356
DRL23,OUT018,1434.8302932778574
DRB24,OUT046,2448.5389624568734
FDJ50,OUT046,949.256018863108
FDQ49,OUT035,2642.063938131249
FDP20,OUT035,2193.240766657994
FDV19,OUT027,4040.7527625326247
NCR54,OUT045,3002.6411466605077
FDO09,OUT010,2193.126252210019
FDS57,OUT018,2008.2031296114924
FDN10,OUT049,1992.7411849988912
FDV23,OUT049,2126.0670279635633
FDY28,OUT049,3467.8368231041886
DRG51,OUT013,2623.5105754957876
FDD45,OUT019,0.0
NCL18,OUT027,4455.399901383996
NCM29,OUT013,2119.9347746666645
FDF17,OUT027,4559.7847836194205
FDE22,OUT017,2687.669570469491
FDQ22,OUT017,758.490784703024
FDS01,OUT013,2939.98987234782
FDW35,OUT027,2197.8619928820626
FDJ33,OUT046,1995.3093755441625
NCF54,OUT035,2839.939105307238
FDE09,OUT013,1858.056453646379
NCE06,OUT045,2457.156818018834
DRH49,OUT049,1399.9571297686975
FDY43,OUT045,2683.885983073943
NCT05,OUT017,4126.533706518074
FDZ34,OUT045,3011.4626792929503
FDL38,OUT017,1579.2574899081712
FDZ31,OUT017,3165.365545932019
FDR14,OUT035,1021.4705953518269
NCN54,OUT049,1350.3237691307004
NCC42,OUT027,3677.1594196641654
FDK08,OUT017,1757.1328106778644
FDP59,OUT013,1761.5763414027651
FDV22,OUT035,2661.4237718887066
FDD33,OUT035,3890.7249493960444
DRE60,OUT027,5010.477430676329
FDK52,OUT046,3582.1667799635325
FDA02,OUT017,2416.906897143913
FDM56,OUT049,1907.1872250193262
FDE57,OUT035,2458.226996726458
FDM32,OUT045,1428.2293822820998
NCQ30,OUT027,3367.701659480299
FDQ27,OUT027,3167.7742537238655
FDT60,OUT027,3470.1124770187334
FDU43,OUT049,3948.4517319700653
NCO55,OUT035,1837.0769437575975
FDG02,OUT045,3013.81779196937
FDJ28,OUT013,3057.892463736417
FDP40,OUT045,1725.2520695456005
FDJ38,OUT045,3004.395813396468
NCC54,OUT017,3912.4686461663605
NCZ41,OUT046,2003.4172102880502
FDK38,OUT019,520.6405117174882
FDU52,OUT013,2496.6961098492475
FDC40,OUT046,1215.6503418394223
NCR30,OUT017,1282.0358677427678
NCN18,OUT017,1852.6223954809402
FDB50,OUT035,1452.613776565815
FDG04,OUT013,3019.8833052190703
FDR26,OUT035,2935.1236274506336
NCT17,OUT018,2709.390224687658
FDX35,OUT027,5061.897025887469
FDS12,OUT046,2043.6216235242896
NCZ29,OUT027,3456.761280505487
FDB38,OUT010,708.2652144405537
FDP12,OUT013,692.3205797025435
FDP22,OUT046,862.9400677607597
FDS26,OUT018,3809.586170021219
FDR52,OUT046,3037.455500118919
DRJ13,OUT046,2549.7084882447875
FDU48,OUT027,3565.5080256611072
FDE29,OUT035,1122.2919224767666
NCT29,OUT049,2041.9125725647586
DRK37,OUT018,2701.44036545197
FDK55,OUT046,1454.8270193993776
FDR07,OUT046,1602.5140200821418
FDO21,OUT027,5022.736538593811
FDK46,OUT049,4222.0471613472155
FDB12,OUT045,1629.4244546671584
FDT31,OUT027,4507.7815295689525
FDJ33,OUT045,1926.2107566958034
FDC26,OUT027,3250.877977454158
NCQ02,OUT045,2889.272768096923
FDP08,OUT010,1186.0740602603898
FDB11,OUT027,5065.655753017353
FDV55,OUT013,2417.50725727021
FDW20,OUT049,2105.2771190511357
NCJ18,OUT019,0.0
FDC41,OUT018,939.2345637266039
FDE14,OUT027,3137.0489260069344
FDG35,OUT013,2872.6957367007653
FDF45,OUT035,1154.45334333135
FDS19,OUT027,2764.161307818471
FDS58,OUT019,652.5389721479693
FDA26,OUT017,3561.981060255849
FDM32,OUT049,1581.3943128808414
FDL45,OUT046,2038.7874783900606
FDZ55,OUT049,2698.4553941194854
FDY37,OUT049,2411.1210149899275
FDO46,OUT046,3045.9584407174552
FDQ60,OUT046,1933.5586362759607
FDA19,OUT018,1859.1186561730424
FDL15,OUT046,2488.725621690343
FDM10,OUT018,3101.1456669281115
NCL05,OUT017,821.1063696211188
DRK49,OUT010,0.0
NCE18,OUT027,5390.515200178402
FDG40,OUT049,686.4401183366185
DRI59,OUT045,3450.1612539073967
FDK28,OUT035,4182.953486100787
NCD06,OUT019,0.0
FDO11,OUT019,2086.9797245459868
FDK27,OUT046,1953.8654270281654
FDT43,OUT027,2347.540338046224
FDD38,OUT018,1426.6455237762675
FDA16,OUT049,3575.4185255268885
FDL14,OUT027,3956.257575563309
NCM17,OUT049,827.2486730860636
FDD20,OUT045,1974.9938583609658
FDA40,OUT045,1349.6618800107967
FDL43,OUT045,1230.5523304280541
FDV15,OUT045,1596.4352624158887
FDE52,OUT046,1428.3706201270859
NCL17,OUT010,367.70469685134105
NCJ31,OUT045,3671.767553155749
FDR60,OUT045,1217.9981320984832
NCA18,OUT035,1964.9849139097792
FDS21,OUT027,2505.999453774327
FDW09,OUT035,1434.2491209765344
FDL26,OUT035,2648.982791788415
FDS47,OUT018,1180.0976872156466
FDC39,OUT046,3224.488882034486
FDT51,OUT035,1966.7880601084057
FDK40,OUT035,4297.2153845501825
NCG19,OUT045,3604.8410065593343
FDZ07,OUT046,1068.781138222893
FDF08,OUT027,2941.229231565163
FDO04,OUT013,948.1308461237033
FDK41,OUT018,1058.0281097250368
FDP15,OUT049,4155.057939556523
NCD43,OUT018,1380.7451777192578
NCP18,OUT013,2374.7157114824404
FDZ51,OUT046,1538.1657629575752
DRH13,OUT035,1877.1109592070216
FDF38,OUT045,664.7137707127861
NCI43,OUT045,723.0770644437648
FDM38,OUT027,2394.5655049724196
FDS03,OUT013,1119.7501080866984
DRJ47,OUT017,2836.11931731433
FDT50,OUT010,0.0
FDV02,OUT046,2714.4285293213875
NCG18,OUT017,1747.9811345597366
FDW52,OUT046,2618.946249245694
FDS40,OUT035,763.3409111904738
FDN31,OUT017,3185.2365355653756
FDA37,OUT045,1951.5253017109965
FDA15,OUT046,3927.54630671986
FDL39,OUT046,2848.143051911725
FDJ53,OUT045,1878.2111825556992
FDX22,OUT013,3381.45686154786
NCZ42,OUT045,3675.887361355608
FDD56,OUT027,4293.7416334564805
FDD40,OUT017,3153.5747003830265
FDS50,OUT013,3494.5698800883856
NCN14,OUT013,2935.1780244616375
FDT15,OUT013,2971.654410492946
NCS18,OUT027,3155.9743357630105
NCO26,OUT010,0.0
FDF58,OUT018,753.4261621165243
NCB19,OUT013,1392.1961005189667
FDH26,OUT017,2409.085604002714
DRB24,OUT027,3875.6384071362645
FDA49,OUT018,1169.5407803882279
FDB32,OUT045,1533.4997204963342
FDI36,OUT017,3246.82948784621
NCA17,OUT010,461.13132366085074
FDH22,OUT013,2030.8067114603452
NCM26,OUT018,2154.6610659996195
FDT15,OUT027,4390.258564499331
FDB16,OUT018,1108.0071455963348
NCP54,OUT027,3396.7124889167817
FDJ36,OUT013,1691.4997042364648
FDO28,OUT045,1842.1870577835684
FDU09,OUT013,940.0823045768823
FDF29,OUT017,2168.18202449247
FDY08,OUT013,2308.2014799301132
DRJ59,OUT018,366.3506303527222
FDT23,OUT027,2766.305600043881
FDU15,OUT018,401.6778228861749
FDT47,OUT013,1627.8466029702417
FDI53,OUT019,676.8900543585297
FDR59,OUT018,3889.734901122446
FDD53,OUT035,826.7558696317332
FDY51,OUT017,3607.609147066345
FDT04,OUT049,730.6458476886602
FDU51,OUT049,2928.5738902905614
FDG14,OUT035,2611.11845369991
NCU06,OUT045,3544.1399240250175
DRG25,OUT046,2943.2814911035393
DRH49,OUT035,1491.3966721507686
FDN15,OUT035,2399.5745321626837
FDL43,OUT018,999.6494526262317
NCT18,OUT049,2958.882922606038
NCB31,OUT013,4103.90626781831
FDK57,OUT035,2059.761402106318
FDY04,OUT019,689.9880353516527
NCP54,OUT046,1919.778517188221
FDF41,OUT013,3872.9551178137826
FDM01,OUT045,1616.9975921396153
FDW03,OUT045,1644.5657430266467
FDF28,OUT045,1896.713072709382
FDY37,OUT017,2426.0933638176302
FDQ03,OUT017,3879.800241408141
FDP51,OUT027,3397.2759756141377
FDJ40,OUT017,1884.984530243575
FDC32,OUT049,1653.6637059386558
DRI49,OUT027,2736.9828339231817
NCW54,OUT017,979.7656442997476
FDF09,OUT017,810.0698493581901
FDP45,OUT018,3695.625535884784
DRJ23,OUT018,2700.353803269273
FDS59,OUT017,1921.190452873119
FDY08,OUT046,2252.9593875486753
FDX16,OUT049,2448.038387043028
FDY16,OUT018,2643.30308139286
FDK32,OUT035,2634.258614845972
FDQ22,OUT013,714.6526969736212
NCC31,OUT018,2178.7519690718964
FDG58,OUT049,2551.7979441660373
DRF48,OUT013,3015.331017795763
DRH36,OUT049,1283.2951395295952
NCR30,OUT035,1338.3109618382668
FDB03,OUT019,1865.961524324849
FDZ28,OUT027,3466.174224078747
FDR35,OUT017,3284.896183828463
DRD15,OUT027,5127.016701360921
FDJ33,OUT019,87.91883548622263
FDA56,OUT010,77.87227954338232
FDP56,OUT046,858.6364823368774
NCT30,OUT046,767.1558107661028
FDK15,OUT017,1742.7275822494034
FDH44,OUT018,2125.24341980576
FDV01,OUT013,2537.9765916376427
DRG03,OUT017,2532.7574965439526
FDG50,OUT027,2958.512067060069
FDR16,OUT010,1464.5579863530202
FDZ60,OUT046,1748.870537791268
DRG03,OUT045,2386.4401080777316
FDS56,OUT018,3945.6762133845123
FDU33,OUT045,685.6901837163232
DRD27,OUT035,1747.5417329805698
FDW22,OUT046,3544.7360660870627
DRA24,OUT045,2514.882105982925
FDF38,OUT049,813.2084169340026
FDX48,OUT013,2518.0852028662193
FDS58,OUT018,2299.0049688123604
FDC32,OUT046,1549.3545583165187
NCQ29,OUT045,4046.885364045759
DRK39,OUT018,1086.9305612236649
NCS38,OUT017,1897.300622142416
DRO47,OUT013,1826.6923911781787
DRG27,OUT027,2154.6255173534582
FDC57,OUT027,4540.536013337789
FDS55,OUT046,2390.617071202054
NCJ06,OUT018,1613.762718607562
FDO01,OUT019,217.36762447486444
NCM55,OUT045,2859.5470172929226
FDC52,OUT049,2505.359215340847
FDQ15,OUT045,1244.7047133647761
NCT30,OUT027,2206.7633907016098
NCR42,OUT027,1977.9795482227812
FDD28,OUT035,1096.6574336533804
FDQ34,OUT049,1771.4669941258321
FDZ12,OUT027,3743.938634904649
DRE13,OUT019,0.0
NCN07,OUT019,214.74246887891672
FDM28,OUT035,3011.263598195752
FDI10,OUT017,2836.741732561745
FDQ25,OUT013,2794.4076114305644
FDA38,OUT010,1880.7896464861287
DRI13,OUT049,3514.9007835379834
FDY20,OUT027,2959.4421021055687
NCZ53,OUT035,3114.8981030357218
NCM31,OUT013,2304.273210129847
DRB01,OUT017,3082.579807810889
DRF37,OUT046,4115.722611955719
NCF42,OUT049,2856.25304060128
FDF16,OUT018,2086.6852900538775
FDB41,OUT013,820.2002682270125
FDR34,OUT013,3643.454002466292
FDR15,OUT018,2235.6812132695577
NCV42,OUT019,0.0
FDW51,OUT035,3522.4595673259964
FDU36,OUT017,1700.46893655967
FDX60,OUT049,1434.1892934793698
FDY03,OUT035,1983.9833474855313
FDW55,OUT045,3910.0882296797154
FDT01,OUT010,1465.2839091413177
FDG58,OUT013,2499.6007523721105
FDK21,OUT017,4062.1019540596117
NCS41,OUT019,990.0647757917752
FDS10,OUT045,2829.0061934111172
NCT53,OUT046,2621.023294482421
FDJ28,OUT018,2749.4058340145693
FDX44,OUT045,1405.935216014813
FDT20,OUT018,432.6536673235123
FDO44,OUT017,1919.432752107204
NCX17,OUT049,3795.1845039310247
FDY01,OUT017,2003.2676927707198
FDJ12,OUT027,4795.293541826102
DRK35,OUT018,352.58959163517886
FDD47,OUT019,793.4077998177381
NCM53,OUT035,1848.913636873951
FDO45,OUT013,1460.5156639427023
NCM42,OUT010,0.0
FDE04,OUT046,2856.2948226572507
NCI30,OUT027,5328.8194186968185
FDZ19,OUT013,2853.041085907421
FDW57,OUT013,2849.391136106404
FDA25,OUT013,1726.2601213726039
FDT22,OUT046,975.0723821794388
FDP51,OUT013,1961.5144836093439
FDD48,OUT027,3342.5563043384336
FDY39,OUT035,3075.0322800604517
FDO48,OUT010,1626.8530271165437
FDD23,OUT027,4439.599047446083
DRN35,OUT027,2083.1889693483326
FDT01,OUT035,3558.1109445067623
FDC20,OUT010,0.0
DRJ35,OUT035,1174.2929485102272
FDB32,OUT046,1574.5496702959545
FDL24,OUT046,2783.998546916897
NCV42,OUT035,1920.7832086936826
FDZ46,OUT046,1764.4814688496463
FDC15,OUT013,2462.0800230073646
FDD08,OUT019,0.0
FDY50,OUT049,1506.989570539349
FDD36,OUT013,1972.2218325203214
FDG57,OUT027,2315.8837129212525
FDL21,OUT018,433.1115133036727
FDN16,OUT027,3087.81160732663
FDJ09,OUT027,2224.4352995122617
FDS01,OUT010,991.0364314581038
FDV33,OUT017,4226.919451954833
DRE12,OUT017,1919.041569948877
FDR07,OUT013,1649.95731810543
FDP48,OUT010,1029.1506849272728
NCB55,OUT035,1046.1559844301494
FDQ08,OUT013,1075.92483069445
FDR34,OUT035,3810.472694048688
FDO33,OUT046,1807.9963001405163
FDP13,OUT045,619.036001196924
FDX12,OUT049,3966.7856494839752
NCT06,OUT049,2711.7958923672213
FDR16,OUT019,1475.2701364417317
FDE36,OUT046,2653.9219662291453
FDZ36,OUT049,3054.9331586224716
FDV13,OUT045,1409.8428404631259
NCZ17,OUT035,754.3894999292395
FDU56,OUT045,2898.9495095259554
FDM09,OUT035,2862.657824195966
FDV02,OUT017,2808.784718259904
FDS34,OUT018,1541.4335507322885
FDA11,OUT049,1664.357309877354
FDP09,OUT017,3471.5937562120635
FDB29,OUT027,3283.0481916760637
FDT19,OUT017,2888.074557797394
DRH15,OUT017,838.4586077158308
FDY38,OUT046,3659.9782560193144
FDF14,OUT027,3923.480331284375
FDN48,OUT010,0.0
FDQ12,OUT013,3706.996197667585
NCJ43,OUT045,2648.756711246766
FDE17,OUT019,521.385463852622
FDB05,OUT035,4064.730879939193
FDH10,OUT045,2999.5042585326537
NCR06,OUT017,769.7324841609056
FDU32,OUT018,1728.1074052421677
FDD56,OUT049,2900.8148471448594
FDO36,OUT018,2624.200985024196
FDH16,OUT010,0.0
FDX10,OUT018,329.8209621143019
FDZ37,OUT017,1586.1296300782153
FDU31,OUT010,1592.6346116769464
DRC49,OUT049,2343.0130982412475
FDL15,OUT045,2391.6177310516578
FDN32,OUT019,1118.4757314533417
DRH59,OUT027,2664.2871213722196
NCU29,OUT049,2449.6100106244544
FDR37,OUT019,1054.591285859945
FDS14,OUT018,2195.512126144584
FDU02,OUT027,5007.750750557233
FDJ08,OUT035,3244.456795617285
NCZ06,OUT045,3896.592108239107
FDO31,OUT049,1478.7949766683591
FDH31,OUT018,1389.1312550451157
FDS58,OUT017,2663.7946683042665
NCA53,OUT027,2270.11148055557
FDF50,OUT046,3173.4407054150306
NCW42,OUT049,3584.1476946273942
NCQ17,OUT045,2400.989198095982
FDK51,OUT018,3872.162172583846
NCW41,OUT010,592.0327948396692
NCR29,OUT017,1011.5583079570174
FDB08,OUT019,688.3261433894079
FDA40,OUT027,2830.32053496517
FDL14,OUT018,2286.7715716515086
FDB47,OUT046,3293.5681025818412
FDO03,OUT035,3786.4682991784966
DRK13,OUT019,1196.6171236401938
FDX13,OUT010,2055.204873093109
FDF52,OUT046,2899.697394450297
FDT11,OUT013,3053.8690750145106
FDB08,OUT013,2638.4177698801914
FDQ28,OUT018,2196.6679892485126
FDD29,OUT045,3922.1547018595456
NCQ29,OUT027,5566.5170659425185
NCO02,OUT013,1081.9623842929734
FDR56,OUT010,1227.4189256990721
NCM54,OUT049,2069.4188010770786
FDP51,OUT035,2041.3371408310902
FDT38,OUT013,1379.0355119139
FDZ20,OUT018,3780.115406082654
FDJ53,OUT013,1957.3795598175877
FDX13,OUT049,4083.4207938179898
FDP58,OUT035,3627.0007816077114
NCK31,OUT019,0.0
FDA35,OUT018,1721.535932762921
FDV37,OUT018,2916.4432934283955
NCO07,OUT027,4823.245740413426
FDA20,OUT045,2953.9628652894744
FDZ59,OUT035,2837.7800330723912
NCY17,OUT017,834.7227720545153
FDQ28,OUT035,2578.7618321886534
FDV35,OUT017,2582.621657047479
FDQ36,OUT013,641.5068095174661
FDD34,OUT018,2335.173460359547
FDK51,OUT045,4095.749476892922
FDV31,OUT035,2978.1952621384817
FDR04,OUT035,1694.1489538046326
FDR14,OUT049,968.906731620734
DRC36,OUT010,840.3523860891225
FDE39,OUT019,11.593555630697438
FDP57,OUT049,1789.00935013835
FDE57,OUT046,2312.2784644490985
NCN18,OUT046,1744.320036561598
NCQ05,OUT018,2116.011120869679
FDW47,OUT035,2096.6258369147718
FDV46,OUT035,2362.881099803018
NCP29,OUT045,948.4988163624159
FDE09,OUT018,1558.9116157994652
NCU06,OUT027,5045.051146940218
FDT19,OUT010,868.7150579154321
DRF15,OUT017,2533.914507343388
DRI51,OUT013,2739.7556946722434
NCX54,OUT013,1676.6318633064302
DRE01,OUT013,3811.126840864633
NCB07,OUT045,2991.0285156549144
FDU50,OUT035,1945.4045249063697
FDG40,OUT035,729.6197481698443
FDW10,OUT018,2520.076379786181
FDX51,OUT013,3144.3268729538468
NCP17,OUT045,968.6735070583491
FDP21,OUT035,3138.414896021347
FDL04,OUT045,1610.0789148106917
FDV23,OUT013,2022.4995392960016
FDF24,OUT046,1350.806757646606
FDH56,OUT027,3330.1229838963563
FDB51,OUT049,1087.9189675618763
FDI58,OUT027,2993.43992106097
FDR20,OUT013,876.8667573334865
FDC51,OUT018,1674.2487151750179
FDB16,OUT027,2822.664783404447
FDE40,OUT049,1060.2890282662797
NCM17,OUT035,871.9951841808006
FDU56,OUT035,3140.4305123124077
FDS32,OUT019,410.56478371993285
FDX02,OUT049,3618.548609398267
FDT39,OUT027,3920.4091232605488
FDE35,OUT017,1093.0536594717028
NCI42,OUT019,1405.8248320113662
DRL23,OUT046,1716.1172841615407
FDA10,OUT046,1953.4537435252519
FDA11,OUT013,1602.7996085910754
NCM06,OUT046,2427.5671513688285
NCT05,OUT035,4210.7801569637
NCQ02,OUT010,1017.6059839014836
NCY06,OUT049,2136.491487201978
FDY56,OUT035,3750.276970564677
FDL02,OUT035,1867.4706225195873
NCI06,OUT035,2942.9697403732334
FDQ14,OUT045,2294.678528453978
FDQ12,OUT017,3743.0429422435973
FDP36,OUT046,831.3407486648124
FDK21,OUT027,5429.036164003371
FDO40,OUT045,2287.447441547414
NCK54,OUT019,0.0
FDY09,OUT018,2546.562799882909
NCW30,OUT049,4185.165606737979
NCC55,OUT027,2033.9840380393398
FDE58,OUT018,1615.3970356991376
FDR39,OUT013,2981.865959791141
FDU28,OUT049,3053.483733592512
FDH08,OUT017,3770.635793924309
FDG35,OUT045,2770.20694087828
FDG22,OUT049,713.9478458989577
FDC34,OUT035,2629.1701863998933
FDP15,OUT018,3770.9634547818723
FDK34,OUT010,1881.2047833909878
FDU45,OUT035,2015.1391049113715
FDQ04,OUT027,2115.0675422610825
FDX22,OUT018,3060.5138200108113
FDB45,OUT017,1833.6340626475062
NCH43,OUT027,4848.253174584475
DRE60,OUT046,3514.750699579139
FDD17,OUT027,5182.506260069872
NCM54,OUT017,2107.7268303908336
NCH55,OUT013,2039.3776793882892
NCT06,OUT017,2700.2913838077734
FDA48,OUT027,4968.099977420304
FDY58,OUT027,5072.209704418531
FDO25,OUT045,3311.8821541606812
FDN50,OUT045,1517.8785271921229
FDH35,OUT035,2810.144827149053
FDK09,OUT045,3530.2182229726477
FDO16,OUT013,1371.515124912498
FDW11,OUT045,1007.3630895713885
FDU47,OUT027,3708.6325683904824
NCQ42,OUT010,111.33914485380274
FDK55,OUT027,2927.0819224926527
FDN08,OUT049,2010.5555920803938
FDT57,OUT045,3703.7058260252597
FDJ12,OUT018,3037.051515445035
DRL59,OUT017,984.8156380080367
NCN53,OUT046,602.3538156256014
FDO51,OUT010,0.0
FDK56,OUT017,3133.2912054194812
FDY12,OUT035,1022.7690384634145
FDU15,OUT035,799.3397905527047
FDQ19,OUT046,3898.658098680373
DRF15,OUT045,2389.135012981388
DRE25,OUT019,0.0
FDK57,OUT018,1638.703805583098
FDD33,OUT010,1782.3224626981175
FDR34,OUT027,5082.278673733733
FDU04,OUT045,1878.2381399350584
FDE35,OUT019,0.0
NCD31,OUT035,2705.7691415912204
FDJ56,OUT035,1787.6900769729673
NCU53,OUT046,2616.2660135227425
FDD39,OUT035,3516.807619600606
NCU17,OUT019,0.0
FDJ20,OUT046,2020.8061525540122
NCW41,OUT018,2224.438485523826
FDL52,OUT035,789.0801768514518
FDS39,OUT035,2433.711695407546
DRJ47,OUT045,2700.6886848211616
FDP13,OUT010,0.0
DRK39,OUT010,0.0
FDF28,OUT010,103.83931562326939
FDB09,OUT045,1993.2146692568724
FDM51,OUT046,1647.0456137216033
DRM49,OUT018,446.80429008998465
DRF23,OUT013,2822.0314808322482
DRH01,OUT035,2863.926043773929
FDH12,OUT027,3192.649334189512
FDA28,OUT019,95.32727738131211
FDW37,OUT018,1221.4430841661183
FDF02,OUT046,1712.8425366551246
DRL37,OUT046,716.1407017110218
NCF43,OUT046,2226.1043161729576
FDH08,OUT010,1756.0715808655918
FDR34,OUT019,1748.3562403119777
NCK19,OUT049,3166.4631001389243
NCD55,OUT018,413.16195495616046
FDT27,OUT049,3818.694476357381
FDQ57,OUT045,2289.1437121317304
FDA47,OUT035,2741.6269327703885
DRG15,OUT027,2482.662571497209
FDE05,OUT018,2045.1919390003623
FDN46,OUT046,1616.980393194029
FDX27,OUT027,2910.190701571686
FDT51,OUT045,1742.4288402517736
FDU33,OUT013,778.9039899906916
FDJ16,OUT027,2415.4736604588115
FDD20,OUT019,125.69180448739019
FDT36,OUT049,688.9023335844054
DRF15,OUT027,3880.6530768150897
FDN52,OUT010,0.0
FDC22,OUT027,4478.808513217929
FDX15,OUT045,2497.530054713142
FDT13,OUT013,3055.89092147624
FDU04,OUT017,2051.060619639512
FDU31,OUT019,1585.4244255864655
FDW59,OUT027,2870.4283469541288
NCO29,OUT046,2627.0586407559585
FDL15,OUT035,2601.979045089448
FDI41,OUT049,2411.8972635867276
FDQ48,OUT049,1722.5305681722093
DRI39,OUT013,944.2149068607437
FDI08,OUT013,4045.019592210183
FDC21,OUT049,1922.0228184632685
FDF58,OUT035,1188.44114890872
FDS08,OUT010,962.9822438349357
FDE47,OUT045,1949.1810044356273
NCP18,OUT019,501.24059435775155
NCR41,OUT013,1597.583226172168
FDA27,OUT013,4023.0475289872356
FDA43,OUT035,3272.998838920047
FDA49,OUT045,1381.7746528842783
NCE55,OUT018,2503.4117023643057
DRM49,OUT027,2186.54673341435
FDF22,OUT027,4850.435876386652
FDQ15,OUT018,1044.8941281764169
NCS54,OUT017,2857.387110373321
NCY05,OUT013,648.4598746165573
FDR45,OUT046,3802.0474768898466
FDK57,OUT049,2046.1505184215755
FDF41,OUT010,1976.9980186907599
FDV21,OUT046,2001.9354667396915
FDD51,OUT046,722.5940801082453
FDF33,OUT046,1975.8089793559618
FDA38,OUT046,3749.0066552790586
FDR56,OUT045,3080.9317013393347
NCN41,OUT017,2050.212286810448
FDC60,OUT027,2888.706362334071
FDB47,OUT045,3230.7034372471326
DRH01,OUT013,2795.003355829715
FDW08,OUT046,1726.8868820170965
FDF38,OUT027,2168.678662308589
FDY32,OUT017,2736.888463598051
FDG34,OUT049,1871.5081503703386
FDG47,OUT019,2261.193322457605
NCF18,OUT035,3114.2886919132134
FDL39,OUT019,947.2873973996386
NCH55,OUT035,2128.547830786906
DRJ35,OUT049,1106.2151486025432
FDS44,OUT035,3955.0154110040685
DRE01,OUT018,3494.725629682409
FDY39,OUT013,2987.4205042357416
FDY32,OUT018,2337.877604366156
FDR33,OUT027,3251.2146087870624
NCP50,OUT049,1404.5881662247327
FDZ47,OUT018,1333.855430845409
FDU57,OUT049,2527.5140137897333
FDY44,OUT013,3172.9938186222116
DRH59,OUT018,932.4813305415257
FDB03,OUT027,5200.608628454039
FDY46,OUT045,2906.988518892844
FDM39,OUT045,2719.5923159553085
FDY36,OUT035,1397.5845197163521
NCM55,OUT035,3049.6764021733707
FDJ50,OUT010,0.0
DRL60,OUT013,2424.7701945251692
NCJ54,OUT049,3733.5670735001086
FDX59,OUT017,716.2190261107426
FDI07,OUT013,3221.518874597916
DRF51,OUT010,0.0
FDM14,OUT017,1925.2922919343855
FDP21,OUT045,2928.0620275087585
FDE40,OUT035,1145.5245439193388
FDE05,OUT035,2486.4524087926466
FDM13,OUT027,3607.426532488592
FDC34,OUT027,3935.3615781181725
NCI55,OUT018,1663.9167335495001
NCE43,OUT018,2363.5050511249647
FDW58,OUT018,1463.969383135169
FDG60,OUT045,3663.133618030116
FDV31,OUT017,2949.9067815784965
FDR47,OUT013,3134.02086648962
FDM60,OUT019,0.0
NCF06,OUT018,3774.5171626773435
NCN26,OUT027,3298.3008578335184
FDQ59,OUT049,1515.2182846631295
FDF09,OUT046,687.6390677561259
NCS06,OUT017,4258.150806762934
FDT44,OUT046,1937.87646216259
FDI19,OUT017,3992.347079221764
FDT22,OUT017,1092.7293140204447
NCF54,OUT027,4132.0117840077
DRG25,OUT045,2871.0946306116393
FDB59,OUT017,3249.527036368685
FDQ37,OUT017,3219.4302722719694
FDP56,OUT035,1001.4715124184916
FDW44,OUT035,2932.196683718854
FDJ26,OUT010,1527.2557441690149
FDU43,OUT018,3528.5598208590545
FDW33,OUT045,1621.496272286505
NCX53,OUT027,3737.607978302889
FDN56,OUT010,453.23893471995194
DRF15,OUT049,2528.2886891825574
FDO33,OUT017,1945.9167680953374
FDZ39,OUT010,0.0
NCJ19,OUT017,993.7121428494588
FDU01,OUT035,3134.0124810514617
FDT12,OUT035,3714.220018545506
NCM18,OUT018,704.0851998311995
FDP19,OUT017,2198.567437662975
NCR42,OUT049,636.5075052859138
FDN10,OUT046,1914.8847771150472
FDG44,OUT017,1057.3822279529736
FDQ10,OUT046,2741.330072266782
DRH13,OUT049,1785.671661485389
FDT52,OUT013,3898.6046176142936
FDM56,OUT045,1761.802650460715
NCO43,OUT010,0.0
NCV29,OUT035,2960.240316148702
NCF06,OUT013,4109.470063391147
FDO50,OUT035,1666.9436494662627
FDT59,OUT013,3699.5465783843656
FDX40,OUT027,2064.8260095555142
FDE50,OUT017,3117.860007534371
FDX51,OUT017,3261.349612664487
NCD30,OUT018,1283.4764311976974
FDK15,OUT013,1672.502973897837
FDL12,OUT045,951.651016824065
FDK46,OUT017,4210.533133819449
DRH49,OUT010,0.0
FDQ57,OUT046,2358.220008540873
FDY59,OUT017,1644.1636685475703
FDO09,OUT018,3849.8396619021623
NCG30,OUT035,2122.2395397115924
FDM09,OUT017,2790.797540673103
NCN17,OUT027,3073.597570097696
NCS42,OUT013,1449.3568183887753
FDD02,OUT019,26.078872087098944
FDE34,OUT013,2926.490032811349
FDU38,OUT045,2953.2944003273533
FDB33,OUT046,2570.225316958402
NCJ29,OUT017,1510.7002824145013
FDZ27,OUT035,928.6896082007086
FDI40,OUT013,1622.4924390612023
FDG22,OUT013,688.1986557806265
FDT51,OUT017,1921.4754753844718
FDF20,OUT018,2927.7428612576714
FDV50,OUT035,2062.2258267873576
FDT02,OUT049,695.1271185735927
DRC49,OUT017,2393.765702143958
FDF26,OUT049,2570.1464131545117
FDV52,OUT035,2030.2395740236466
FDX59,OUT049,730.8470526298534
FDV25,OUT035,3707.178272538443
FDW23,OUT027,2126.487389995452
FDE53,OUT018,1456.4140796206173
FDA19,OUT017,2239.4677788113036
FDH22,OUT046,2014.4930681789217
NCO41,OUT013,1611.7852424869438
FDX12,OUT017,3947.4755841299766
FDF17,OUT013,3150.522235531451
FDS11,OUT045,3475.2172644338643
FDR51,OUT035,2543.045206524792
FDT49,OUT010,0.0
FDC56,OUT013,2000.543683004673
FDR13,OUT027,3372.2957024375683
FDQ60,OUT035,2088.8512496988405
FDN38,OUT049,4068.053732787929
NCL29,OUT013,2528.947709216616
FDO13,OUT027,4093.4234043710467
FDE26,OUT018,2061.226262403299
FDA31,OUT010,865.3893108066189
FDX14,OUT035,1341.6743602325423
FDA34,OUT045,2747.463278124983
FDF26,OUT013,2521.045605164968
FDE38,OUT045,2630.404154475757
DRI11,OUT046,1833.860830917446
FDQ60,OUT027,3365.407255927239
FDL21,OUT027,2136.809252059266
DRC12,OUT027,4482.142921094519
FDC47,OUT046,3604.245507247603
FDE57,OUT045,2222.9590350023927
FDT14,OUT045,1819.283059832228
NCZ53,OUT046,3009.4300780153544
FDE28,OUT018,3343.3468222041056
FDR19,OUT035,2479.2610471792473
NCF54,OUT019,826.4570831957293
FDZ08,OUT046,1363.8248678090717
NCJ05,OUT018,2176.9181974455832
FDF59,OUT046,2075.9685267272616
NCO05,OUT035,1759.7129610850895
FDW24,OUT018,576.9707424504817
NCX42,OUT018,2339.39840248775
NCA53,OUT035,953.1597836612307
FDI45,OUT019,968.8378516050634
FDG46,OUT046,1829.147453029234
FDM20,OUT010,1984.9026940537985
FDW11,OUT010,0.0
FDX08,OUT035,3049.5114222087077
NCK17,OUT035,830.4189520283164
FDK32,OUT018,2192.9869940434573
NCA42,OUT035,2652.0947800095655
DRI01,OUT035,2845.3682561256555
NCL55,OUT049,4089.1439337705688
DRE25,OUT018,1228.871401368735
FDD14,OUT017,3045.6579941039754
FDB10,OUT046,3731.806168507157
DRN11,OUT035,2443.081789586229
FDP38,OUT018,624.0504154710231
NCA30,OUT017,3049.615805034082
FDT15,OUT017,3066.855777607456
NCP55,OUT018,657.8967251943681
FDF12,OUT035,2531.2358353672116
FDM21,OUT018,3776.5394455042115
FDX56,OUT035,3454.795325981677
FDF10,OUT017,2416.017371139522
FDT32,OUT045,2989.9758761506237
FDM51,OUT018,1389.1046386778667
NCR50,OUT018,2155.951361940858
FDI19,OUT049,3957.1539506061554
FDX21,OUT017,1844.5315102917425
FDR31,OUT035,2516.502478992539
FDY02,OUT013,4120.4547300160275
NCA29,OUT045,2612.4806112732294
NCX17,OUT046,3648.842437395224
FDM12,OUT045,2971.0862217426056
FDI53,OUT027,3983.823566093475
NCU30,OUT049,2677.2301446786632
FDC56,OUT027,3431.6608944632862
FDK27,OUT018,1731.746381555957
NCK18,OUT017,2725.341957260598
FDB52,OUT019,2144.725879149567
DRG25,OUT027,4427.985883871781
FDZ13,OUT049,992.7038819077153
FDB57,OUT019,1699.9596956762732
FDR40,OUT046,1346.202868157658
NCO14,OUT019,0.0
NCN19,OUT045,2946.746061611003
FDQ28,OUT019,561.9359979703156
FDO13,OUT018,2378.7395408599386
FDK48,OUT013,1317.1980466534956
FDU07,OUT018,2206.047327836679
FDW20,OUT046,2036.747115504966
FDV12,OUT010,0.0
FDH24,OUT013,2581.2455557016483
FDV59,OUT049,3545.840707227324
FDK57,OUT045,1861.841898833155
FDL16,OUT027,2189.07175821203
NCQ17,OUT046,2460.7568335185615
FDJ15,OUT018,2639.9617630405974
FDX24,OUT049,1641.7341067192647
FDT47,OUT046,1589.7442644841585
FDT10,OUT049,1109.3226179927042
FDZ37,OUT018,1199.5425961517417
FDW43,OUT027,5138.340938841738
DRN36,OUT017,1633.1177728267992
FDJ14,OUT045,1290.6524154115402
FDA32,OUT013,3530.177482622901
FDJ38,OUT019,1166.4451542343536
FDQ57,OUT017,2460.4232681550766
NCQ41,OUT019,1178.4671296081951
FDG56,OUT049,1137.2319063372477
DRC13,OUT027,3423.646474172535
FDV55,OUT035,2503.5611630675085
FDQ49,OUT045,2473.746023844647
FDE29,OUT010,0.0
FDR03,OUT013,3328.2091413571306
FDD45,OUT049,1642.742349058217
FDN38,OUT010,2064.003794851418
FDT56,OUT046,1004.1903163961082
FDT48,OUT045,3126.221566339671
FDU03,OUT049,2990.5984710641187
FDC56,OUT010,23.257442215864444
NCO43,OUT027,3036.041460885126
FDQ27,OUT017,1774.3442901114315
FDR03,OUT046,3301.0189263213015
DRH23,OUT010,0.0
FDG22,OUT045,591.9196611839742
NCJ42,OUT013,1676.1571964693894
FDR24,OUT046,1490.1724218515176
FDW60,OUT035,2971.7485031184797
FDJ08,OUT013,3089.904622951476
DRL59,OUT018,602.8998049330265
FDG60,OUT010,1784.9461292391456
FDW27,OUT017,2599.340750278701
FDX14,OUT018,948.6456085170494
FDC20,OUT013,1018.5197687929497
NCS29,OUT018,3876.166183235752
FDJ56,OUT046,1651.07803480436
FDB20,OUT019,0.0
FDL28,OUT027,5059.837077656247
FDW01,OUT018,2188.655037655503
FDL03,OUT046,3167.1135879981057
FDX22,OUT049,3425.8971845214564
FDJ21,OUT035,2463.898201038546
FDR31,OUT045,2338.8356087649845
FDG21,OUT035,2747.45291743473
FDS22,OUT027,2185.2078168195094
FDK08,OUT035,1788.4214170206233
FDE17,OUT018,2136.5961681680883
NCN30,OUT017,1624.6511488296496
FDT50,OUT046,1534.321089101314
NCX42,OUT049,2675.1923503244325
FDJ12,OUT035,3462.7478347845754
NCA18,OUT027,3299.102001084385
FDP23,OUT019,1573.1604557880648
FDX12,OUT013,3875.6275207101335
FDN40,OUT018,2147.2171968115754
FDV48,OUT035,1436.9939412951317
NCY54,OUT013,2706.741891981841
FDL16,OUT010,0.0
FDR45,OUT018,3530.0919186445517
FDJ52,OUT046,2566.540045710929
DRG01,OUT017,1347.4850888362907
FDP52,OUT013,3679.34971430923
FDU58,OUT017,3080.0676598428818
FDL02,OUT045,1669.54150310671
FDG28,OUT013,3884.2530098144307
FDA19,OUT035,2258.3597187981222
FDW46,OUT027,2547.2696950264317
NCD43,OUT049,1732.1130060923433
DRG39,OUT013,895.1315357284335
NCF55,OUT049,678.4479179398613
FDJ07,OUT046,1930.1069028144445
FDE08,OUT046,2447.8596451105423
FDP56,OUT019,0.0
FDT45,OUT045,825.2885815424644
FDF17,OUT018,2812.4354268109946
FDX44,OUT046,1478.1309194683947
FDM28,OUT027,4303.33443319203
FDI36,OUT049,3258.2852092546273
FDS07,OUT045,1825.8270458165875
FDD36,OUT045,1849.4855650394693
FDW11,OUT046,1028.1823542992354
FDN40,OUT049,2548.4390324552833
NCQ18,OUT049,1627.482590274968
NCQ54,OUT017,2726.321210442391
NCS42,OUT045,1373.3032552276363
DRH39,OUT010,0.0
FDC09,OUT027,3179.4603203321085
FDT08,OUT010,541.4039416537607
FDC08,OUT035,3751.5777491360413
FDT20,OUT017,797.4374832970307
FDS35,OUT035,1215.0956255899603
FDX58,OUT018,2628.620952465239
FDW58,OUT046,1725.0077745888952
DRD27,OUT046,1607.8322718496283
FDH32,OUT019,0.0
FDS26,OUT035,4257.1186557094625
FDQ31,OUT046,1463.1814936101164
FDP11,OUT018,3223.309139417227
FDD58,OUT017,1718.1193577844542
FDM33,OUT045,3389.973037766693
FDZ16,OUT049,3177.2953542646537
NCS29,OUT010,2249.6110539277906
NCM18,OUT019,0.0
FDP11,OUT049,3596.498319967688
NCC42,OUT017,2358.423151165702
DRM23,OUT046,2736.4903832973223
NCN55,OUT027,5214.351124249262
FDK46,OUT013,4116.899086605062
FDR01,OUT046,3200.569126014464
NCA05,OUT045,2326.117400613787
NCP43,OUT017,2920.243246878843
FDR12,OUT010,822.5133533114433
FDQ01,OUT013,4108.665038088846
FDM13,OUT046,2133.581672206071
FDQ19,OUT017,4003.9603985425147
FDK56,OUT019,1080.7601482954553
NCX06,OUT010,959.7250814236677
FDO56,OUT027,3411.8805058986018
FDU45,OUT045,1753.4037003046644
FDI16,OUT019,0.0
FDL32,OUT046,1858.1523047311734
FDA07,OUT046,2037.5376475317858
FDA14,OUT045,2248.4914492674425
FDV46,OUT027,3701.632089326985
NCO07,OUT035,3504.737203362626
NCP41,OUT046,1706.8636812749842
FDY60,OUT018,2017.773578701326
FDN38,OUT017,4111.001859537756
FDO15,OUT046,1260.0143818096692
FDT60,OUT013,2012.561119468233
FDA55,OUT035,3746.6394787252802
FDE02,OUT010,0.0
DRJ39,OUT049,3597.560258567145
FDV34,OUT035,1378.8585117228586
FDS20,OUT027,4429.245382000713
FDF02,OUT027,3147.7998002969543
FDW40,OUT017,2379.0894973498084
NCB43,OUT046,2923.374882038802
FDR58,OUT017,1587.043210327246
DRJ59,OUT035,834.0686917076318
NCD30,OUT017,1671.618348726363
FDE14,OUT017,1737.3782262080038
FDC28,OUT018,1455.8837344338053
FDU16,OUT018,1085.810709484981
NCD19,OUT035,1043.50266866422
FDU21,OUT046,620.8484625027562
FDV59,OUT027,4918.462421484446
FDU03,OUT045,2843.6959302857103
FDC33,OUT010,1287.5827814257882
NCR42,OUT035,710.8252468717549
DRH59,OUT035,1375.3189164962344
NCM31,OUT035,2396.561280556137
FDS50,OUT035,3633.559259601723
FDP39,OUT046,899.034566249416
FDQ55,OUT013,1966.4566950363057
FDV36,OUT019,127.59332749137172
FDI05,OUT027,2684.3684415614744
FDS45,OUT027,3190.0731376098192
FDA39,OUT045,624.6316114994065
FDC37,OUT010,0.0
FDJ60,OUT027,4119.877031217128
DRQ35,OUT046,1974.9712413776647
NCJ06,OUT046,1893.5071515246236
NCY42,OUT018,2002.890873480121
DRM37,OUT049,3186.9436044117365
FDR14,OUT045,745.6668487903235
FDE51,OUT049,805.2230185498211
FDT33,OUT017,2768.180497494509
FDR08,OUT013,1898.251685541954
FDE36,OUT010,704.3003208306451
FDL22,OUT019,0.0
FDR44,OUT013,2180.67819313495
FDI56,OUT019,0.0
FDE47,OUT010,156.3018551574179
FDV27,OUT010,0.0
FDV10,OUT049,810.3504826290102
FDC40,OUT045,1177.6988611095333
NCX41,OUT013,3371.1344309302285
NCQ38,OUT027,3131.3738780553304
FDV12,OUT027,3094.4597569655307
FDE52,OUT017,1510.3030096482448
FDG20,OUT027,4300.626197505056
FDV16,OUT027,2027.8468632655422
FDI32,OUT017,1972.9715879602456
FDJ32,OUT049,1167.7107141604156
FDN39,OUT018,2448.612286031628
FDY34,OUT017,2782.8195184582664
FDC14,OUT035,893.0987511235991
FDA55,OUT017,3713.733212412132
FDZ50,OUT010,936.6536772622493
DRG13,OUT049,2713.1568330558002
FDP01,OUT013,2504.99814894934
NCG54,OUT017,2809.9162114296823
FDM13,OUT045,2075.3908393721786
NCO18,OUT027,4259.5177852579345
NCW41,OUT013,2525.1347472701423
FDM52,OUT027,3812.361514516295
NCF55,OUT035,715.3940673546963
FDT09,OUT046,2120.6127203070555
NCM19,OUT035,1907.747945151445
FDW12,OUT018,2094.4438295261634
FDP15,OUT019,2164.1935350057884
FDK36,OUT045,771.3738672475929
FDZ25,OUT035,2927.9025881237403
NCW06,OUT049,3130.54106613723
FDW60,OUT046,2866.280733879481
DRC49,OUT013,2329.7297915057534
NCT17,OUT035,3149.101081651179
NCN06,OUT018,2297.1815169439587
FDC45,OUT013,2785.2882501001695
DRJ47,OUT019,831.0472879610437
NCF06,OUT045,3983.6205028244785
FDE21,OUT010,25.420741042836084
DRG27,OUT013,709.5079613109597
FDW40,OUT049,2345.4927829900766
NCO53,OUT046,2909.426921656228
FDE23,OUT049,891.4233273179677
FDQ16,OUT046,1746.9293216526235
FDS26,OUT045,3998.475292822439
FDZ13,OUT010,0.0
FDS14,OUT049,2560.9078842925455
FDC10,OUT045,1845.5357821062007
FDY16,OUT049,3031.16526435789
FDJ20,OUT035,2202.5662068541205
FDV43,OUT035,912.5157246981881
FDZ32,OUT027,3212.509964480517
FDR23,OUT046,2803.580535261941
FDN24,OUT035,1035.4792561460422
FDE34,OUT027,4356.040352616764
FDU31,OUT013,3542.4792559255866
FDW33,OUT018,1451.286673549126
FDU26,OUT046,1859.3252991244067
FDE20,OUT027,4211.49200927089
NCW05,OUT035,1827.7708939145741
FDB22,OUT018,2141.508913136392
FDO56,OUT046,1920.9255106744029
FDA19,OUT027,3580.0205844894926
DRI39,OUT045,849.4638048245979
FDH52,OUT018,712.0591567314557
FDZ50,OUT035,3015.010761245245
NCN42,OUT035,2467.6546392093633
FDB53,OUT013,2379.812585603727
DRG11,OUT017,1859.637104023837
DRK11,OUT027,3837.5220931544236
FDQ60,OUT017,2079.24306072911
FDT36,OUT017,703.811341428875
DRG25,OUT018,2655.7640111490637
DRJ23,OUT046,3029.9251089370573
FDG05,OUT035,2653.110935622266
NCK06,OUT018,1638.6440532936022
FDU52,OUT017,2560.7339908973036
FDW07,OUT018,1186.9314754138736
NCM17,OUT045,675.6363092900693
FDA22,OUT045,2649.2194670625504
NCA41,OUT018,2801.340684119011
FDF38,OUT035,901.5346465407429
FDH52,OUT046,1021.39207125289
FDY58,OUT019,1692.9500969098838
FDZ16,OUT045,3006.992212024641
NCM18,OUT017,1081.3124711906694
FDA22,OUT018,2412.0674801085343
NCJ43,OUT035,2915.159486547592
FDI34,OUT027,5101.326573604445
FDG56,OUT046,1057.8257505327
FDS34,OUT046,1863.2462815198423
DRC01,OUT035,974.0181292022751
FDQ04,OUT035,802.7231041578748
FDK04,OUT035,1097.9060032669547
FDT51,OUT049,1903.3775698208867
FDV26,OUT017,3186.90149517766
FDS04,OUT049,2331.704843648159
FDW43,OUT018,3391.0244101042554
FDQ28,OUT010,530.7209480661484
NCK06,OUT017,2020.5635158023024
FDS23,OUT018,1816.3920421116352
FDZ36,OUT019,1099.2448559836307
FDE56,OUT018,781.7206127027704
FDW10,OUT027,4237.8285507667
NCN14,OUT045,2852.914373665165
NCQ18,OUT045,1468.0800749057826
FDW08,OUT017,1855.5604570863723
FDU43,OUT035,3935.5877842821537
FDR33,OUT010,0.0
FDM24,OUT010,502.11832269103326
NCZ05,OUT046,1653.0841868163202
NCV41,OUT035,1953.276131731246
FDV11,OUT018,2509.2834191064658
NCY05,OUT035,770.3231096081731
FDV44,OUT018,2771.468056264923
FDW32,OUT049,1513.5159355909218
NCU18,OUT027,3697.75073751283
NCC43,OUT035,4073.5013243724434
FDW19,OUT013,1871.098927413819
FDN31,OUT035,3233.729007685877
FDI48,OUT045,797.7745587425368
FDS24,OUT017,1584.1675208052252
FDF46,OUT049,1949.3659438479497
DRG23,OUT017,2525.6092042707196
FDG14,OUT018,2177.6285940030994
NCY30,OUT049,2916.755810820143
FDO28,OUT018,1672.0277889982347
DRD24,OUT035,2406.5950616487503
FDI33,OUT049,1567.879470842081
FDN32,OUT046,3007.548007316196
FDR16,OUT045,3289.0099128667025
FDF26,OUT046,2498.517857769729
NCN29,OUT018,542.6656010904716
FDE20,OUT045,2674.8577398919515
FDA46,OUT046,3052.446125115466
FDU28,OUT045,2903.4263308805926
FDQ48,OUT045,1563.1104383791653
FDV36,OUT013,2111.287854332505
FDR14,OUT018,550.5184763727384
FDP23,OUT017,3566.156978425407
FDP56,OUT013,937.2135766453862
FDK48,OUT010,0.0
FDR48,OUT046,2441.6663948366395
NCY29,OUT049,1036.1073095321408
FDM22,OUT018,620.037575954027
DRJ01,OUT013,2593.3126043064894
FDZ43,OUT045,3843.60363397523
FDV03,OUT035,2633.568937699303
FDX11,OUT027,4350.74658312602
NCA41,OUT027,4523.762899556685
FDE38,OUT017,2812.5423589621205
FDI27,OUT018,459.42717405885753
FDN32,OUT013,3002.0463554980497
NCN43,OUT017,2041.8992717147007
FDB47,OUT027,4742.5094190111495
FDV03,OUT017,2608.446131623967
NCN30,OUT045,1487.6455592750813
NCV54,OUT010,0.0
FDV07,OUT013,1856.2970258509968
FDP07,OUT049,3286.4554951612436
FDK48,OUT018,947.9961955449886
FDM15,OUT019,537.9240861231006
FDY19,OUT027,3394.9280928711214
FDK46,OUT046,4109.939875319431
FDY11,OUT045,1044.591014361209
FDH09,OUT046,1074.9037740167234
FDO08,OUT027,4138.492726554282
FDU14,OUT013,3963.295403458539
FDD22,OUT027,3269.107777660719
FDM27,OUT017,2619.023895576738
FDL02,OUT027,3201.6284367240214
NCA17,OUT035,2493.3277089816706
FDE38,OUT019,773.1694543203214
NCG07,OUT049,3055.966451195066
DRC27,OUT013,3934.1844604338085
FDA27,OUT035,4151.1412927932915
FDW40,OUT045,2186.0928498641497
DRI11,OUT013,1892.196042472511
FDN50,OUT046,1585.3973688767444
FDR12,OUT046,2750.637360157724
FDT34,OUT027,3125.4234303472795
FDW11,OUT035,1185.0298059290394
NCO30,OUT027,4338.895354536127
FDZ34,OUT017,3224.7187364808233
FDU45,OUT017,1932.4340709875025
NCD42,OUT035,780.5994628087873
FDX25,OUT045,2854.2022779414347
NCR29,OUT046,929.6514453434282
FDX43,OUT019,835.1894542377863
FDB04,OUT010,0.0
FDR49,OUT027,2262.2109428161134
FDS39,OUT018,2018.9267497671015
FDW58,OUT045,1652.8279572912768
FDG22,OUT019,0.0
FDG31,OUT017,1168.0891698606172
NCV53,OUT027,5248.173512533143
DRJ37,OUT035,2523.849849743331
FDV07,OUT035,1971.9353326009548
FDW52,OUT018,2362.5535889813
FDT15,OUT045,2894.057861118263
FDD02,OUT018,1676.5319048480173
FDM16,OUT035,1346.9591729525027
NCE55,OUT046,2744.202747953781
FDB57,OUT018,3296.3042976456018
FDQ04,OUT013,746.2542899046987
FDQ47,OUT019,0.0
FDY14,OUT019,2230.9940357471214
DRK37,OUT017,3081.7926978455835
FDO25,OUT017,3462.827020543181
FDL57,OUT046,4112.8585692629285
NCK29,OUT018,1681.2483517692453
FDK46,OUT027,5575.9452140316625
NCB43,OUT010,983.7375369473913
DRE01,OUT027,5229.8220016264
FDC46,OUT018,2659.408289296187
FDQ23,OUT045,1644.0898093255241
FDX38,OUT049,900.1414411665214
FDG60,OUT018,3480.4829319354276
FDW55,OUT017,4072.0013582356733
FDP39,OUT013,891.9841593725238
FDB20,OUT018,1059.4228373487454
FDV21,OUT017,2107.1320293555546
FDZ02,OUT013,1569.586292644667
FDP19,OUT027,3545.5745547819433
FDA38,OUT035,3951.0041847985085
FDH22,OUT045,1954.7182717895985
DRM11,OUT045,4063.9318428118004
FDO12,OUT027,4575.3440314785785
FDT14,OUT049,1983.3557221169642
FDW34,OUT010,1943.748285904827
FDG04,OUT027,4443.131467035409
FDW59,OUT018,1135.5941729715487
FDR33,OUT018,1491.435571230616
FDP32,OUT013,2140.9249371831384
FDL13,OUT027,5165.128703758978
FDD22,OUT013,1856.689680055897
FDV40,OUT027,2627.9656998572364
NCD55,OUT046,674.2155994021367
FDQ20,OUT010,0.0
FDD28,OUT045,884.7580426541265
FDC39,OUT045,3191.17337870993
NCR17,OUT049,1980.7685767053358
DRO35,OUT018,1598.7337977185814
FDF40,OUT049,4016.738879650292
FDR31,OUT018,2084.5705859476066
NCQ41,OUT017,3208.66583848946
FDP38,OUT046,886.6667578860923
NCU54,OUT027,4726.517829028929
FDG22,OUT018,334.54368650980484
DRK59,OUT013,3738.6831326590045
FDC37,OUT046,1740.2337930276854
NCO42,OUT013,2332.5009143964153
NCT42,OUT017,2473.203215578878
FDX27,OUT035,1622.7575268872306
FDV40,OUT018,936.7316196605894
FDT45,OUT027,2365.1015667919055
FDS47,OUT019,0.0
FDR45,OUT035,3923.0849251418003
FDB03,OUT045,3670.0125505104297
FDO49,OUT035,1052.5522785497099
FDU60,OUT027,4134.288488229809
FDB26,OUT018,640.7768123664437
FDB46,OUT017,3490.682121144745
FDQ37,OUT019,1219.1416106219208
FDN03,OUT017,4087.731614216922
NCX30,OUT045,3831.190450925079
FDK32,OUT019,598.7624251603385
DRM47,OUT013,3086.231141526093
NCO02,OUT046,1082.7844850827487
FDP04,OUT013,1091.4281428107038
NCO43,OUT049,1708.5717112470684
FDD59,OUT013,1392.4736208416803
FDQ10,OUT017,2848.169897601694
FDW45,OUT035,2518.801428342422
NCK30,OUT049,4096.277697209453
FDU31,OUT018,3187.282018561539
NCQ17,OUT019,535.4374332964852
FDN01,OUT017,2926.4755598197235
FDZ19,OUT049,2922.3615699782395
DRG37,OUT017,2576.3823476732755
FDE32,OUT045,630.1070207968619
FDO34,OUT049,2779.9404728108902
FDM04,OUT019,0.0
FDZ25,OUT049,2864.4867889599377
FDU08,OUT049,1754.8216380650997
NCW30,OUT045,3988.407549797653
NCM18,OUT013,997.0570997796681
FDS22,OUT035,871.3587108487443
NCH18,OUT017,3944.6438517072993
FDC23,OUT013,2915.7697465663978
FDY46,OUT013,3000.1570535059273
NCU06,OUT046,3594.550274660043
FDX57,OUT045,1527.9228211456993
FDX36,OUT027,5015.927790186311
FDL16,OUT045,686.4858087349025
FDT16,OUT010,2196.498953052802
FDN16,OUT018,1368.454296354085
FDC03,OUT046,3080.831480292837
DRF60,OUT013,3787.0245677299818
FDS27,OUT027,4585.925896965621
FDP33,OUT010,2108.7964675992444
FDJ36,OUT018,1356.450156450846
NCR42,OUT013,553.1507567596865
FDV14,OUT017,1478.6245165438731
NCP42,OUT035,3213.110571170636
FDB50,OUT027,2763.459710895423
NCC30,OUT027,4232.004374842735
FDA23,OUT018,1381.6727619640442
FDW16,OUT017,1578.052260883902
FDQ52,OUT010,1972.7974338157958
FDB58,OUT049,2405.098147260018
NCP29,OUT049,1146.8225376429225
NCM05,OUT045,4093.8084599706517
FDO25,OUT013,3406.6491011506596
NCM54,OUT046,2014.8988282616674
NCL54,OUT046,2713.4197957933648
FDL39,OUT010,930.1255002666276
FDF53,OUT018,2574.9128185049026
NCQ42,OUT035,2159.894004349026
FDF58,OUT013,1079.0280053984109
FDZ04,OUT035,1190.7134357002592
FDE26,OUT019,419.51460083229466
FDS60,OUT017,2984.860536386089
FDV58,OUT017,3233.7984492943024
FDM04,OUT045,784.3076859850801
FDE08,OUT035,2536.2023299622824
NCB43,OUT049,3019.899167092208
FDU11,OUT010,34.105724747631825
FDF22,OUT019,1471.960068981725
FDE24,OUT013,2305.789016968427
DRJ49,OUT046,2088.515982347856
NCQ53,OUT035,3871.65047622762
NCL41,OUT013,635.8311017354088
FDR22,OUT013,1829.4722087739501
FDH04,OUT035,1636.1180936886233
DRH15,OUT045,651.6928206670705
FDY40,OUT049,911.8980814142967
NCI17,OUT035,1704.7385577684793
NCC18,OUT013,2740.455432878941
FDY28,OUT027,4779.859825390333
FDB45,OUT027,3185.0206658877796
NCL30,OUT018,1720.9842675167624
FDM10,OUT017,3478.3749207299143
FDH22,OUT027,3493.0732679037546
NCZ53,OUT017,3119.3927309007786
NCI18,OUT013,3524.9172358683945
FDH14,OUT027,3769.720651975367
FDR36,OUT027,2197.6103828697337
FDW01,OUT045,2394.6608811761107
FDK02,OUT027,3410.013978035561
FDJ02,OUT018,2120.645234950366
FDU55,OUT013,4198.741822466331
NCV18,OUT027,2782.2291948380607
FDH14,OUT018,1988.1120954688115
FDZ37,OUT045,1422.6581184736274
FDX49,OUT049,3813.8526128892354
NCD43,OUT046,1657.3619192289955
FDZ07,OUT013,1088.2022012811242
FDK43,OUT035,2199.713268610763
FDR32,OUT018,3394.3892302272316
FDT39,OUT013,2487.816617771841
NCV54,OUT017,2001.1139296667538
FDF38,OUT018,482.0758913705811
FDV60,OUT046,3145.040489256846
FDH44,OUT027,3824.2587613043906
FDS21,OUT046,1025.9642294621917
NCL41,OUT045,537.9949944283802
FDM46,OUT017,1614.6932031224292
FDU27,OUT045,769.3751025160302
NCJ54,OUT017,3753.1851538817646
DRG51,OUT018,2369.525619640166
NCA29,OUT019,780.9634865858372
FDR47,OUT045,3034.6039860576184
NCL19,OUT027,3705.7514481081826
DRG01,OUT049,1326.2864831805318
FDG10,OUT046,976.9415978030459
NCV05,OUT049,2529.557044668396
NCH18,OUT019,1920.8328705977838
FDV14,OUT018,1099.8292532884716
DRJ23,OUT035,3169.646119061641
DRJ11,OUT046,2970.583958706199
FDZ03,OUT017,3022.045654470029
FDI27,OUT010,0.0
FDJ14,OUT018,1101.777985362981
FDU32,OUT017,2096.0095269235308
FDD47,OUT027,4200.800545740541
DRF36,OUT035,3153.210912973009
FDM21,OUT046,4087.4444825263163
FDV10,OUT018,455.84552482606125
FDH60,OUT018,2829.899164501493
FDX47,OUT010,604.8152664569673
FDT19,OUT019,897.1842100919924
FDO11,OUT045,3926.687123811387
FDH24,OUT027,3993.606465113954
FDL02,OUT018,1494.659272928849
FDB02,OUT049,2947.593048790115
FDA43,OUT046,3153.5170857334842
FDG52,OUT045,702.6921335987702
DRC12,OUT013,3024.6191429010805
FDY37,OUT018,2044.17907308786
NCU18,OUT045,2154.8257439183403
FDU09,OUT035,1080.6273020383485
DRJ25,OUT027,2240.7216472459104
DRE12,OUT018,1520.013840814575
DRL47,OUT017,2116.7196318529877
DRK01,OUT046,1533.1207883469401
FDC22,OUT019,1117.3908668011818
FDG44,OUT013,956.0235487568559
FDW04,OUT035,2223.6915051095166
FDK09,OUT049,3705.186270706742
NCN43,OUT035,2090.3212781649772
FDG04,OUT049,3075.229476248518
FDH32,OUT010,0.0
DRI47,OUT017,2440.322662382307
DRE15,OUT013,1265.4957622472393
FDY11,OUT035,1284.5270384647174
FDO60,OUT049,873.020048116141
FDQ20,OUT018,476.7642081730512
FDO57,OUT027,4016.454910967518
FDT14,OUT019,0.0
FDA57,OUT049,794.1264252081428
DRN35,OUT017,720.8102457133158
FDJ03,OUT046,810.5929397570177
FDX28,OUT017,1718.7115078017614
DRE25,OUT045,1388.1728762706387
FDR09,OUT046,4115.072135457319
FDB23,OUT035,3775.3437178895174
FDO08,OUT045,2590.8995382230623
FDQ23,OUT049,1758.3319048879976
FDW04,OUT013,2111.1701642689195
DRK13,OUT010,1187.9682501351326
NCL17,OUT027,3710.295947028725
FDY21,OUT035,3217.767080770207
FDJ38,OUT027,4500.543055007797
FDA37,OUT019,172.24406931687577
FDV43,OUT013,829.5782263937667
FDL36,OUT046,1504.8760284315558
FDD53,OUT045,621.0663115803059
FDZ19,OUT010,925.914510451654
FDV21,OUT045,1934.4190492352882
NCL54,OUT018,2435.2580247361066
DRI47,OUT027,3765.2407235910678
DRG03,OUT049,2576.974855874283
FDG21,OUT013,2610.0311181606394
FDW03,OUT018,1441.688491161684
NCI55,OUT046,1917.177070813095
DRC36,OUT019,874.8982794274312
FDH22,OUT017,2157.035871623052
FDV20,OUT045,2029.58919954278
NCU41,OUT027,4504.180562013877
FDN46,OUT027,3123.5926323501862
FDK50,OUT045,2560.284518477779
NCA05,OUT027,3805.1699238080364
DRH01,OUT018,2455.3101767049366
FDT08,OUT018,2160.8064265878374
FDM08,OUT018,3323.072309558451
FDZ07,OUT035,1188.263898491619
FDS22,OUT017,883.6393832002856
FDV35,OUT027,3957.566732543596
FDI28,OUT010,0.0
FDW58,OUT027,3200.3632486074875
FDT52,OUT045,3800.7655422953867
FDY34,OUT046,2630.8059216386355
FDR10,OUT046,2576.0707910007422
FDK57,OUT017,2042.3995704795377
FDR02,OUT027,3186.0209484630977
FDX49,OUT046,3740.6827757100154
FDQ20,OUT046,744.0496103872808
DRK23,OUT045,3913.026738661926
NCW06,OUT046,3005.9780452124314
FDR31,OUT017,2494.5030415647198
NCE43,OUT013,2673.6215716514107
DRO59,OUT027,2703.418933680715
FDN09,OUT049,3973.2023326623157
FDR11,OUT046,2577.945029899067
FDO57,OUT013,2608.700969743706
NCX18,OUT017,3196.6151140241345
FDB05,OUT018,3643.67102568507
FDQ08,OUT018,778.3393106011353
NCG43,OUT035,1625.384280732739
FDJ56,OUT013,1703.2081436349522
FDA13,OUT010,0.0
FDO56,OUT017,2027.753164061337
FDB37,OUT018,3552.67233435244
FDZ02,OUT018,1259.5281697573469
FDQ24,OUT046,3969.7686151244834
FDM16,OUT013,1239.1057672387515
FDU35,OUT049,1725.5644070911383
FDT35,OUT035,2853.776993014175
NCX30,OUT049,3978.1281928166054
FDG04,OUT017,3080.8755975795493
FDI12,OUT035,1559.2151223090702
FDE35,OUT035,1180.438419988774
NCP14,OUT027,3111.477628968508
NCY53,OUT045,1695.3974561071568
FDP49,OUT017,1051.3658665129083
FDQ04,OUT017,808.7104228322343
FDM39,OUT035,2957.9810779392164
FDO58,OUT019,699.5196579514698
FDC56,OUT017,2059.8424690179904
NCQ54,OUT046,2636.5863003226154
FDV10,OUT027,2176.7662741298764
NCK17,OUT046,682.9134373924543
NCF55,OUT027,2044.8111801882335
FDV33,OUT013,4147.26921031514
NCH29,OUT019,0.0
FDA37,OUT027,3508.4618694753453
FDH46,OUT018,1377.868200531926
FDS25,OUT035,1955.2129302217052
FDH04,OUT027,2906.3632504661327
FDX52,OUT046,3034.2736625064936
NCD42,OUT017,741.512753610891
FDW47,OUT017,2088.6417128413113
FDL25,OUT027,2974.2007679134713
NCJ06,OUT010,0.0
FDY09,OUT013,2806.78768119107
FDS40,OUT046,639.1906068505214
FDH41,OUT017,3500.7455014858006
FDG38,OUT035,1570.9963266550485
FDU03,OUT027,4339.9170742078
FDV20,OUT046,2101.791127252722
DRB13,OUT045,2946.8919356909682
NCQ30,OUT013,1928.867405435932
NCH06,OUT013,3864.915394456958
FDU50,OUT018,1504.1692761049517
NCO42,OUT019,389.50439930955457
FDW09,OUT018,1039.7015364291765
FDH04,OUT013,1501.794329403411
FDC21,OUT045,1719.0342970640404
FDL21,OUT049,801.6014629745166
FDM46,OUT010,0.0
FDT22,OUT019,0.0
FDB28,OUT035,3254.967497238097
FDI12,OUT018,1172.3942934762663
FDA28,OUT045,1948.3273458914948
FDF59,OUT013,2118.7400580078765
FDM45,OUT027,3413.189416058026
FDQ56,OUT017,1499.8770781260664
FDR46,OUT049,2422.005568990371
FDT01,OUT013,3420.6935848533885
FDD16,OUT027,2668.6911186495445
NCU30,OUT010,619.4297505614195
FDM40,OUT010,339.19056816308796
FDI56,OUT035,1695.7989492093384
NCS30,OUT013,2031.2345641889283
FDU08,OUT017,1758.8949401054497
FDX51,OUT027,4578.485218347565
FDA43,OUT045,3099.9964791201282
FDX59,OUT010,0.0
FDC37,OUT018,1458.933754377286
FDP58,OUT013,3491.134601193302
NCY42,OUT035,2389.6454627780413
FDF21,OUT018,2784.105017336392
FDU10,OUT027,2111.6758073405117
DRL47,OUT018,1728.5811444928413
FDA58,OUT018,3480.177577638705
FDJ22,OUT049,3164.515772896866
FDK50,OUT046,2609.1209184043273
FDO38,OUT035,1462.6893518363227
DRF60,OUT035,3916.6727799635146
NCZ42,OUT019,1812.3029733579178
FDD35,OUT049,2052.214110996136
FDL25,OUT045,1451.4217749746797
FDJ16,OUT013,964.1212499251005
DRK59,OUT049,3811.1253055701263
FDI50,OUT046,3707.017852357837
NCB19,OUT045,1302.1193075427932
DRI37,OUT035,1106.1953350391368
FDA14,OUT027,3778.9727304184416
FDC08,OUT018,3369.4671448592853
FDS45,OUT046,1699.1318147474644
FDI21,OUT049,1150.1248672456966
DRJ47,OUT035,2920.3905967836527
DRE37,OUT027,4423.132283932272
FDT55,OUT018,2295.5583479878333
NCG42,OUT027,3483.7207826689246
FDA31,OUT049,2862.3085825102216
NCW42,OUT046,3478.272116597147
FDF50,OUT017,3238.138924262221
FDK56,OUT049,3101.2700023444986
FDX10,OUT035,771.1523498886945
NCK07,OUT027,4033.007443353644
FDZ49,OUT017,3652.574296726564
FDR33,OUT013,1793.6989007418924
FDO44,OUT018,1551.6009264563208
FDA20,OUT046,3013.711898861684
NCL30,OUT045,1942.5537417234148
FDI05,OUT019,0.0
FDQ12,OUT018,3364.245056818979
FDH47,OUT017,1682.1082573801377
FDH34,OUT018,2686.392754533097
FDF29,OUT046,2104.922494864009
FDG40,OUT018,311.70745477701405
NCE18,OUT017,4011.103729412166
FDP21,OUT010,1102.4206895778298
FDY50,OUT013,1425.7010554006283
FDB36,OUT049,2200.334559200499
NCZ29,OUT049,2126.149367302921
FDU20,OUT018,1691.1299448166687
FDO56,OUT013,1976.1484730524974
FDW31,OUT049,3288.1541556045513
DRH59,OUT013,1256.5699390119858
NCB30,OUT017,3205.932276487719
FDK43,OUT027,3530.69169841278
FDW43,OUT045,3615.697850036544
NCL19,OUT017,2348.1479585164225
FDJ27,OUT046,1635.8115039286945
FDC45,OUT046,2740.9500082004943
FDY40,OUT035,987.6859181261437
NCM41,OUT035,1628.9987982505693
NCK18,OUT019,695.7901690179335
FDP37,OUT049,2192.7885135036413
FDA27,OUT027,5461.8831396026335
NCX30,OUT035,4022.860551891067
FDR09,OUT017,4167.373581843969
FDG08,OUT027,4227.614477861949
NCU30,OUT013,2618.7547325130854
FDB16,OUT017,1502.371554607028
FDM16,OUT017,1306.293245189665
FDC48,OUT013,1388.5107565666199
NCF18,OUT046,2973.0091239044114
FDU46,OUT018,1150.1907228038524
FDH41,OUT018,3109.5056479627556
NCN42,OUT010,381.6971370550255
FDU49,OUT046,1484.1038104552915
FDB20,OUT027,2774.0919428401003
FDG50,OUT019,0.0
FDW20,OUT045,1945.8841749733274
NCO55,OUT049,1829.690352051523
FDX48,OUT046,2492.444928453094
FDU48,OUT046,2147.7194362551936
FDR48,OUT019,522.1368910442238
FDK27,OUT013,2035.5506801994861
FDT35,OUT013,2696.1075412298887
FDN12,OUT049,1883.4069409255635
NCE31,OUT019,0.0
FDL21,OUT017,819.7021894255583
FDV56,OUT017,1885.300395314569
FDR16,OUT017,3491.3482060144242
NCP41,OUT049,1851.6764263020532
FDJ27,OUT013,1689.4892052251723
FDA07,OUT017,2127.25358097119
FDK55,OUT049,1573.1692993857637
FDM33,OUT049,3594.5223483460477
FDY46,OUT046,2979.1860425325804
FDD36,OUT046,1921.6732477508763
FDB12,OUT027,3107.0204789306135
FDF28,OUT019,115.1313553597713
NCE07,OUT019,363.6144494840945
FDW50,OUT027,4045.4822421039526
NCW18,OUT017,3810.341306177108
NCJ17,OUT019,0.0
DRZ24,OUT010,0.0
FDS07,OUT035,2036.2362907850284
NCW05,OUT010,0.0
FDZ22,OUT018,1084.3211761473729
FDK02,OUT046,1934.6269392653332
FDZ45,OUT027,4574.335164751008
FDL25,OUT046,1497.1822412091572
FDS08,OUT045,2775.320946460154
NCZ42,OUT027,5145.580983946009
FDX57,OUT035,1721.1581939377647
FDF21,OUT046,3065.424330744523
FDJ56,OUT018,1341.6415197135025
FDX10,OUT013,652.4110254267221
DRG48,OUT035,2449.9122064492603
DRN37,OUT046,2637.920730770385
NCY41,OUT018,313.8336014785558
FDN28,OUT045,1597.4791259625608
FDE34,OUT045,2813.0501606615817
FDR10,OUT045,2555.2658505764157
FDC32,OUT017,1653.0125415236985
DRG13,OUT046,2602.6024261283274
FDP59,OUT049,1815.3436522893437
NCT53,OUT010,717.3301773921407
FDL57,OUT027,5521.315942615105
FDN32,OUT010,1087.6139981472072
FDK09,OUT018,3322.6451215374245
FDA52,OUT010,889.4285861659132
FDC57,OUT049,3216.171374516437
FDI09,OUT035,4120.39352447288
NCB07,OUT046,3099.0463094777188
FDP26,OUT035,1762.620198133984
FDP40,OUT027,3249.4670309040257
FDL15,OUT013,2477.000976489879
FDV07,OUT046,1847.7886959798586
FDS03,OUT017,1199.3384998591994
FDE50,OUT049,3104.4368361784063
FDQ15,OUT017,1408.0893679613014
FDQ33,OUT010,478.13162833765796
FDT22,OUT013,989.8254264303906
DRO35,OUT035,2033.7682043875163
FDJ41,OUT049,4226.8919756238265
FDQ27,OUT035,1863.2863529416036
FDC26,OUT017,1945.998103322674
NCF43,OUT027,3696.7602595937806
NCR50,OUT035,2556.7156961069677
FDE39,OUT018,1618.0821701162295
FDN49,OUT027,2158.9547918786075
DRG11,OUT035,1870.77500628716
NCA18,OUT049,1940.4832400894013
FDM36,OUT018,2479.391830377401
FDW32,OUT017,1540.893054467931
NCQ18,OUT010,0.0
FDX14,OUT027,2661.795107451575
FDD46,OUT017,2527.172297254867
FDI34,OUT019,1768.772687524739
NCJ17,OUT035,1503.4924006155957
FDB52,OUT035,4182.355934198044
FDV55,OUT018,2070.067749778097
FDC57,OUT046,3094.723413264379
FDB29,OUT046,1846.5790804219712
NCO43,OUT035,1742.4120918872813
FDG44,OUT045,851.9282106114246
FDJ34,OUT045,1957.906585447389
FDH40,OUT049,1426.174915002509
NCD07,OUT027,3213.6239915296974
FDB41,OUT017,865.5153478424451
FDH47,OUT018,1298.4199819683372
DRK37,OUT035,3133.3682498577646
FDM25,OUT019,938.9925461435854
NCX06,OUT045,2798.14747275444
NCS05,OUT017,2230.6154214198327
FDS39,OUT045,2235.8155681448916
FDC47,OUT027,5031.431747496483
FDG20,OUT013,2903.758331872211
DRL23,OUT017,1826.0893962175
FDY33,OUT013,2554.22342984612
NCH18,OUT045,3750.0502676467204
FDX47,OUT035,2651.240130433045
NCB06,OUT045,2454.5074683853163
FDP36,OUT049,943.4657658289171
FDW44,OUT018,2515.844949065917
NCU41,OUT018,2761.486651164377
NCS17,OUT046,1545.4391709969918
FDD46,OUT035,2616.2177358658464
FDE45,OUT017,2980.19551654938
FDI09,OUT017,4073.397814333257
NCJ54,OUT010,1745.8826789974419
NCA29,OUT018,2428.283108989963
NCN41,OUT027,3412.5564839716553
FDY34,OUT035,2775.1966546249832
NCG55,OUT035,1975.3958750256631
DRM49,OUT046,714.1804221302334
NCB42,OUT049,1954.0864372531942
FDE58,OUT045,1815.1706994031197
DRJ25,OUT013,842.2786643009018
FDS47,OUT010,0.0
FDY21,OUT049,3227.4804749730547
NCI54,OUT013,1787.1768661891101
FDO24,OUT017,2625.1815607080925
FDY43,OUT035,2875.5850983614578
FDF35,OUT018,1467.9932212069896
NCP29,OUT019,0.0
FDN28,OUT027,3090.5504014305834
FDJ50,OUT018,643.0535320444695
FDQ14,OUT027,3825.155555940778
FDC37,OUT035,1911.0930386935856
FDN08,OUT046,1952.9512070495443
FDD04,OUT035,2375.627957633985
FDW34,OUT018,3584.8393480282284
FDP04,OUT017,1178.879025247387
NCG07,OUT017,3049.122430750841
NCN14,OUT018,2623.544237513527
FDJ16,OUT045,875.5885616362352
NCM42,OUT045,1651.3385492991592
NCF19,OUT046,797.702688757945
FDY21,OUT018,2832.4463844713296
FDY19,OUT035,2063.9373412620503
FDV09,OUT045,2335.6273277968394
FDA28,OUT013,2047.7006785885203
FDC38,OUT018,1891.8951349687036
FDL28,OUT045,3566.7245588555925
NCH43,OUT049,3494.2882933205265
NCN53,OUT045,516.1504326973543
NCW05,OUT017,1824.34917227385
NCO30,OUT018,2642.9683060925454
FDT04,OUT019,0.0
FDB27,OUT018,2810.2538167406756
NCK07,OUT013,2657.992852798418
NCA53,OUT013,845.3108244959881
FDB33,OUT018,2332.5328181028517
FDU37,OUT017,1434.7774447441075
FDR13,OUT035,2045.9864584111367
FDE45,OUT049,2980.8027478253625
FDV37,OUT017,3254.747197587796
FDX44,OUT019,0.0
NCL06,OUT017,4193.10250172659
FDJ28,OUT045,2952.282086454402
FDX55,OUT049,3612.031760399702
NCK17,OUT018,407.83737732929694
FDH52,OUT035,1165.7839393032405
FDN13,OUT027,3091.173523863292
FDK44,OUT018,2494.166272083254
FDU16,OUT046,1331.320293163039
FDZ07,OUT017,1139.7490362947754
NCN06,OUT027,4021.3035577865166
FDH02,OUT010,0.0
NCW18,OUT045,3622.7440463026714
FDH57,OUT013,2166.963627302948
FDV35,OUT045,2417.6649488635812
NCU29,OUT013,2342.8936991436194
NCP02,OUT046,938.4058857413676
FDN44,OUT013,2651.4153384751526
FDX03,OUT018,495.34849990516693
FDR11,OUT010,608.1606969351539
FDA36,OUT046,2961.0823367866415
FDP58,OUT027,4884.895525249287
FDH31,OUT045,1539.0714509228412
FDH34,OUT035,3127.652168201743
FDS13,OUT035,4339.599085158182
FDT01,OUT018,3116.89728762714
FDY09,OUT049,2911.9471862428527
FDV33,OUT027,5530.052830882366
NCW29,OUT010,140.62328073567494
NCN17,OUT045,1547.8366792168954
FDX01,OUT046,1943.931439370331
FDL03,OUT049,3241.869682469948
DRL59,OUT049,1013.4332466040764
DRM11,OUT027,5585.072672615589
FDA43,OUT049,3270.2914086452074
FDZ56,OUT010,840.3883858307217
FDI44,OUT018,1032.4832522638756
FDB50,OUT013,1351.0021549582334
FDU15,OUT019,0.0
NCJ19,OUT019,0.0
FDD48,OUT013,1908.3920365942324
NCW42,OUT035,3611.76398255411
FDL24,OUT017,2893.9607673622604
NCB30,OUT013,3135.6216557717644
FDK25,OUT013,2733.588063769218
FDW28,OUT049,3188.675186483738
FDD47,OUT017,2856.9668201194145
FDK16,OUT019,0.0
FDW37,OUT046,1532.3924473882298
FDA48,OUT035,3652.6161321021946
FDA14,OUT017,2411.9329194142065
FDV15,OUT013,1688.0981187976663
FDN22,OUT049,4077.176396682694
NCD55,OUT045,602.0267861844848
FDY43,OUT013,2747.499245182148
NCU05,OUT017,1399.575554963345
FDF10,OUT035,2494.1810231919335
FDR39,OUT018,2667.0962264247814
FDG40,OUT013,606.1978079872779
FDZ28,OUT019,130.47090872530077
FDE02,OUT045,1487.5427379408902
FDU60,OUT049,2803.689952775625
FDM21,OUT013,4102.190285047056
FDV52,OUT019,0.0
NCW06,OUT013,3039.4048434058514
FDX36,OUT035,3719.115692121066
FDT35,OUT027,4164.561706082547
NCL19,OUT010,357.5082572872633
NCD31,OUT046,2594.0737205768132
FDE53,OUT019,0.0
FDW58,OUT019,0.0
DRF48,OUT046,2958.5549162516963
FDW57,OUT035,2938.5517905962497
DRH13,OUT017,1811.5445051912534
FDT33,OUT013,2713.4489498772627
DRK47,OUT027,5034.938991045555
FDY22,OUT010,350.46713162663843
FDC35,OUT019,1422.721291694343
FDO03,OUT013,3669.268126341399
FDF24,OUT045,1283.2883409273218
FDF56,OUT018,2630.4961751437822
FDD28,OUT013,974.8155428238476
FDG53,OUT027,3709.2496815782733
FDO27,OUT019,0.0
NCF54,OUT018,2417.35016180772
FDC20,OUT027,2418.427120093368
FDU10,OUT046,665.8710668469605
DRA24,OUT018,2313.556042837062
FDA02,OUT010,374.37746299534973
FDG10,OUT017,1066.6781611127303
FDW39,OUT010,955.189379059651
FDP04,OUT019,0.0
NCM55,OUT013,2952.725373874063
FDG47,OUT045,4082.919488353571
NCU41,OUT017,3146.5074413684997
NCK31,OUT017,952.8953587947268
FDZ46,OUT045,1700.0607290617877
FDU13,OUT027,3852.4700137824602
NCF19,OUT045,730.1806714100001
NCJ43,OUT013,2743.47131603463
NCJ05,OUT045,2375.132704011351
FDS04,OUT027,3646.8352990738977
FDX28,OUT010,0.0
FDB41,OUT027,2212.376607414023
FDG53,OUT046,2261.887868664926
FDL15,OUT010,549.4051719616527
FDQ08,OUT049,1163.96086790451
DRN36,OUT013,1583.0761544347433
FDI46,OUT013,4030.3759556386303
FDG16,OUT027,4830.092291518961
FDV32,OUT013,1109.84014072429
FDF44,OUT010,253.11780967385778
FDK04,OUT018,653.516247581358
NCA41,OUT013,3095.8245644016497
FDD51,OUT017,805.9905185771472
NCZ53,OUT045,2921.6719414721683
FDP01,OUT027,3901.8204198670255
FDY25,OUT049,3030.198211776513
FDB17,OUT018,2578.2613570278145
NCV54,OUT018,1605.1891837878177
FDJ32,OUT017,1195.1416690902352
FDA37,OUT049,2143.6163930507173
FDG35,OUT035,2936.958296774933
NCM05,OUT018,3918.9427265059885
FDG45,OUT046,3436.3669753214263
FDH28,OUT013,683.6413581636696
NCE18,OUT049,3996.152522382099
FDH38,OUT045,1875.2554327282103
FDR56,OUT013,3220.8356159198056
FDH17,OUT027,3007.028731225667
FDD39,OUT049,3523.4400091500556
FDB41,OUT049,884.8482924113534
NCR53,OUT046,3529.569784739585
FDX46,OUT017,1070.473129343552
FDV28,OUT049,684.7854546002093
FDA08,OUT018,2408.9308597437384
FDH45,OUT017,864.5082240417765
NCS38,OUT010,0.0
FDD40,OUT010,1136.2176871983236
DRM59,OUT035,2602.2115862083574
NCJ43,OUT018,2477.038091618511
NCN29,OUT013,870.9346273438996
NCC19,OUT045,2927.808737724765
FDR56,OUT035,3308.441091647066
FDZ43,OUT049,3978.0885867397647
FDJ32,OUT010,0.0
DRH03,OUT017,1602.1846871319597
NCZ54,OUT035,2707.454212563175
FDE26,OUT017,2472.7041477390685
FDS03,OUT045,1003.2111194832821
DRZ24,OUT019,0.0
FDO48,OUT027,4967.493057733089
FDW39,OUT049,2910.3373561299577
NCK05,OUT049,1126.6294241894016
NCK30,OUT017,4086.313484327966
FDT27,OUT018,3462.6312685923294
FDS08,OUT019,977.1197985418152
NCJ19,OUT049,999.0483489324531
FDC58,OUT045,668.4539393510704
DRE37,OUT013,2993.591960018952
FDW02,OUT035,2153.895239507974
FDJ02,OUT010,511.96403008657603
FDX09,OUT045,2751.9231939112196
FDT31,OUT010,1131.5559268896318
FDI24,OUT049,2943.8065354019955
FDY09,OUT045,2741.665848863081
FDV28,OUT045,512.93917865761
DRM47,OUT049,3149.3455318335828
FDT52,OUT019,1989.8533288121
FDI48,OUT018,632.2519266877781
FDY55,OUT017,4205.773946033507
FDU48,OUT013,2157.7930917339518
FDN25,OUT045,883.0986444586828
FDP20,OUT049,2187.4255251861077
FDJ15,OUT013,2953.120480735887
FDD04,OUT018,1929.575679603364
FDY58,OUT045,3577.5693887702837
FDR37,OUT018,2663.9448637293735
FDF44,OUT013,2157.413143335227
FDD32,OUT045,1328.6663437985173
FDR57,OUT017,2608.3752724481524
DRG39,OUT027,2355.772351114566
FDX15,OUT017,2645.34198334447
DRN37,OUT045,2543.9083322563474
FDW40,OUT027,3696.2569702373303
FDB32,OUT049,1672.6525544238618
FDM40,OUT018,1987.6807261623842
FDE39,OUT027,3363.864056436216
DRH49,OUT017,1430.5001785471018
FDT46,OUT049,941.3169904952653
NCF06,OUT035,4183.0726425547755
FDP07,OUT017,3262.4573118350027
FDC04,OUT013,3804.3324427827392
FDZ32,OUT017,1828.3957336716467
FDD50,OUT045,2664.572297112171
FDU56,OUT017,3095.1001840550525
FDV34,OUT017,1299.292994400078
NCY41,OUT013,651.9500268738093
NCK18,OUT046,2612.2471162840056
DRH25,OUT049,960.7616877298099
FDT57,OUT046,3785.234242664861
FDV56,OUT018,1501.825434088684
FDV12,OUT045,1523.5037722240108
FDN52,OUT017,1520.068830160325
FDX38,OUT035,926.1975397140361
FDE47,OUT018,1732.2864250519797
NCO07,OUT013,3370.413251844723
FDV09,OUT027,3861.38194492403
FDZ23,OUT019,1058.2772427209857
DRH51,OUT018,1143.095560921262
NCY54,OUT045,2607.277963639186
DRG49,OUT013,3902.411157680953
NCC19,OUT049,3113.675715567613
NCV53,OUT045,3744.2370222404443
FDZ47,OUT019,0.0
NCO26,OUT018,1519.8876341394375
NCP02,OUT045,903.575747644499
NCW30,OUT018,3793.319978598345
NCN55,OUT046,3798.115813750175
FDB20,OUT010,0.0
DRL11,OUT013,2536.026914585741
DRD60,OUT045,2803.0227287104026
FDW14,OUT010,0.0
FDL27,OUT010,0.0
FDU09,OUT018,650.2387873564409
DRH36,OUT027,2657.456697882035
FDP34,OUT027,3935.0312892768616
FDE04,OUT017,2938.2235347971064
FDZ57,OUT027,3545.713683021083
FDF02,OUT010,0.0
FDG28,OUT045,3803.5391656425836
NCI31,OUT046,581.6932352556377
FDT43,OUT013,946.0785627479107
FDU20,OUT046,2005.1169709678552
FDD53,OUT013,753.1493979606339
FDW15,OUT045,2337.2012009005766
NCT53,OUT045,2517.6871484388857
NCG55,OUT027,3258.1200092595464
FDD48,OUT035,2011.5750598475104
FDG47,OUT049,4298.365725633662
FDI21,OUT017,1157.2901227675393
FDT27,OUT017,3836.7485109498075
DRO35,OUT013,1915.016429169221
FDD33,OUT017,3837.6356362425677
FDC04,OUT035,3958.892316418437
FDY34,OUT013,2659.5559678139025
DRJ49,OUT049,2138.3568126923046
FDE05,OUT049,2391.896533117996
FDU31,OUT017,3626.8030613406963
NCN19,OUT027,4427.339189499191
FDK56,OUT027,4431.950291029562
FDK58,OUT017,1777.314031076686
NCJ42,OUT035,1768.44359018774
FDZ34,OUT027,4538.843503097955
FDA52,OUT018,2495.1106621665767
NCR29,OUT013,949.0665535999392
FDT48,OUT035,3348.546198580566
DRJ51,OUT019,1713.7351648214496
NCS54,OUT046,2795.674256189876
FDV01,OUT035,2655.165533430283
DRG51,OUT027,4057.661230311306
NCG42,OUT013,2105.5977916897236
FDA51,OUT049,1905.0974107797156
FDV19,OUT010,685.0591066420478
NCT18,OUT045,2787.0315208267075
NCS41,OUT045,2856.2905336210333
FDO03,OUT046,3640.5197463000723
FDL12,OUT010,0.0
FDY37,OUT010,432.21282278108396
FDI58,OUT049,1598.994781393605
FDT28,OUT018,2096.5022037366116
NCC42,OUT010,293.8039132413852
FDO01,OUT017,2222.356491098956
FDJ02,OUT013,2424.4640405723485
FDQ04,OUT018,423.69906846292713
DRL47,OUT013,2052.652136864788
FDZ32,OUT035,1918.888201468887
FDC35,OUT035,3462.1051056010847
FDX14,OUT045,1095.492285596944
FDZ35,OUT013,1740.2528536103146
FDL14,OUT013,2561.0150189123033
FDO04,OUT049,1011.2527421467361
DRK11,OUT017,2512.623470782675
FDB44,OUT018,3125.0196902290227
FDZ50,OUT049,2996.7294834321683
FDI12,OUT027,2902.7113722379054
FDU43,OUT017,3905.7942482628896
FDD58,OUT010,0.0
FDB27,OUT017,3175.033594176163
FDB04,OUT018,1088.571846005137
NCO17,OUT013,1933.9880747040272
FDL12,OUT017,1076.1319729508368
DRJ13,OUT049,2636.90170546274
FDD57,OUT045,1555.9680516717667
FDW19,OUT035,1983.622534189283
DRD27,OUT018,1346.7680579633166
FDH27,OUT027,3737.144868312902
NCW30,OUT027,5526.605609366762
FDR40,OUT018,1027.5550299258243
FDG05,OUT013,2515.6822833035494
NCY41,OUT019,0.0
FDI38,OUT018,3047.7116026188787
FDR20,OUT046,788.9508869272242
FDE09,OUT017,1920.58728913579
FDN50,OUT019,0.0
DRF27,OUT045,2361.937381673467
DRF51,OUT013,653.9037984869533
NCO02,OUT019,0.0
FDB51,OUT027,2448.074101281527
FDJ50,OUT013,965.5522584375315
FDN52,OUT013,1395.39100037183
FDX14,OUT013,1249.3950758871165
FDT27,OUT019,1850.0311847787425
FDV10,OUT013,734.7906508470309
FDU33,OUT046,750.135172598775
FDU58,OUT046,2966.9958291623125
NCP42,OUT027,4511.384432194623
FDL51,OUT027,4805.2881506317135
DRH15,OUT027,2202.470177223293
FDU16,OUT017,1487.9559009596237
FDW15,OUT017,2514.6616745447227
FDQ44,OUT045,1948.4036373642386
NCI06,OUT027,4275.522808375915
DRK23,OUT019,2095.64946174761
FDC28,OUT035,1903.3894228762258
NCY17,OUT019,0.0
NCV05,OUT018,2171.954992962398
FDM34,OUT019,225.25477992120352
DRD60,OUT027,4339.696706733767
FDT38,OUT046,1373.632306532741
FDQ57,OUT018,2052.012797332811
FDE59,OUT027,2102.741750177255
NCM43,OUT046,2593.610634345193
DRI51,OUT049,2819.9969530910844
NCG30,OUT017,2059.692694617017
NCK54,OUT035,1956.8479277593262
FDQ16,OUT019,0.0
FDI36,OUT013,3179.609625203033
FDX16,OUT027,3814.4531335411857
FDA34,OUT046,2816.534736018447
FDJ48,OUT018,3664.1583865686234
FDU47,OUT035,2373.0061288848538
FDS39,OUT046,2317.3452512942295
FDD11,OUT046,4023.33922753198
FDM16,OUT027,2649.918614371498
FDU56,OUT018,2685.1663580113236
FDQ32,OUT017,2120.256758969832
DRK35,OUT013,701.6010272851686
FDA58,OUT049,3801.9564376388853
DRG48,OUT019,389.54577835569296
FDT59,OUT010,1789.7418238323662
FDQ31,OUT019,0.0
FDS51,OUT018,797.1452393137392
FDW32,OUT027,2904.874736934402
FDI15,OUT027,5580.711372137834
NCV30,OUT017,1094.283900932253
DRG25,OUT049,3063.1826004341983
FDT02,OUT013,583.7394680500777
FDO33,OUT027,3286.5350251809323
FDP38,OUT035,1048.1844153176773
FDZ45,OUT035,3288.531539950868
NCA54,OUT027,4278.583939251797
FDU33,OUT017,859.9841513584888
FDN58,OUT017,3808.4436863147466
FDI05,OUT045,1142.9114047362639
FDM57,OUT019,0.0
NCS42,OUT027,2863.3097385336823
FDB57,OUT045,3497.622483527506
FDC03,OUT045,3008.6250991065954
FDZ58,OUT013,1975.1852169244971
NCK29,OUT045,1907.517258126098
NCR53,OUT045,3466.6779030276466
FDE26,OUT027,3813.3217986428754
FDU52,OUT049,2553.5740954809426
FDE41,OUT027,2801.977678327211
FDU38,OUT018,2703.6877074357253
FDA52,OUT017,2887.931108327384
FDW46,OUT046,1084.317031768223
DRI59,OUT035,3710.3346904243444
FDT38,OUT035,1499.3415213450562
FDL33,OUT018,2846.395596769792
FDQ01,OUT027,5474.419964465397
FDJ08,OUT046,3076.708721856722
FDQ47,OUT049,719.3879653702256
NCZ18,OUT013,3958.969410023781
FDE29,OUT017,1079.9522956529192
FDF10,OUT027,3781.675861422442
FDC48,OUT049,1484.332764792108
FDY58,OUT013,3664.5060589635814
NCX30,OUT010,1969.7849503253617
FDV11,OUT013,2862.974419458101
FDT46,OUT046,840.1023370311284
DRD01,OUT019,0.0
FDQ11,OUT013,4107.825754678294
NCM41,OUT017,1599.229120452589
NCC55,OUT013,618.5346173465412
FDG45,OUT027,4882.256021142836
NCQ54,OUT049,2737.8106372901275
FDM34,OUT045,2013.9890545290164
FDD17,OUT019,1860.3006219070012
FDN38,OUT027,5440.726699213809
FDB53,OUT018,2069.77800216811
NCL06,OUT035,4246.26488612927
NCV18,OUT019,0.0
FDX25,OUT013,2967.5946967224136
FDB39,OUT046,893.9573947280992
FDC33,OUT049,3277.2471322876636
NCO14,OUT018,439.6182003279291
FDA58,OUT027,5202.667827091663
NCQ02,OUT017,3037.183154688394
NCR53,OUT017,3673.6605024273013
FDN52,OUT046,1410.2166135694704
FDG26,OUT046,4103.458811157804
FDE23,OUT027,2276.506467835422
DRI37,OUT013,982.7813408515167
DRH37,OUT018,2350.071662666678
FDO01,OUT035,2230.313273001072
FDK45,OUT049,2135.926616974033
FDP23,OUT049,3572.9883501801887
FDM33,OUT035,3629.9325700556856
FDD36,OUT017,2056.5500352601557
FDL56,OUT017,1529.362849953886
FDT27,OUT010,1837.627973564282
FDG52,OUT017,842.779403631063
NCL42,OUT035,3966.4458189945008
DRJ24,OUT046,2924.051235527829
FDV38,OUT046,844.6071057988343
FDT35,OUT045,2652.7431660550014
FDY51,OUT045,3420.8243246332922
FDC37,OUT017,1836.175445023949
NCP43,OUT013,2902.8738247873443
FDO33,OUT045,1737.3403846306762
FDW04,OUT018,1810.4360020318513
NCC31,OUT046,2441.3592275110523
FDK22,OUT049,3537.3220596745496
FDJ50,OUT017,1065.4493609960462
FDV13,OUT017,1599.7769225249585
DRL60,OUT017,2513.7623339620877
FDW03,OUT017,1809.5910244997308
FDY27,OUT035,2943.7623577614504
FDB39,OUT027,2327.300386818998
FDU59,OUT045,2535.8754000298586
FDZ57,OUT049,2179.352038685575
FDO21,OUT049,3676.627209263572
FDS43,OUT018,2757.4673410345044
FDU28,OUT010,1069.4352907775842
FDC51,OUT010,20.757692223322465
FDW16,OUT010,0.0
FDP32,OUT010,136.70928619492747
FDB60,OUT019,1232.4342939191229
NCQ30,OUT046,1897.0007607065818
FDD26,OUT049,3077.610088976243
FDI44,OUT045,1233.8318044805803
DRH23,OUT046,915.0971105250117
FDO44,OUT046,1817.3196761173253
FDG04,OUT046,2978.6785899328743
FDM32,OUT027,2989.7933645187395
FDM09,OUT013,2729.89972807945
FDZ47,OUT013,1645.507282922331
FDM40,OUT027,3710.3099494899725
FDY48,OUT017,1771.5086431214597
NCM30,OUT045,610.3064606532785
FDX36,OUT010,1658.0662497531703
DRF03,OUT017,770.5022030946029
FDN51,OUT049,4232.908841158778
FDM57,OUT049,1474.749044907731
FDB35,OUT049,1653.3596898067099
FDY13,OUT027,2771.355366007024
FDA37,OUT017,2167.9088738298115
NCX53,OUT017,2375.3351211721624
FDD59,OUT018,1077.7196449202033
FDX10,OUT019,0.0
FDC03,OUT018,2793.2747904949492
FDW43,OUT035,3780.898497237149
FDW10,OUT046,2809.1891274469804
FDY14,OUT027,5569.252747889482
FDV43,OUT045,737.9515148544372
FDO40,OUT013,2428.872752971977
FDP46,OUT027,2930.0420245031273
NCE43,OUT019,732.2832920466831
FDD05,OUT035,2070.5647229744386
FDJ60,OUT010,743.6830911666495
DRE27,OUT018,1256.256535534251
FDO11,OUT035,4133.9279672063785
DRG11,OUT027,3178.4478871222436
FDK33,OUT010,1508.1029481842593
DRM23,OUT045,2630.0079886621197
FDJ02,OUT027,3835.27075442158
NCZ05,OUT045,1605.793707387787
NCL30,OUT013,2020.1535548173026
FDZ19,OUT018,2538.262716866204
FDM45,OUT049,2038.9639278600448
FDO36,OUT046,2858.7688018687413
NCK31,OUT045,764.517831209095
DRJ37,OUT045,2357.076642497307
FDP24,OUT018,1669.027156756871
FDF46,OUT013,1883.1257516883643
FDX46,OUT019,0.0
NCL18,OUT045,2946.5873327370673
FDJ26,OUT013,3442.415071142109
FDJ07,OUT045,1812.7708716090103
FDY15,OUT013,2454.572510127464
DRG01,OUT045,1137.322379074555
FDF58,OUT045,1015.4610584957165
FDZ14,OUT019,20.351351830110048
FDP31,OUT049,1210.5584622799115
FDH45,OUT013,792.7352684596322
FDA09,OUT010,896.2491405718749
FDW31,OUT035,3346.9041145693027
FDA57,OUT046,714.7112534294275
NCE55,OUT035,2901.0529969530116
FDC17,OUT019,1468.822288171289
FDC59,OUT013,1136.484258219842
FDA22,OUT013,2739.29321290417
FDK52,OUT035,3692.307472704133
NCM26,OUT046,2426.584514476601
NCT53,OUT035,2785.6553580042773
FDW45,OUT018,2111.788255572621
NCI18,OUT035,3637.443712390479
FDE38,OUT018,2383.9254652890177
FDF08,OUT019,0.0
FDY58,OUT010,1728.3947253454337
FDF58,OUT019,0.0
FDX39,OUT017,3460.4773228142603
FDB44,OUT049,3499.7418538085203
FDF28,OUT013,2049.0396033309758
FDE39,OUT013,1887.6583923488438
FDT37,OUT018,3770.0503274049024
FDZ45,OUT017,3266.5132259310385
FDO40,OUT035,2549.1816828320207
FDM57,OUT027,2841.1754999210534
DRG36,OUT017,2811.754658350078
FDY36,OUT010,0.0
DRL60,OUT027,3855.8183422798566
FDS25,OUT019,0.0
DRF49,OUT027,3231.027230162247
FDP16,OUT045,3807.993353380538
FDS60,OUT049,3004.1449767495706
FDU15,OUT027,2130.3180178079656
FDK43,OUT046,2066.2204774289676
FDN25,OUT046,1003.5658152886815
FDE53,OUT049,1787.5468449220984
FDB22,OUT013,2510.7045952285634
FDE39,OUT017,1998.4367737317089
FDX35,OUT035,3757.3413311926024
NCG54,OUT049,2756.060498842111
FDH27,OUT035,2441.949029163299
NCK42,OUT013,3413.6207450942684
FDS25,OUT049,1880.8629115066842
FDI10,OUT018,2468.854742271654
FDU35,OUT035,1787.439683236022
FDI04,OUT017,3251.6046494891207
DRK23,OUT035,4121.841369050736
FDB53,OUT019,428.8685788417521
FDY02,OUT049,4196.005449563995
FDM60,OUT035,853.0000670238109
NCJ31,OUT010,1812.8967393467135
DRP35,OUT017,2130.47092646013
NCQ30,OUT018,1654.6267185355705
DRL11,OUT010,612.9317442980787
FDU01,OUT013,3020.856245614699
FDR39,OUT035,3036.7779590466807
FDO08,OUT046,2691.1239227697115
FDC02,OUT045,4098.032747975407
NCZ29,OUT035,2175.566734135701
FDF29,OUT010,182.89427969552457
FDZ23,OUT017,3099.2038283211414
NCU53,OUT018,2338.0724925777267
NCW30,OUT013,4078.442999535143
NCM26,OUT027,3900.3940326289776
FDV50,OUT027,3374.6023482238834
FDW15,OUT049,2462.3444243226145
FDI35,OUT027,4395.402186178958
FDO11,OUT017,4069.9116421398676
FDN48,OUT046,1520.8669061167739
NCA17,OUT049,2484.3866472443474
NCN54,OUT013,1291.8703863405121
FDP22,OUT013,863.6788026402412
NCB54,OUT035,2160.6964248712675
FDD08,OUT045,630.934058316395
DRM48,OUT010,0.0
FDG41,OUT027,3214.872534015223
FDE44,OUT027,2297.3839650084847
FDE26,OUT035,2485.404483803842
NCS38,OUT013,1806.7869894192504
NCJ54,OUT018,3330.8055543764685
FDI40,OUT019,0.0
FDN45,OUT018,3270.7264471895705
FDU43,OUT046,3844.1309445637517
FDI04,OUT010,1203.8143316991373
NCC07,OUT018,1384.0202895528182
NCC07,OUT019,0.0
NCD18,OUT045,3550.1442913894825
FDU55,OUT035,4283.241047755124
FDX59,OUT035,777.1442994025647
FDR52,OUT049,3115.303427291672
NCP17,OUT013,1072.730009825749
FDQ32,OUT045,1944.3475863479375
NCT17,OUT049,3077.896118124523
FDO10,OUT049,1072.4113687942036
FDE32,OUT049,777.0466729358376
FDN44,OUT045,2508.438227227325
FDH02,OUT035,1637.94194673013
FDK60,OUT013,1644.4290968545479
FDS24,OUT019,0.0
FDL03,OUT010,1261.333705231765
FDB46,OUT027,4818.85346387084
FDO48,OUT049,3649.3884956699867
FDZ39,OUT049,1798.5024011929243
FDT02,OUT027,2031.8887639419258
FDC50,OUT013,1597.184468040501
FDP39,OUT035,1027.8580445853383
DRG15,OUT018,708.7900027170938
FDP10,OUT018,1396.7446958711055
FDF53,OUT027,4326.999578326061
FDN34,OUT045,2650.8325450531693
FDK02,OUT045,1904.3846048058115
FDC23,OUT045,2782.136746545292
FDJ10,OUT019,324.0302365629441
FDE53,OUT035,1866.5316789965236
FDR25,OUT035,4383.624909462656
FDW50,OUT046,2605.878824677487
FDS09,OUT049,958.590863233999
FDW49,OUT010,951.5537135392768
FDU51,OUT046,2860.073326578186
FDF28,OUT018,1740.5386602442259
NCY30,OUT018,2546.7002978090322
FDD44,OUT045,4073.4371486343553
FDX09,OUT017,2929.376962911333
NCF30,OUT013,1999.8790595903158
FDZ50,OUT019,1006.5298459051173
FDW37,OUT013,1512.876092408339
FDD11,OUT049,4161.9201814280095
DRH39,OUT018,947.4779392095173
FDA36,OUT049,3054.5194815331006
NCG43,OUT049,1554.1690248774225
FDF02,OUT035,1854.1226043764918
FDP57,OUT027,3102.4729921812523
NCE42,OUT017,3745.678439121606
NCR38,OUT027,5397.158276596717
FDP03,OUT019,128.80997895174812
FDO51,OUT035,889.2621596171896
NCQ42,OUT046,2024.8438578018297
NCM41,OUT046,1475.265652987296
FDH48,OUT027,2853.433785695487
DRF60,OUT046,3722.458968650967
FDJ27,OUT035,1795.7753293239668
FDQ14,OUT013,2406.5374329536708
FDN27,OUT017,2038.164083447327
NCQ02,OUT046,2967.683049853442
FDJ33,OUT049,2101.1785076287097
FDP07,OUT027,4604.6336046680835
DRE01,OUT049,3872.6306187714627
FDU36,OUT045,1568.1534948203557
FDL28,OUT017,3714.5980885005374
NCX53,OUT046,2257.5779963237746
FDZ39,OUT013,1736.9337279251408
NCP42,OUT013,3100.5843394913018
FDJ14,OUT035,1515.0274605324917
FDK04,OUT049,1011.1284492316634
NCC19,OUT017,3147.27861024692
FDS09,OUT018,588.5100315136954
FDZ02,OUT046,1584.4260793752005
FDD35,OUT018,1716.4110312359276
NCY42,OUT017,2377.0238211417322
FDB05,OUT045,3821.6593212564303
FDF20,OUT035,3297.385287229383
NCO41,OUT018,1295.5166720837344
FDC40,OUT027,2714.4077005107492
FDV58,OUT045,3057.938651591884
FDZ57,OUT045,2016.8236729697503
DRM35,OUT046,2852.549771568747
DRN36,OUT018,1230.9702446808878
FDQ13,OUT046,1422.8977693704826
DRO35,OUT010,0.0
NCD43,OUT035,1797.0792225291611
FDA51,OUT018,1510.0673620976065
NCX17,OUT027,5116.504110293561
NCZ17,OUT049,757.9050865547474
FDR11,OUT027,4003.595220294841
FDW34,OUT049,3948.671573590489
FDN50,OUT017,1657.9916688807848
FDS09,OUT046,843.3781192706738
FDS48,OUT018,2158.5665171640576
FDL44,OUT049,2750.69839440175
DRF48,OUT018,2683.4637061104595
FDA14,OUT018,2051.8812254706145
NCD30,OUT049,1627.0645977683207
FDI16,OUT017,943.9469813615236
NCG06,OUT035,4194.960332082141
DRZ24,OUT035,2053.631810883893
NCS17,OUT045,1456.1033936023027
FDB37,OUT045,3771.109703601426
FDE10,OUT035,2227.977696472508
FDC57,OUT045,3024.080337687499
FDM12,OUT018,2726.1550207402533
FDE24,OUT049,2357.983301277499
FDW22,OUT045,3421.1654164822703
DRD01,OUT027,2319.082384109882
NCZ18,OUT027,5399.475375582137
FDN49,OUT045,645.5245007401932
FDR22,OUT035,1977.8074726641046
FDV08,OUT019,0.0
FDY39,OUT046,2972.677331541251
FDV36,OUT049,2140.1651780518223
FDO60,OUT045,716.7400758933802
FDU04,OUT027,3414.872431738164
FDR20,OUT027,2292.346414009213
FDW19,OUT019,0.0
FDU40,OUT049,3176.3212937051157
FDK15,OUT045,1526.3725779741612
DRF15,OUT035,2566.795436534002
FDQ25,OUT017,2917.6507035763407
FDI48,OUT019,0.0
FDS49,OUT046,1300.9654530473535
FDV22,OUT046,2532.602344179173
NCV42,OUT046,1728.1270360567619
FDX26,OUT046,2893.4701525773085
FDI33,OUT018,1191.5951177569502
FDZ14,OUT049,2012.4772320510724
FDG10,OUT013,982.3377333726174
FDM38,OUT018,611.3253089407533
FDG26,OUT027,5543.033158111166
FDH46,OUT035,1794.224700047177
FDN13,OUT018,1351.4309111726466
FDU57,OUT035,2534.9001340413406
NCI06,OUT046,2820.3747179835045
FDM38,OUT045,848.4803982693485
NCG42,OUT010,114.83298899341128
FDL39,OUT045,2760.370549862887
FDT31,OUT019,1194.5837005092544
FDV59,OUT013,3495.1835783010893
FDB49,OUT035,1793.91952250237
FDD58,OUT049,1740.5377701455072
DRN59,OUT046,765.445386690334
FDX48,OUT049,2568.746744066624
FDQ11,OUT049,4152.246614749917
FDY12,OUT049,979.5573668636209
FDQ11,OUT045,4005.305328016685
DRI11,OUT017,1974.9517856199093
FDY32,OUT027,4086.9246890993263
FDS51,OUT045,961.1021667377393
FDR19,OUT010,405.00719287149127
DRB13,OUT018,2725.3380856603617
FDS21,OUT035,1187.4814998489844
FDQ40,OUT045,2726.346704425767
NCE55,OUT013,2780.755474613808
FDX43,OUT027,4126.481199496095
FDS12,OUT049,2113.6571175221443
DRK01,OUT027,2961.8129039045716
FDN25,OUT017,1055.8843273790126
FDB60,OUT046,3122.2971477507526
FDQ13,OUT017,1518.8623474354054
DRK13,OUT045,3023.004757501585
DRF25,OUT018,316.6496440848895
NCD42,OUT019,0.0
FDW25,OUT045,1357.1855092576745
NCV29,OUT027,4300.566149701676
NCK42,OUT035,3509.0211312407937
DRJ13,OUT027,3955.0483117476733
DRD15,OUT017,3778.6760674721563
FDM27,OUT045,2430.7333024810514
FDZ50,OUT018,2620.421868098163
FDC04,OUT046,3806.715776495941
FDF50,OUT049,3241.9686253366444
FDP15,OUT045,4022.1275940117475
FDK46,OUT035,4241.876588584179
FDZ56,OUT018,2467.8223334965987
FDY60,OUT049,2417.4208250946876
FDB10,OUT035,3894.8819632330715
FDR57,OUT045,2423.109250031108
FDU58,OUT049,3079.109480007708
FDH02,OUT046,1493.5508757404637
FDP48,OUT013,2951.7545106931866
FDI46,OUT035,4128.883017553579
FDW56,OUT013,3144.3313328398162
NCM19,OUT010,0.0
FDS50,OUT027,4922.524919243444
FDK24,OUT013,795.5646776728959
FDO36,OUT017,2992.0881167870893
FDK45,OUT027,3502.3040983328756
NCL05,OUT045,677.581866141119
FDL32,OUT018,1583.013436942445
FDA28,OUT049,2112.39311174175
FDY36,OUT018,971.9112270807636
FDP32,OUT018,1807.5143339145197
FDL50,OUT046,2026.1025070703774
DRC24,OUT049,2505.967449240954
NCS18,OUT017,1799.8769834599211
FDD16,OUT017,1332.8450293300702
NCV18,OUT013,1365.1362250167128
FDX07,OUT046,2980.812548193402
NCZ05,OUT027,3123.8107410263765
NCI31,OUT013,638.4663001479931
FDK14,OUT049,1501.4483299874364
NCR06,OUT045,628.0493480798455
NCF54,OUT049,2816.997124617392
DRG23,OUT010,479.2434054195133
FDD53,OUT046,732.1856526001493
NCM31,OUT027,3665.299227148789
FDT16,OUT017,4230.436915685784
FDR40,OUT035,1436.1010568312722
DRG25,OUT017,3023.668129128342
FDT10,OUT035,1152.509311803587
FDY32,OUT013,2676.0418833013327
FDN50,OUT035,1706.4347334482645
FDZ35,OUT019,0.0
NCP54,OUT045,1853.813411644688
NCD07,OUT035,1909.0890665371205
FDS02,OUT018,2798.5385484945973
DRN59,OUT018,533.9437887682658
DRB24,OUT013,2499.0874413040265
FDP37,OUT027,3493.9024780327163
DRB01,OUT018,2719.3647049528954
FDR47,OUT046,3127.0561933693525
NCM31,OUT010,322.60492895589186
NCF06,OUT027,5507.817729218068
NCV17,OUT027,3531.0528172134946
FDS10,OUT049,2949.4769164737872
FDN52,OUT035,1540.599161170037
FDZ48,OUT013,1872.635690385039
FDJ48,OUT049,4048.24023960869
DRB13,OUT027,4460.166675842706
FDV59,OUT017,3567.024717939904
FDL32,OUT035,1974.5221961501784
FDZ12,OUT035,2428.4648811915476
NCR06,OUT027,2124.2050634744737
FDP51,OUT017,2045.7669770697607
FDY22,OUT013,2298.1992487337843
FDZ38,OUT049,2793.0300349496038
NCO54,OUT035,1023.1182629790837
FDR23,OUT035,2949.530636137223
FDM38,OUT049,1045.245510071817
FDS25,OUT013,1870.7259091498145
FDZ22,OUT013,1403.7272307563132
FDZ20,OUT019,2181.6602439386493
FDD45,OUT010,0.0
FDN03,OUT049,4061.8521931196237
NCW30,OUT046,4054.3637299752427
FDY24,OUT027,2385.1427765395692
FDJ26,OUT019,1495.8517238115305
FDM15,OUT049,2552.953553672821
NCW54,OUT027,2363.9914278715382
FDA23,OUT045,1576.7738243087465
FDA39,OUT019,0.0
FDZ12,OUT017,2420.420434828998
NCB42,OUT046,1863.7639669577857
FDL16,OUT046,757.1709812212949
FDO24,OUT019,661.9815600742742
NCP42,OUT046,3036.024195683751
FDR19,OUT018,2104.8495332095163
DRL01,OUT045,3602.7388984974905
FDV37,OUT046,3197.780940508427
FDI41,OUT010,420.83064075925455
FDF58,OUT049,1143.7142070028679
NCF43,OUT018,1954.1316749045013
FDN02,OUT049,3403.854811304146
NCP41,OUT035,1879.2792795995706
NCY17,OUT027,2191.0515064069855
FDL58,OUT027,5638.757652394049
NCA30,OUT027,4384.082938743918
FDE46,OUT018,2140.87564897006
FDY38,OUT035,3760.7787646796214
NCH29,OUT027,3000.008445904673
FDO20,OUT045,3975.508628622133
FDP44,OUT018,1431.7071290650747
FDM02,OUT027,2940.2006310542565
FDJ14,OUT027,2800.8747163834196
FDH04,OUT010,0.0
DRK23,OUT046,3997.6885834674376
NCW05,OUT046,1698.9447042596926
FDF12,OUT049,2456.904122430614
FDL51,OUT019,1442.111403211356
FDN03,OUT018,3698.0293764102526
DRJ37,OUT049,2479.106528714432
FDM12,OUT019,1111.9531049552495
FDA16,OUT045,3439.378640300999
NCB07,OUT017,3182.486518464797
NCI17,OUT019,0.0
FDR51,OUT046,2389.3073104370997
FDJ55,OUT045,3527.265010425567
NCZ17,OUT013,682.3507924484929
FDU25,OUT013,1067.8116751876605
NCG18,OUT045,1576.7271110955794
DRM11,OUT017,4204.018822788386
FDH16,OUT035,1622.9392110650335
FDZ04,OUT018,736.9932754241237
NCX53,OUT035,2417.533386220913
FDX38,OUT027,2232.227041516093
FDX09,OUT046,2821.0132819131513
NCW05,OUT018,1436.242235718601
NCS41,OUT017,3030.638257646402
FDI26,OUT046,2876.413107958927
NCZ41,OUT027,3460.1369743331425
NCK06,OUT046,1940.1661499095026
FDX23,OUT027,3037.8675038351184
NCA42,OUT046,2479.6787565373315
FDC20,OUT049,1053.6180964333037
DRC49,OUT018,1999.4072118375432
FDX01,OUT013,1963.3419238727104
FDC08,OUT045,3555.247627498471
FDC02,OUT017,4236.560979918119
FDK10,OUT045,2788.0434270005926
DRC24,OUT013,2459.971002772734
FDW16,OUT019,0.0
NCU06,OUT018,3306.9916831832916
DRA59,OUT045,2827.3472064147336
FDR24,OUT019,0.0
DRL35,OUT018,464.5921099103523
FDA49,OUT013,1482.7367032427396
NCC55,OUT046,589.7765635554418
DRD24,OUT019,376.7004187730585
NCE55,OUT049,2856.2877944935417
FDT33,OUT045,2624.9741755582654
NCT53,OUT013,2638.8804858577696
FDS26,OUT046,4073.802043469257
FDL22,OUT018,1215.5810654425673
FDP44,OUT017,1836.959988076239
FDC52,OUT018,2088.604009970535
FDI53,OUT010,607.6775740300918
FDZ23,OUT046,2992.3993983509845
NCT18,OUT013,2895.775329191597
FDR13,OUT046,1928.0628718708635
FDB09,OUT010,137.22875374288958
FDZ60,OUT013,1794.763223013732
FDB11,OUT046,3613.6099242960927
FDC10,OUT018,1650.4251389899848
FDW56,OUT035,3269.3065564869667
FDK14,OUT027,2866.8683722757733
DRE27,OUT027,2986.6260719004313
FDA38,OUT017,3886.992958951422
FDT11,OUT045,2957.596342412453
FDP15,OUT035,4226.276280102317
FDV27,OUT035,1595.5453130807255
FDS36,OUT027,3228.0254307569794
FDY40,OUT027,2243.9819039127824
NCF19,OUT049,903.5869037392209
FDF53,OUT045,2813.6214168159368
FDS14,OUT027,3916.405661076581
FDE56,OUT046,1084.911442064472
FDZ19,OUT035,3013.8229846753666
FDZ46,OUT013,1839.948144012096
FDR16,OUT046,3356.557777623745
FDG29,OUT018,429.99203252450934
NCE30,OUT017,3455.313555088882
FDZ40,OUT046,878.992438548896
FDG58,OUT018,2203.5114754045267
DRH03,OUT013,1567.694459658535
FDZ47,OUT045,1552.3223717385454
FDV04,OUT018,2210.776797374767
FDZ10,OUT018,1755.1903769540997
FDG46,OUT017,1937.5444831412299
NCF07,OUT045,1502.9312974206064
FDY44,OUT035,3290.1898588491586
FDB21,OUT013,3898.833425902313
FDS20,OUT035,3093.5732433161193
FDS49,OUT049,1437.97566817798
FDX55,OUT027,4976.877212394749
NCQ02,OUT018,2659.934129515571
FDR25,OUT013,4241.531534689412
DRG39,OUT045,828.433735975295
FDB46,OUT046,3380.7909182229205
NCC30,OUT018,2539.1719109830674
FDE58,OUT035,2073.798944754455
FDC05,OUT019,1228.68202470736
FDY15,OUT046,2455.3798248216985
FDG14,OUT046,2438.701673457571
FDL08,OUT049,4002.0656425193256
FDQ47,OUT013,622.0753164148925
FDN12,OUT035,1932.8274019289581
FDW10,OUT013,2869.0867687926702
FDD02,OUT035,2081.9969167083796
FDX35,OUT010,1730.260332859507
FDT35,OUT046,2720.2823191137886
DRN47,OUT019,991.6967480249626
FDB11,OUT010,1694.3404968089258
FDN20,OUT045,2667.521095492928
FDB59,OUT035,3321.312025732711
FDJ58,OUT045,2678.30749234008
FDU60,OUT046,2708.7112534985017
FDS03,OUT049,1209.3166589326206
FDU40,OUT019,1165.3466784975392
DRH15,OUT049,854.6871191154635
FDD04,OUT027,3711.2543971396135
FDQ01,OUT046,4033.1844692398327
FDF28,OUT035,2141.3232345011693
FDD22,OUT010,0.0
FDY19,OUT046,1946.0133186355108
FDN33,OUT035,1644.0144199791825
FDV36,OUT035,2194.23899737876
FDW01,OUT010,558.0988233220039
FDJ28,OUT049,3150.5980064943496
FDB17,OUT035,2988.3865660361407
FDM40,OUT049,2321.988446454943
FDV46,OUT045,2182.130943673132
FDQ44,OUT049,2071.9882967035064
NCD42,OUT046,639.3225264493377
DRH37,OUT046,2594.0119476484883
FDR10,OUT018,2343.0524449652266
NCD06,OUT027,2183.62318561326
FDI53,OUT046,2547.279206987365
FDG16,OUT035,3558.2236581605594
DRB25,OUT046,1706.7720083909373
FDY09,OUT046,2799.832455026548
FDX48,OUT045,2396.8971989355105
FDC03,OUT010,1161.767930707625
FDT47,OUT035,1726.3595075660678
FDW44,OUT027,4221.145136548712
FDT24,OUT017,1338.525576264826
FDT12,OUT019,1729.0221231937278
NCS38,OUT035,1924.0145642254765
FDO39,OUT035,3060.131513945412
FDA13,OUT046,704.6274949843589
FDO48,OUT035,3669.2100935906055
DRJ01,OUT017,2612.1389652435646
FDD53,OUT018,397.9416699143065
NCT05,OUT049,4139.581842294122
FDQ51,OUT045,727.9554140223418
FDU60,OUT013,2715.671744237902
FDC59,OUT046,1073.475197573722
FDP36,OUT035,1030.2266889706214
NCM19,OUT017,1879.5228520638238
FDL16,OUT035,868.8716772022675
FDE50,OUT018,2763.9674112195826
NCR18,OUT013,751.4097377953035
NCD30,OUT035,1690.4801526363058
FDH31,OUT013,1680.4903918781736
FDD56,OUT019,891.6714560514567
FDC47,OUT049,3728.789098086284
FDZ21,OUT045,1473.8772912454044
FDM01,OUT049,1777.0963258063832
FDF24,OUT013,1407.5836716565777
FDW23,OUT017,784.3261981078213
FDY52,OUT018,737.9502566905666
DRH37,OUT027,4035.1423090749076
DRO47,OUT027,3267.144367725372
FDR25,OUT049,4335.742803261642
FDQ24,OUT027,5434.281176065394
DRJ51,OUT018,3364.650623399133
NCU06,OUT035,3743.613975084778
NCV18,OUT018,1008.310283323578
NCC06,OUT027,3461.4331796822153
FDZ01,OUT018,1461.190559529219
FDT14,OUT017,1993.5816463061471
FDD11,OUT019,2134.746561519395
FDN09,OUT017,3971.04227424446
NCO18,OUT010,880.2254717542676
FDZ50,OUT045,2813.9778957906556
FDS44,OUT013,3851.8471466820947
FDI36,OUT045,3087.9904808178217
FDA26,OUT010,1504.7263970414785
NCY53,OUT049,1901.5011708125828
FDF32,OUT049,3308.048361144025
FDF59,OUT010,142.96664413460257
FDB20,OUT046,1297.1431117272537
DRH11,OUT035,1090.7328963864165
FDT03,OUT049,3082.2890465861756
NCH06,OUT035,3978.9914666706363
FDR55,OUT049,3117.987739059833
FDI10,OUT035,2879.012382643684
FDZ12,OUT045,2200.954596469427
FDM12,OUT049,3099.344576303026
DRB25,OUT045,1640.7942175135881
NCS41,OUT013,2927.6649871270656
NCT53,OUT049,2684.8667953257136
NCD55,OUT013,679.6137668201347
FDY08,OUT049,2386.8297484395152
NCP55,OUT049,992.1361392823478
FDA33,OUT013,2403.5024061315753
FDQ33,OUT013,2404.9817513533426
FDE45,OUT027,4358.0862976532235
FDT26,OUT013,1940.5502983827585
NCV53,OUT049,3875.6048213159947
FDK60,OUT027,3042.830622069997
NCJ29,OUT046,1354.0408716366564
FDI15,OUT045,4070.374733248398
FDX21,OUT013,1813.2141673111826
FDV49,OUT019,2313.3531245335635
DRO59,OUT046,1259.163649411369
FDZ14,OUT045,1867.0946078481784
FDP32,OUT027,3516.0137438963266
FDC33,OUT017,3304.6432136248395
FDT14,OUT010,0.0
NCN54,OUT027,2699.560438556293
FDR57,OUT027,3939.5259734424553
DRK12,OUT046,547.1437854695971
FDX52,OUT049,3185.306804634726
FDX08,OUT010,993.6625963940899
FDP10,OUT010,0.0
NCP50,OUT045,1201.601577497122
NCL06,OUT013,4094.8220412999926
FDP25,OUT013,3557.6928010407482
FDE53,OUT013,1715.0835365942014
FDL27,OUT017,1230.6631141766215
FDC35,OUT049,3425.1267920894634
DRJ47,OUT010,813.6172688753444
FDD16,OUT018,958.7181967209422
NCN42,OUT049,2413.5846600668374
FDC38,OUT027,3611.349640673241
NCO07,OUT045,3280.3784452980144
FDQ20,OUT049,812.5690880652796
FDI32,OUT046,1852.2650228773923
FDN20,OUT010,852.7242306690214
DRJ51,OUT027,5073.150560622362
FDU08,OUT045,1564.2898817984578
DRN37,OUT019,730.9953776866084
FDD05,OUT010,41.91998837594497
FDW15,OUT046,2400.0598337693727
FDI52,OUT046,1978.5792444421504
DRM11,OUT049,4229.550411009726
NCO06,OUT045,440.5748177983023
FDU38,OUT049,3086.224625911943
FDU59,OUT018,2314.288232060501
FDJ10,OUT046,2212.147341462237
FDM13,OUT049,2255.027201256257
NCJ30,OUT019,726.0827110770583
FDM45,OUT018,1678.2213944021669
FDP36,OUT045,784.0380531692059
NCD30,OUT010,0.0
FDN48,OUT017,1643.2432372802768
FDY32,OUT049,2703.3097675133813
FDU47,OUT046,2278.4335113733932
FDF17,OUT019,1239.316091217714
FDP34,OUT017,2598.9921187522023
FDA47,OUT049,2713.99214052932
DRD27,OUT027,3047.379078095715
FDW38,OUT045,786.3474161710021
FDZ15,OUT019,8.708358502247279
FDZ03,OUT027,4390.668430333806
NCN19,OUT049,3084.3409890490566
FDG02,OUT035,3217.9371002116513
FDS31,OUT035,3095.3993608484807
FDW43,OUT019,1769.2761003163146
FDZ47,OUT010,0.0
FDO57,OUT017,2666.457982818605
NCL07,OUT013,683.8008535415936
NCV42,OUT013,1780.2340871906495
FDP40,OUT017,1912.0678349609702
FDP48,OUT019,1057.48238354354
FDH21,OUT017,2867.1575462735145
NCP02,OUT049,1050.5150590455014
FDK24,OUT049,880.4950987020649
FDC41,OUT045,1139.032409617295
FDF08,OUT017,1553.9493237193
FDO49,OUT017,1010.3299602076413
FDS56,OUT027,5622.957577110497
FDX46,OUT018,730.6049695557523
FDQ07,OUT013,3566.862070302689
FDC32,OUT010,0.0
FDT21,OUT019,2036.1043017371064
FDG58,OUT045,2406.4119381068563
FDW14,OUT049,1466.8424051357401
DRA12,OUT027,3671.889451088711
FDV27,OUT013,1497.0342233840552
DRD25,OUT013,1816.16165395799
DRF48,OUT027,4391.904812525263
FDX24,OUT017,1634.9293460714775
DRJ51,OUT046,3628.8654011621957
FDE45,OUT045,2844.7623091053656
FDE14,OUT046,1685.0290555394422
FDG53,OUT045,2133.641726988547
FDT08,OUT046,2429.663188334081
DRC27,OUT027,5349.686035366789
FDG20,OUT035,2991.3608857121017
FDC21,OUT046,1799.014632281499
FDV31,OUT018,2582.0279613427256
FDB58,OUT045,2200.555241241922
FDV23,OUT046,2015.532079562617
FDA25,OUT019,0.0
FDC15,OUT046,2476.8985968392403
FDU47,OUT049,2329.8029637019063
FDE23,OUT013,856.3455804152647
FDS08,OUT013,2896.5188959653105
FDW03,OUT027,3164.0976285691295
FDJ60,OUT018,2344.4706298419223
FDM34,OUT017,2180.542880868904
FDW33,OUT013,1731.8177171274504
FDZ40,OUT013,931.1008190895785
FDE33,OUT018,1087.4050801948588
NCC06,OUT010,100.53508481355857
FDU11,OUT046,1937.034727294348
FDL44,OUT017,2759.4537241560597
NCZ29,OUT017,2131.7466520768285
FDG28,OUT010,1954.602471224626
FDL12,OUT018,717.5990184962302
FDD52,OUT017,1806.145962801138
FDO15,OUT013,1248.2839612008333
NCN29,OUT027,2275.953030532427
FDW36,OUT013,1789.0006714498788
FDB21,OUT046,3829.582412695295
FDZ28,OUT013,2089.600655231723
FDY10,OUT035,1995.0189111286943
DRG39,OUT017,988.7765680506681
FDN28,OUT013,1685.9676803887978
FDV15,OUT035,1837.9753485105487
DRI13,OUT035,3578.3142649907904
FDH20,OUT046,1611.0466912028642
FDY51,OUT013,3540.4779525018694
FDE16,OUT013,3322.9687732152506
FDX40,OUT018,343.85277748833505
FDC48,OUT018,1064.460225063294
FDS14,OUT046,2458.141733822571
FDX56,OUT017,3460.7940414205677
FDI10,OUT046,2726.834690520018
FDI14,OUT013,2345.8701961268216
DRM48,OUT013,618.9615610742596
NCH07,OUT027,3934.1078754741366
FDY26,OUT013,3345.195232334111
FDD02,OUT027,3408.324460132373
FDM12,OUT046,3007.4825698344157
DRF01,OUT010,350.7382596123041
FDV36,OUT046,2056.0754439841116
DRI59,OUT013,3574.4646482217504
FDV03,OUT018,2243.6671333827517
FDO39,OUT017,3022.61519985798
NCB07,OUT018,2819.2700501025683
FDH38,OUT027,3368.3018950335345
FDZ13,OUT035,1000.1103299414162
NCZ30,OUT046,1931.2816195880644
NCA06,OUT035,700.0180967753955
FDB04,OUT049,1475.770671517736
FDN50,OUT013,1589.2389413456522
NCG06,OUT049,4120.6454633421945
NCY17,OUT018,454.404805519326
FDC23,OUT046,2890.1325037914494
FDK33,OUT049,3475.7903459577055
FDR03,OUT049,3431.8214475509903
FDZ07,OUT045,1015.2497297235539
FDO38,OUT013,1354.8405516456723
FDS59,OUT046,1770.7677222419507
DRM11,OUT019,2205.323982269629
FDX52,OUT027,4529.896807619087
DRJ35,OUT018,709.6675933960883
NCP53,OUT046,3782.793253250343
FDW15,OUT019,500.32912066175413
DRI47,OUT045,2234.8148851936585
DRZ11,OUT035,2088.4096122554965
FDS02,OUT013,3099.22954274907
DRD49,OUT018,3449.5309183675354
FDW38,OUT049,927.067119509871
FDR21,OUT019,931.8681599710712
FDE40,OUT013,1043.906535616909
FDI02,OUT045,1749.4674572663287
FDQ04,OUT045,592.3806400947892
FDY14,OUT017,4261.366864092216
NCT54,OUT046,1514.1373850209766
DRD25,OUT017,1881.738479946905
DRE01,OUT045,3714.7822621386686
FDJ12,OUT010,1425.1193675296363
NCZ05,OUT049,1763.6326568084842
DRB25,OUT019,0.0
NCC31,OUT045,2404.981383186663
FDM16,OUT045,1161.5139767101412
DRG11,OUT049,1802.6705527941776
FDV24,OUT027,3836.628622051323
FDV43,OUT046,799.2612593956505
FDG05,OUT018,2183.7827333211635
FDV23,OUT010,92.8387216861878
FDI58,OUT018,1218.0202296286432
FDQ11,OUT017,4202.997525354452
FDC05,OUT027,4567.78712310426
FDF40,OUT013,3924.033620384893
FDU02,OUT018,3291.442580224073
FDT32,OUT013,3042.6735628539736
NCF06,OUT017,4195.356465228508
FDT46,OUT013,899.9892557958203
FDR58,OUT010,0.0
FDY04,OUT046,2581.761122047115
FDT58,OUT045,2588.471637005383
FDE46,OUT049,2537.3942436365296
DRH11,OUT017,1034.452937340243
DRI51,OUT046,2721.899394429699
FDC35,OUT017,3393.319345235409
FDP45,OUT035,4144.669218702096
FDC45,OUT017,2832.2753717581854
FDU01,OUT045,2909.023304838084
FDJ53,OUT010,12.74297459695299
FDJ46,OUT017,2875.0345512026324
FDX07,OUT013,3028.247528673328
NCI30,OUT049,3979.5388861394113
FDE47,OUT027,3481.185049211127
FDV48,OUT045,1229.765331104382
FDN16,OUT019,0.0
FDM52,OUT013,2364.187949840341
FDA32,OUT027,4947.215506850881
FDH05,OUT017,3756.7348833768956
FDW25,OUT010,0.0
FDQ09,OUT046,1842.1600196451482
NCM17,OUT010,0.0
DRM59,OUT046,2471.83345033503
FDV47,OUT027,2839.486009461598
DRE15,OUT035,1360.8956014628282
FDS25,OUT010,0.0
NCZ05,OUT018,1399.790074562022
NCV05,OUT019,566.2731956793853
DRM37,OUT046,3093.5048535114292
FDV58,OUT027,4527.770010534518
FDN22,OUT027,5434.214413722356
NCO06,OUT049,613.9873422033202
FDT56,OUT019,0.0
FDM02,OUT013,1504.4475765530105
FDA09,OUT046,2860.6445376158717
NCC06,OUT035,2139.796188073127
NCL54,OUT049,2855.08727068821
NCB55,OUT017,1028.7085028718816
FDB12,OUT017,1813.0794331550337
NCA54,OUT049,2907.532430867035
NCS38,OUT049,1915.071314490944
FDC02,OUT049,4241.860277460768
FDK44,OUT019,889.9685393679612
FDE16,OUT035,3427.7091706118918
NCS05,OUT035,2261.9263839292157
FDZ59,OUT045,2597.8139113594825
FDI20,OUT017,3531.065372417179
FDQ14,OUT046,2376.222752126867
FDF53,OUT017,2972.379919439082
FDW25,OUT017,1536.2146280156003
NCQ43,OUT010,0.0
FDX52,OUT013,3078.597684201837
FDE28,OUT045,3522.910448026075
FDN15,OUT017,2351.141896291979
FDO28,OUT017,2010.2946022158233
FDQ33,OUT045,2342.9291679452153
FDM22,OUT010,0.0
FDJ03,OUT017,886.2537862951662
FDI16,OUT045,800.7922576190106
FDI09,OUT027,5442.117348113518
FDX55,OUT013,3531.796143391154
FDS23,OUT027,3514.079472153321
DRC12,OUT045,2957.923613640567
FDH41,OUT049,3504.448241112048
FDN01,OUT013,2840.650907761195
FDV55,OUT045,2277.6271688244087
NCJ19,OUT013,935.9663320139877
NCY29,OUT010,0.0
FDP03,OUT018,1716.91113456131
FDZ52,OUT045,1693.6157462323022
FDH31,OUT010,0.0
FDQ19,OUT018,3597.131755328066
FDS15,OUT035,1872.1007377848618
FDN32,OUT017,3063.0274126209333
FDH32,OUT049,1737.1656225730571
FDF33,OUT017,2077.9900312041354
FDJ22,OUT046,3030.611890426656
FDG56,OUT010,0.0
FDC05,OUT046,3093.9108252315445
FDK09,OUT013,3631.1942698406883
NCV29,OUT045,2737.4424365962705
NCC43,OUT019,2007.0736490428853
NCA42,OUT049,2563.7678539774333
FDC10,OUT046,1908.4009828862959
FDC16,OUT013,1430.8422716548512
NCL17,OUT013,2269.876465653844
FDA51,OUT035,1932.7474647639285
FDW01,OUT017,2581.4569980976094
NCF30,OUT045,1928.4666448841974
FDN49,OUT013,760.5303380421541
FDY20,OUT045,1433.6108471925415
FDC15,OUT045,2373.5144402866035
FDY24,OUT046,897.2234938887271
NCG43,OUT017,1592.538747453812
FDA48,OUT013,3572.796945157237
NCF55,OUT017,704.3224213988058
FDL38,OUT049,1606.3133177382977
NCQ29,OUT018,3792.599805247911
FDC34,OUT017,2589.9128369377318
FDP36,OUT027,2331.6007358805473
FDN50,OUT010,0.0
FDO23,OUT049,1635.0941500284248
FDT56,OUT013,1036.0700872856087
FDT13,OUT027,4496.274425187229
FDZ03,OUT013,2976.7086593319964
FDQ03,OUT010,1825.1607701553687
FDU44,OUT045,2554.286658891988
FDD03,OUT049,3718.5333787737063
NCH30,OUT013,1798.1196940428556
FDS60,OUT010,968.4668265851875
FDG08,OUT046,2763.0209664024633
FDX38,OUT017,874.6175092490425
FDD22,OUT017,1930.0266805157191
FDW51,OUT013,3400.600983070438
FDL09,OUT017,2795.6180717079233
FDZ60,OUT045,1679.7604426910814
NCH07,OUT046,2492.932444203948
NCQ41,OUT049,3221.473974105569
FDW04,OUT049,2143.139905540628
FDI08,OUT027,5434.059400492084
FDR19,OUT019,467.5224610005008
FDV13,OUT046,1450.8943276856066
FDB52,OUT017,4133.908696547524
FDZ48,OUT027,3264.796417246175
NCO14,OUT049,834.5862390743919
FDZ50,OUT013,2928.959669407611
FDN27,OUT019,8.777312386036556
FDQ60,OUT013,1999.6898563052994
FDR49,OUT017,915.2694546747939
DRJ35,OUT027,2483.4911511481096
DRI49,OUT017,1399.2981546164306
FDB47,OUT017,3437.7347299080084
FDP37,OUT010,115.52391008927077
FDR26,OUT049,2871.702989771151
FDY31,OUT019,480.1421213765085
FDC11,OUT045,1407.3053496086834
DRP47,OUT035,4088.0232509701527
NCY54,OUT018,2385.6604736364334
FDR27,OUT046,2140.6878820278766
FDQ21,OUT019,88.2195515867736
NCQ29,OUT035,4265.0545930619855
FDJ02,OUT046,2400.3798798090893
FDE21,OUT018,1615.1475113833214
FDM39,OUT046,2804.2473184725022
FDZ01,OUT017,1802.6298026489098
NCB19,OUT018,1078.9774840414434
FDU03,OUT046,2908.084166059206
FDP27,OUT049,3094.8094329888354
DRF01,OUT045,2211.795392771165
FDM03,OUT049,1846.1590241078723
FDV01,OUT046,2524.7845927128064
FDS16,OUT046,2324.5041744171112
FDO45,OUT035,1601.0640197424254
NCX06,OUT035,2988.2562273999874
FDP13,OUT046,697.4931897559156
NCR38,OUT018,3663.7060182140003
FDA01,OUT013,1032.6661931013664
FDT26,OUT017,1968.7739121793875
FDD44,OUT027,5577.4672274699205
FDB26,OUT013,978.8534667671447
FDP45,OUT019,2071.2039319924884
NCP55,OUT046,928.2821718217347
FDT23,OUT017,1396.133659287777
FDO51,OUT045,661.7765298124157
FDA44,OUT046,1002.6328793933228
NCJ31,OUT018,3473.5021178397155
FDX37,OUT045,1582.170301946011
NCD18,OUT049,3692.8188467596474
FDN40,OUT027,3894.6378088761867
FDL33,OUT017,3197.1501699695673
DRF48,OUT035,3118.5115034718083
FDW08,OUT035,1872.8392785438277
FDX39,OUT018,3123.7205812330294
FDB38,OUT049,2719.96183999403
FDY46,OUT018,2686.9763634072206
NCB06,OUT049,2610.791579052158
FDA34,OUT035,2940.685552650376
FDA35,OUT045,1887.057863469909
FDQ07,OUT035,3659.1398930663427
FDU32,OUT045,1946.5544584503039
FDU26,OUT013,1948.80029549382
FDU13,OUT010,428.1115438287821
FDO09,OUT035,4302.070753692584
FDW03,OUT019,0.0
FDB38,OUT013,2641.2733864752045
FDL26,OUT010,593.1481401213451
NCN43,OUT045,1903.3299858597707
FDH08,OUT045,3646.08590809169
NCC31,OUT019,583.8192466783735
FDH14,OUT035,2423.156012902101
FDL40,OUT017,1696.583077618707
FDD20,OUT035,2172.889279718092
NCV53,OUT035,3945.245529214252
FDD16,OUT045,1128.904387908128
FDP24,OUT035,2088.5299333041976
FDQ25,OUT045,2732.3878427847267
FDM38,OUT035,1066.6449953274796
NCT18,OUT010,898.1040898276601
FDM34,OUT049,2224.7643237679113
DRH37,OUT010,717.5850347153045
NCE07,OUT013,2292.576048818589
FDG12,OUT013,1971.7554870908689
FDB59,OUT010,1249.2370763758424
FDS10,OUT018,2581.0014344023693
FDN21,OUT010,665.5918861965032
FDM02,OUT045,1408.1517113247105
FDO44,OUT049,1949.6568122356546
NCN17,OUT017,1748.6143943909872
FDH16,OUT018,1205.0170240561938
FDL44,OUT046,2615.226095617202
FDY47,OUT017,2185.0459957355743
DRI39,OUT046,904.5533125154116
NCX54,OUT018,1369.6787289055962
FDE59,OUT046,663.1500658778468
FDO46,OUT045,2941.07790303018
DRE13,OUT046,1415.8276862989535
FDW14,OUT013,1444.2056897122357
FDF35,OUT046,1760.2816955784174
FDO50,OUT019,0.0
DRF49,OUT017,1930.9239947749727
FDT60,OUT049,2133.2679847399595
FDP38,OUT045,797.3488751600731
FDA31,OUT027,4236.559515758442
FDY52,OUT010,0.0
FDD03,OUT027,5084.964448972575
FDN52,OUT018,1088.363177264705
FDU20,OUT010,64.2185030626107
FDD22,OUT035,1914.7136748947635
NCB55,OUT019,0.0
FDN27,OUT045,1869.9940869769193
FDD16,OUT013,1278.1162763475959
FDW48,OUT046,1319.1436542468505
DRN35,OUT045,534.0182214760102
FDX25,OUT049,3007.374236602702
DRD49,OUT049,3797.854606143852
FDE21,OUT019,0.0
FDN44,OUT035,2729.688393806755
DRC01,OUT049,884.1372482566799
NCK30,OUT046,3949.9207145908595
FDU39,OUT013,1033.9214721820185
FDB49,OUT013,1653.3702520518118
FDS12,OUT045,1948.02352513141
FDR57,OUT018,2235.8016567603445
FDX22,OUT027,4775.135776409288
FDC60,OUT013,1507.4159660161204
NCE42,OUT049,3747.820347089423
NCK42,OUT049,3492.317749149036
DRE01,OUT017,3904.624036661042
FDE57,OUT018,2034.0897459223204
DRK59,OUT019,1808.4013378155437
FDB10,OUT027,5180.743758331379
FDQ25,OUT046,2813.919676466505
FDY26,OUT017,3412.3863121898576
FDG28,OUT049,3942.694228131365
FDM14,OUT049,1897.8545785789915
NCH29,OUT049,1689.6796161275704
FDD48,OUT049,1971.5123567269288
FDC17,OUT045,3264.4715685887504
DRH49,OUT027,2777.1975304830803
FDN44,OUT018,2333.5863110612045
FDC29,OUT045,1762.3629524260123
DRK01,OUT019,0.0
FDD48,OUT017,1967.7988979835798
FDB59,OUT013,3200.9911291149456
FDY45,OUT010,2094.8669116022256
FDX60,OUT035,1433.7879304515118
FDT09,OUT010,208.86835674549957
DRB24,OUT018,2159.4634210491577
FDL13,OUT035,3843.466827521548
FDN16,OUT035,1791.0551479985597
FDK57,OUT013,1979.9381607623327
FDO22,OUT027,2772.379469740349
FDC57,OUT010,1219.8161183449272
FDZ13,OUT027,2307.8423055702588
FDW27,OUT013,2510.3166013441405
FDX10,OUT049,717.0868924065251
FDY08,OUT018,1998.0244706652643
FDA49,OUT017,1548.3301499158645
FDC32,OUT018,1294.4730875241603
FDO04,OUT035,1034.1880974975356
NCZ54,OUT013,2545.1142031182053
FDY40,OUT045,727.596389982351
FDW36,OUT045,1683.3720060735404
FDE11,OUT017,3045.9330203092886
DRE37,OUT045,2906.626974846484
NCK19,OUT017,3144.0214220650996
FDT19,OUT035,2959.8482645231434
FDE56,OUT045,978.4203727400052
FDZ57,OUT010,125.87581664712752
FDB35,OUT035,1690.3194944462202
FDF09,OUT010,0.0
FDO34,OUT046,2698.9656233980195
FDA55,OUT046,3617.816429000901
NCM18,OUT035,1106.4616539219396
FDJ20,OUT019,107.12228960068774
DRQ35,OUT019,122.14665226491286
FDG02,OUT013,3106.967226842621
NCU29,OUT018,2031.2899809998805
FDL27,OUT027,2530.65065015293
NCA54,OUT035,2955.381829504224
FDJ32,OUT035,1226.49186441413
FDB21,OUT019,1945.089757919425
FDR46,OUT035,2466.773787956263
FDZ32,OUT046,1755.8134092673777
DRF36,OUT017,3100.1002033343902
NCU54,OUT017,3384.3248444106166
NCI31,OUT017,680.6864362105064
DRA59,OUT035,3034.627525461573
NCC55,OUT045,533.1660156195067
FDE44,OUT018,580.9638357250292
NCN26,OUT018,1546.3434154566976
FDC11,OUT049,1554.253029235315
FDV24,OUT035,2541.4067772472713
FDR40,OUT019,0.0
NCQ17,OUT049,2593.0856139906737
FDC46,OUT045,2865.433704740335
NCM18,OUT046,997.8777632349435
FDK16,OUT046,1553.1371304345216
FDI28,OUT017,1419.6693638857969
FDS11,OUT018,3301.9100571314257
DRD13,OUT046,1056.9504248715375
FDL36,OUT035,1602.5611973904847
FDI27,OUT013,797.5169927225638
FDJ53,OUT019,0.0
FDS44,OUT045,3769.6020725771705
FDE28,OUT046,3624.720883763538
FDQ33,OUT018,2141.5839815414893
FDB37,OUT017,3906.5544319632936
FDQ31,OUT045,1380.0832789263236
NCQ05,OUT046,2394.1889377867337
FDE10,OUT013,2121.6878291783883
FDF38,OUT017,834.4086312047989
FDE50,OUT019,1127.4966220845463
DRG37,OUT010,546.011417374794
NCH06,OUT049,3980.9510408285005
FDY14,OUT045,4076.131629511412
FDO27,OUT017,1649.6165677416902
FDQ19,OUT049,3973.4096546281535
FDZ26,OUT019,1797.9091546022264
FDN51,OUT013,4179.126074003951
FDK20,OUT035,2161.128150125171
FDD40,OUT018,2760.7585230181735
DRI25,OUT018,654.5809980623399
FDH56,OUT017,2014.4643764801692
FDI36,OUT027,4593.557373933631
DRH11,OUT018,661.894344933691
NCV18,OUT017,1413.5557744457947
DRI01,OUT049,2828.6580919079834
DRE48,OUT049,3238.6844452567148
FDS51,OUT035,1173.014565213131
FDM38,OUT017,990.1066420475288
FDB60,OUT027,4544.732825646271
FDY58,OUT035,3777.0294994720407
FDY22,OUT045,2209.6431813351346
FDF11,OUT027,5266.719482966822
FDZ51,OUT035,1741.719341042111
FDQ45,OUT017,3014.4439684608315
FDF17,OUT035,3255.260724503746
NCF31,OUT027,3839.3894040802643
FDA37,OUT013,2085.177762264041
FDO51,OUT046,763.5397701501818
FDF34,OUT013,3188.7283202410936
FDD57,OUT018,1332.8515481557824
FDO37,OUT046,3668.0887844841136
FDR49,OUT049,962.6584274304939
FDS39,OUT049,2399.8791473652655
FDI48,OUT027,2345.3701809164204
DRM35,OUT049,2941.2977746705637
FDV57,OUT035,3034.276845794452
FDZ55,OUT013,2661.8007648673333
FDI28,OUT035,1416.7336284443813
FDS21,OUT045,988.0290861062879
FDT34,OUT013,1731.761313011064
DRI25,OUT035,1039.7932228248799
FDT47,OUT010,0.0
DRH39,OUT045,1148.8236785604188
NCD54,OUT045,2210.03176780361
FDU16,OUT027,2822.287023702019
NCW29,OUT045,2004.013230568144
FDV25,OUT027,4999.24948801634
FDM56,OUT035,1958.1611437759632
FDZ04,OUT027,2515.473586664627
FDG59,OUT019,0.0
FDI56,OUT045,1438.7109304403548
FDS33,OUT035,1574.019033574601
FDC23,OUT049,2939.97222514227
FDT11,OUT049,3079.6234908756232
FDG17,OUT045,3797.172665098551
FDZ44,OUT045,1876.3287088006923
FDJ52,OUT013,2595.2911243094927
DRI23,OUT046,2529.406882019104
DRE15,OUT010,0.0
NCF07,OUT013,1638.128585339036
NCR29,OUT049,1024.6316355542829
FDE44,OUT019,0.0
FDT23,OUT035,1464.86815289987
NCG06,OUT017,4163.640345941557
NCU41,OUT010,1119.9408824824222
FDH46,OUT017,1773.7905878623567
FDV31,OUT013,2898.375118793627
NCT41,OUT027,3893.3337208094563
FDE22,OUT027,4017.2749742847354
FDC26,OUT045,1728.1046735086516
DRF51,OUT017,708.4793789030809
NCY53,OUT019,0.0
FDY21,OUT017,3226.773696797436
FDL27,OUT013,1129.1961255180336
FDZ34,OUT049,3216.010968023006
NCF43,OUT010,351.52237752321867
FDC21,OUT035,1943.406467698303
FDL26,OUT013,2562.933533445589
FDT25,OUT010,64.51424405844375
NCR30,OUT046,1186.1660869380794
DRL23,OUT019,0.0
NCR05,OUT049,3227.938093597032
NCE19,OUT018,578.8342179301097
FDY07,OUT035,950.348600386294
FDB10,OUT017,3835.5726117651247
FDP57,OUT013,1733.683362318919
FDU48,OUT019,223.0443733241667
FDH48,OUT035,1550.4515020705765
FDO33,OUT035,2002.211395829211
NCU29,OUT045,2288.6600247549814
FDW35,OUT046,744.3031667174027
FDH05,OUT010,1734.7765490760426
FDP26,OUT049,1749.2979798128285
DRG27,OUT035,836.0361010674158
FDQ33,OUT046,2424.4842689805555
FDH20,OUT010,0.0
FDV14,OUT046,1429.4026593533595
DRD01,OUT046,893.504024341639
NCI17,OUT049,1633.5469039884583
FDF39,OUT010,2219.535528732825
FDX37,OUT046,1668.3857654847695
NCX17,OUT035,3841.5014431343925
FDN03,OUT013,4029.863854372992
NCS41,OUT010,986.7762867709855
FDH34,OUT045,2869.0324004622234
NCX53,OUT018,2001.2021087903902
FDY31,OUT046,2415.65788210397
FDD20,OUT017,2188.2864060516386
FDE51,OUT045,656.7223229078334
FDV27,OUT046,1440.255091386828
FDF16,OUT035,2499.962789964541
FDZ02,OUT049,1626.4754287396622
NCK05,OUT045,958.6069637259242
FDM12,OUT027,4489.118016682533
NCA05,OUT018,2117.0122211379144
FDX33,OUT045,2468.6865174568275
FDM25,OUT049,2929.796982576875
FDE41,OUT018,1109.0859895042224
FDW14,OUT045,1338.5867863238614
NCD30,OUT046,1519.6211146218507
FDB23,OUT010,1715.3579450580946
FDF45,OUT046,1055.2134493802007
FDW20,OUT017,2163.845231339087
FDF47,OUT045,3490.097352101646
NCR05,OUT019,1269.1025929230645
DRB01,OUT046,2958.6643782012443
FDE36,OUT013,2674.8920490606934
FDU56,OUT049,3077.027325558295
FDB23,OUT049,3705.7072144316753
FDN48,OUT049,1595.6041239054505
FDS43,OUT013,3070.605199877762
NCN05,OUT013,2952.400876204584
NCL53,OUT049,2894.900084229278
FDL56,OUT046,1450.6432019706117
FDH17,OUT018,1278.404707957788
FDP37,OUT046,2049.5686630495657
FDG09,OUT019,1151.5883863898084
FDA55,OUT045,3512.920075347134
FDX31,OUT049,3863.54606477831
FDJ41,OUT045,4058.157579132886
DRC24,OUT045,2401.066889954357
FDQ21,OUT035,2124.341727160592
NCT54,OUT045,1401.4332713525378
FDH08,OUT049,3796.1367109880066
FDY38,OUT018,3377.0571972371663
DRM11,OUT010,2203.7698312719494
FDG32,OUT049,3636.095522255363
NCH18,OUT046,3842.486647688722
FDI20,OUT035,3545.2688795818485
FDA33,OUT018,2084.1065206095254
FDN45,OUT013,3562.172956421942
FDT45,OUT010,0.0
FDR32,OUT035,3812.337258628929
FDA48,OUT017,3611.86354349719
FDN23,OUT017,2439.8394728942394
NCR18,OUT035,843.6954062832338
FDD45,OUT046,1564.8215525449318
FDI22,OUT018,3004.6088184033206
FDT09,OUT013,2174.267377580102
DRC24,OUT027,3894.131368164708
FDT39,OUT046,2415.4727863855205
FDX28,OUT045,1500.8172809270548
FDA50,OUT018,1226.7564281835039
FDT33,OUT027,4141.388311621665
FDQ60,OUT049,2042.5356548517132
NCM19,OUT018,1506.9560872329184
FDF40,OUT046,3903.0664596230245
NCI30,OUT035,3979.130637433381
FDK34,OUT049,3872.4769694241704
FDA38,OUT027,5211.9197477194375
FDT02,OUT045,540.4049511111523
FDC11,OUT017,1553.5699468424923
FDD08,OUT046,735.8224129229153
NCS29,OUT046,4143.481113886589
DRI03,OUT010,896.8609715607336
FDK48,OUT035,1367.4637123664322
FDM52,OUT049,2481.802525268049
FDP49,OUT035,1120.094347166292
DRA24,OUT046,2605.759809092074
NCJ43,OUT049,2809.706834213593
FDE11,OUT045,2874.753161956207
FDP01,OUT049,2589.901013227926
FDQ59,OUT018,1124.908746120248
FDA43,OUT019,1233.7942717437008
FDL14,OUT017,2617.305660406085
FDV50,OUT010,38.78806160021179
FDT01,OUT027,4808.262645377444
NCC42,OUT035,2375.7472737275584
FDO28,OUT046,1898.8243366043737
FDD32,OUT019,0.0
FDV45,OUT035,3104.870910171968
NCW17,OUT019,131.2418020001644
NCJ17,OUT027,2822.122068648484
NCF18,OUT049,3078.8780685739575
FDP01,OUT045,2405.5938575913106
FDH24,OUT045,2460.0661329350132
FDI38,OUT027,4812.141651435912
FDX03,OUT035,924.1758126564016
FDY28,OUT046,3358.8719290757326
FDN34,OUT018,2449.504305486801
FDJ02,OUT045,2353.104331959726
FDW40,OUT019,325.2641353621044
FDX03,OUT017,864.7974117047329
FDE17,OUT027,3869.9524197528053
FDT58,OUT046,2668.467869135112
FDI38,OUT013,3381.1025934910685
FDW22,OUT035,3690.6833475333706
FDS15,OUT027,3231.147305736142
NCX06,OUT013,2892.8561422477887
DRK47,OUT035,3783.3322555605046
FDC23,OUT027,4328.1280790224455
FDM56,OUT010,0.0
FDP21,OUT046,3031.389900674957
FDP58,OUT046,3459.2518642973355
FDA27,OUT019,2100.9884505735463
FDK41,OUT019,0.0
NCH42,OUT046,3615.4105546100163
FDG29,OUT045,643.7796136327911
FDW15,OUT018,2149.8818172573183
FDD28,OUT018,695.8824093575083
FDQ37,OUT049,3201.3909490278556
FDC23,OUT035,3025.181913987297
FDV13,OUT035,1638.879588250598
FDK33,OUT046,3373.0132180369164
FDO33,OUT013,1852.3275010336336
FDN21,OUT017,2687.323810396587
NCW06,OUT027,4467.356158690478
FDI38,OUT035,3482.7305105412634
FDC21,OUT027,3238.589251971087
NCS05,OUT046,2126.8768678110773
NCN53,OUT049,730.0363551687492
FDV40,OUT010,0.0
FDG60,OUT017,3812.5657115755203
NCY30,OUT027,4322.047246150717
FDM40,OUT045,2157.9130048495017
NCO30,OUT046,2883.7766110904086
FDK10,OUT046,2892.933631874469
FDM36,OUT045,2699.408028594192
FDN10,OUT013,1929.6278123475624
FDM46,OUT018,1226.5896991057336
FDX50,OUT049,1858.87478036938
FDP33,OUT045,3950.0031347623153
FDO12,OUT045,3054.2859588885567
FDC28,OUT013,1801.7662376901776
FDO31,OUT045,1302.275419166706
FDX45,OUT035,2611.437154442863
FDV21,OUT049,2100.0523794637934
FDH04,OUT049,1574.2643859475056
NCG54,OUT013,2685.1771487120914
FDO13,OUT046,2624.251192666176
FDA09,OUT027,4297.199245019909
FDC38,OUT017,2276.8955988492157
NCO42,OUT046,2269.4964012987166
FDL45,OUT049,2094.8493003496
NCK31,OUT013,888.8140364809177
FDM39,OUT017,2920.407780393749
FDC22,OUT010,1119.9392332105676
FDF46,OUT046,1855.9200873120785
FDQ37,OUT045,3004.626140225125
FDH41,OUT010,1448.7329830328492
FDQ04,OUT046,673.8990973043581
NCQ02,OUT027,4425.898719659033
FDJ57,OUT027,4639.077664347452
NCE07,OUT049,2315.223678613539
FDE56,OUT013,1059.191531445415
FDI20,OUT049,3474.06496579797
FDK36,OUT018,576.2907133359892
FDP08,OUT027,4535.744019286559
FDF44,OUT017,2252.594345653062
NCU53,OUT017,2763.5760676415684
FDF47,OUT035,3736.2885932997287
FDS55,OUT010,515.5598207067276
FDZ52,OUT010,0.0
FDL04,OUT018,1404.0552220166815
NCM26,OUT035,2566.3048859681617
FDX43,OUT049,2825.4851156817895
FDP52,OUT049,3692.63073432648
DRK49,OUT045,618.1092680226477
FDE38,OUT013,2712.672488824143
DRF13,OUT035,2449.259232695147
FDK41,OUT010,0.0
FDJ04,OUT027,3357.0918289634155
FDZ44,OUT018,1681.230800606697
FDS11,OUT013,3629.1099483518938
FDA55,OUT049,3706.568245852134
NCW53,OUT046,3076.8024867464637
FDB49,OUT027,3089.0693966645713
FDD23,OUT017,3134.8678916754025
NCV42,OUT045,1668.3910165238603
NCZ29,OUT018,1759.1868514998391
FDQ26,OUT013,961.4200253231779
FDV08,OUT017,850.0410645415301
FDC53,OUT049,1713.1456538679645
FDV58,OUT010,1201.9171340123294
NCP02,OUT019,0.0
DRI37,OUT045,845.9877176175767
FDQ12,OUT049,3756.1018899326964
FDE33,OUT046,1303.3266358566002
FDX27,OUT045,1427.9128619857838
FDM22,OUT017,975.4796680543581
NCH30,OUT019,0.0
FDC04,OUT017,3899.5310843580864
FDO38,OUT046,1344.7642442811168
FDV52,OUT027,3311.462418417743
FDB32,OUT013,1618.870877849322
FDV43,OUT018,552.1809498962225
FDI24,OUT018,2573.726780224084
FDR40,OUT017,1437.4993539442462
FDW02,OUT049,2068.67925804022
FDE44,OUT049,940.1876455549187
FDL38,OUT046,1505.0941081571543
NCT54,OUT010,0.0
DRJ39,OUT010,1564.5207452881655
FDW55,OUT049,4083.493328221107
DRF13,OUT019,396.1494904675916
NCW17,OUT049,2172.450514262545
FDP13,OUT035,863.6851518720254
FDS08,OUT018,2547.520773343541
NCP17,OUT035,1174.3524160909892
NCO53,OUT035,3008.6724342288817
FDH19,OUT045,2727.369755886739
FDJ04,OUT017,2008.621696778483
FDG10,OUT049,1057.9218324802214
FDA40,OUT010,0.0
FDI53,OUT045,2487.5039136201312
FDU09,OUT010,0.0
FDK60,OUT045,1534.1103928668324
FDR43,OUT017,736.5767857996921
FDW22,OUT017,3600.199237387762
DRP47,OUT010,2042.669234939218
DRG48,OUT010,404.39395527525045
FDA14,OUT035,2446.4048451451554
FDU49,OUT013,1509.742993376579
FDK28,OUT045,3980.3691451529794
FDT19,OUT046,2796.7697867363686
NCQ42,OUT045,1904.3847868366806
FDD03,OUT045,3604.286513426541
NCM53,OUT013,1769.087083316218
NCX53,OUT045,2180.721875309061
FDV14,OUT027,2817.600048543529
NCZ54,OUT017,2634.039743321994
FDB39,OUT013,925.8254724165013
DRC24,OUT046,2435.88963792042
FDY36,OUT013,1274.1590139087048
FDN01,OUT035,2981.2037132087016
DRH25,OUT046,868.8840000220282
FDV08,OUT046,797.6899404179758
NCP53,OUT049,3871.5519009043437
FDU52,OUT010,576.3843348689392
NCI42,OUT045,3182.095386022649
FDZ14,OUT035,2047.8746956850807
FDF11,OUT046,3853.6492097778428
FDQ13,OUT018,1171.1958532583726
FDO32,OUT010,0.0
DRJ37,OUT018,2147.9580486286814
FDY43,OUT046,2720.2928630501656
NCT41,OUT017,2540.4020048881603
NCV17,OUT045,2052.025883550407
FDM04,OUT027,2331.892538541906
DRB48,OUT018,365.4008678124186
FDM24,OUT013,2486.670555500745
FDT37,OUT049,4161.90709598077
NCO05,OUT010,0.0
FDL13,OUT046,3734.883851120767
FDL15,OUT017,2570.6407404087195
FDB11,OUT018,3299.5936446322503
FDL14,OUT019,641.9010621664099
FDY10,OUT019,0.0
FDJ40,OUT049,1874.7001763286517
NCW18,OUT046,3714.4269312674087
NCY06,OUT013,2060.9292527523976
DRE13,OUT018,1103.3929472864959
FDA26,OUT045,3337.825219017721
NCE19,OUT010,0.0
FDE33,OUT035,1503.7680712333872
DRL59,OUT027,2342.429746628537
FDY07,OUT046,829.312149918678
FDF57,OUT018,2492.8539535307673
FDM58,OUT035,1919.9444833391233
FDP26,OUT027,3089.168214843241
FDY32,OUT046,2665.9570188376647
FDD51,OUT010,0.0
FDU22,OUT018,1640.5134962392663
FDZ49,OUT018,3270.6907604702483
NCI42,OUT017,3373.5978025414906
FDT04,OUT027,2086.2101936246236
NCU41,OUT045,2947.247967155845
FDS56,OUT045,4139.217205034027
NCN42,OUT017,2431.680094961074
FDK34,OUT046,3780.606065483097
FDB03,OUT017,3855.1903730216527
DRJ25,OUT035,932.9921550481372
FDT25,OUT027,3481.2880743399337
FDN20,OUT013,2766.9060183857255
FDP09,OUT013,3421.5328701723784
FDM20,OUT019,2000.8539770907132
NCG55,OUT046,1804.5364131397328
NCP14,OUT045,1566.927505967837
NCH06,OUT046,3843.9400346534303
FDV52,OUT013,1900.5852571293174
NCL07,OUT035,818.1222771447106
DRJ11,OUT027,4474.029779187015
DRO59,OUT013,1255.2247797896794
FDW15,OUT010,465.9255535200923
NCQ30,OUT035,2053.8475330481633
NCN54,OUT019,0.0
FDY01,OUT027,3344.0409147153377
FDX39,OUT035,3544.754384619747
FDH53,OUT027,2794.638517741323
FDA57,OUT035,860.6599016561447
NCC07,OUT010,0.0
FDU28,OUT013,3002.8465745732283
FDK36,OUT010,0.0
FDR36,OUT018,473.4865717940469
NCQ17,OUT035,2589.5819495480164
FDS28,OUT019,0.0
FDE08,OUT045,2349.1938348560407
FDU22,OUT046,1928.0861161299024
FDG41,OUT045,1685.933926962515
FDO31,OUT010,0.0
FDM21,OUT019,2150.6381374094367
FDU40,OUT017,3155.476220766064
FDV36,OUT018,1771.6664319084266
FDT10,OUT027,2436.8097994135496
FDX38,OUT045,704.9371015893203
NCU30,OUT027,4023.340836505019
NCV06,OUT049,3130.857744577622
FDT16,OUT035,4272.65279282222
NCP41,OUT027,3193.1224945772256
FDZ56,OUT017,2846.623010456714
FDC22,OUT035,3181.9895048626195
FDU10,OUT035,807.1491426458595
FDS46,OUT045,1823.2971089145922
FDO08,OUT049,2792.332066114919
NCV42,OUT018,1457.7265639604152
FDP33,OUT035,4157.267829086179
FDJ12,OUT046,3299.673011225693
FDH04,OUT045,1375.9493707136357
NCU54,OUT013,3331.226678840443
FDO36,OUT010,967.0424887026533
FDT37,OUT027,5537.62778576567
FDD14,OUT010,1049.8989163879667
FDA16,OUT013,3516.970632464814
NCS42,OUT019,0.0
FDP10,OUT019,0.0
FDQ28,OUT049,2529.347944748177
FDK57,OUT010,14.460519545897569
FDK02,OUT013,1966.4481476160315
FDW47,OUT018,1692.7207951143055
NCC42,OUT018,1946.932540752469
FDQ37,OUT018,2826.635583823586
FDL40,OUT046,1539.887375238613
DRE13,OUT010,0.0
FDQ34,OUT027,3122.424939587613
NCB54,OUT046,2052.113664325896
FDS48,OUT049,2510.9125994551723
FDO15,OUT045,1145.7943699584566
NCT30,OUT013,760.1070528859818
FDU49,OUT027,2889.4152099574403
FDE21,OUT046,1907.3386648640217
FDS49,OUT019,0.0
FDT38,OUT027,2806.99208922106
FDZ01,OUT045,1632.9234989032366
FDC41,OUT035,1363.4344727618573
DRG13,OUT010,661.3287872727748
NCZ42,OUT018,3438.7626593275
NCM07,OUT045,1294.9966419693594
NCV17,OUT018,1822.6697312377814
DRK39,OUT035,1481.467300039409
FDS37,OUT018,1615.0255071592364
FDV12,OUT019,0.0
NCG19,OUT018,3400.3608117239155
FDS51,OUT013,1094.7426101242618
NCO14,OUT046,699.1188633975082
FDC38,OUT046,2179.4894383009123
FDN15,OUT046,2278.5380816950683
NCH42,OUT013,3608.355158264506
FDQ22,OUT046,659.4320472018338
FDC05,OUT013,3114.889557593535
FDZ31,OUT013,3118.512353075371
DRJ23,OUT049,3121.7951219276365
FDC52,OUT035,2536.073115661138
DRD12,OUT010,0.0
FDV55,OUT017,2483.112353754579
FDD32,OUT046,1383.7350987419009
FDR01,OUT049,3332.9158516552015
FDY08,OUT019,349.80992779812675
FDQ45,OUT045,2883.660502759547
DRN11,OUT027,3744.594104647568
NCS05,OUT018,1873.610348222494
FDY32,OUT035,2776.0994360515065
NCD31,OUT045,2528.115904528794
NCE06,OUT049,2629.010987997941
NCP14,OUT046,1612.68034288038
NCF18,OUT019,1087.325155274543
FDF14,OUT018,2187.0545786446346
FDB22,OUT017,2573.1291593024807
NCH54,OUT049,2598.2748749272996
FDU27,OUT035,978.2299511065878
FDS58,OUT027,3996.4975297316323
NCU29,OUT035,2450.7480519594415
FDJ57,OUT013,3195.578111930282
FDL56,OUT049,1540.9324473055285
FDH60,OUT035,3264.9694485636483
FDN24,OUT018,629.9653034470566
FDD02,OUT017,2083.403776025155
FDP15,OUT017,4204.239778258837
FDB28,OUT027,4548.636135147896
DRC49,OUT045,2219.4259109871937
NCG30,OUT018,1656.0061719418422
FDJ14,OUT049,1439.1491077013875
FDL52,OUT045,560.0359598104992
NCG19,OUT027,5099.616619247842
NCN41,OUT035,2120.4797058415197
FDW22,OUT013,3579.7157050956284
FDI02,OUT013,1870.6954440361721
FDV51,OUT045,2589.049903101518
FDV48,OUT046,1322.1834192235438
NCL17,OUT019,344.3239863657993
FDP46,OUT045,1383.9860974770354
FDU10,OUT045,554.7511825423874
FDT37,OUT010,2185.0463589979304
FDI27,OUT035,902.2550871753447
FDN51,OUT046,4161.273004482446
FDW07,OUT035,1597.1390730045173
FDN45,OUT049,3634.5965686848267
DRN37,OUT027,4066.541133837569
DRF48,OUT049,3067.5434314068752
FDP38,OUT019,0.0
NCX18,OUT027,4532.408453495637
FDK45,OUT018,1775.209035417001
FDZ37,OUT049,1555.5829267072977
FDS50,OUT018,3234.3179592439965
NCR54,OUT018,2784.1700046085425
NCS17,OUT035,1661.8076157836713
FDV31,OUT046,2877.395183001268
DRE27,OUT017,1641.254062577948
FDN60,OUT013,2590.075269275241
FDK26,OUT013,3022.2654016704482
FDX37,OUT018,1388.620258407198
FDW31,OUT046,3190.0568567353603
FDX26,OUT018,2607.4585355344852
DRL49,OUT019,352.41262332949987
FDU49,OUT017,1559.8076594382721
FDY58,OUT046,3631.080841947497
FDN03,OUT045,3893.1184689891134
NCV06,OUT010,1113.1687088647177
FDH53,OUT045,1276.670249923457
FDG31,OUT018,837.5567368482932
NCC06,OUT045,1966.8090624874953
FDS13,OUT049,4332.201853275371
FDP16,OUT035,4041.7056047251463
FDA35,OUT013,1995.7987689077027
DRP47,OUT018,3719.937350943079
FDY28,OUT010,1467.3842728592833
FDY20,OUT035,1664.2264060814089
NCH30,OUT017,1859.039719142607
NCR29,OUT019,0.0
NCP05,OUT013,2424.2973291601947
NCF30,OUT019,39.8466799727031
FDA08,OUT035,2833.0629119693303
FDN51,OUT027,5597.714337114305
FDH12,OUT046,1742.1391509570853
FDY39,OUT017,3026.5673592212233
NCO53,OUT045,2818.4992100992686
FDB40,OUT046,2306.8332943455653
FDH02,OUT049,1604.1099326747535
FDY11,OUT027,2532.9906479691235
FDQ09,OUT019,0.0
FDP16,OUT013,3935.4097988549247
NCF55,OUT018,281.9266156006387
FDY09,OUT027,4272.086862053463
FDY39,OUT045,2850.6584644402446
NCU53,OUT049,2703.464938876561
NCT41,OUT049,2516.110094922652
FDJ45,OUT046,818.3559114623037
FDR28,OUT013,2632.1991391440565
FDN08,OUT013,1983.2699202158285
FDJ07,OUT049,1972.1675621637291
FDZ09,OUT027,4067.4067097388233
FDQ14,OUT017,2476.805368262425
FDY12,OUT027,2300.908471890306
FDK57,OUT046,1943.3929644297407
FDD20,OUT049,2132.8319782697436
FDS36,OUT018,1538.275435502515
FDI40,OUT049,1732.2790338906093
FDJ40,OUT045,1701.2926946268626
FDE08,OUT013,2433.0215533189794
DRK01,OUT013,1564.992286541415
FDC58,OUT049,838.7314000843692
FDE50,OUT046,3053.0397060452633
FDX48,OUT035,2605.6980504932535
DRM35,OUT018,2552.5387074557043
FDG41,OUT013,1774.446631671156
FDB52,OUT046,4019.2814072580386
FDV19,OUT045,2511.8658931410346
DRG48,OUT017,2404.595746355025
FDI26,OUT013,2948.760735045942
FDU11,OUT019,57.08414348383849
FDF59,OUT019,186.4851126809716
FDR07,OUT049,1713.0569312505845
NCE06,OUT017,2639.2640129796164
FDE10,OUT046,2125.6212685051255
NCO55,OUT046,1730.049697425786
FDZ13,OUT013,912.4930403236312
FDT50,OUT017,1631.7419495123806
FDH12,OUT010,0.0
FDD21,OUT045,1856.6063674610343
NCM05,OUT013,4179.198594915562
FDK04,OUT013,1005.6096173938711
FDN33,OUT017,1657.745490976169
NCM18,OUT010,0.0
DRC25,OUT049,1469.7285638920907
FDT47,OUT017,1695.0447823541563
FDD45,OUT027,3043.384049573854
NCD07,OUT018,1520.7462581964678
NCY54,OUT010,778.5960815678745
FDL12,OUT049,1111.0523725173564
FDL02,OUT017,1839.1849489914762
FDC60,OUT035,1619.9306658389837
FDR37,OUT017,3010.0383843812006
FDY16,OUT017,3032.1451383909434
FDU26,OUT045,1833.837532466954
FDN24,OUT013,926.0782689050236
FDH44,OUT013,2466.3870475290087
FDE23,OUT010,0.0
FDW60,OUT017,2932.6570791936065
FDQ55,OUT049,2026.470611589874
FDV32,OUT027,2519.136384862597
FDV03,OUT010,595.1566239478843
FDY14,OUT010,2251.292655739048
NCL55,OUT027,5433.708587326448
DRF25,OUT017,748.3820309646545
FDX03,OUT046,779.7833519152273
FDF40,OUT045,3821.536757148794
FDX24,OUT010,0.0
FDA25,OUT049,1801.8092536358404
FDH21,OUT018,2458.776841255882
FDB47,OUT010,1421.2635983009907
FDT34,OUT019,0.0
FDS39,OUT010,370.095864501563
NCU05,OUT046,1274.0789613554198
FDE02,OUT049,1648.500987572184
FDL25,OUT035,1641.57710899338
FDC50,OUT049,1652.4738789420448
FDZ32,OUT049,1869.4814018887187
FDV14,OUT045,1315.1693627320255
FDR07,OUT045,1544.3178008900832
FDB26,OUT049,1024.8471082089045
NCR50,OUT045,2333.913038930501
FDP01,OUT018,2205.8159958277747
FDH57,OUT045,2075.3583512631667
FDM60,OUT027,2151.301103587518
FDA45,OUT017,2869.482587256594
FDU55,OUT017,4247.243390205486
FDH40,OUT035,1484.93624630221
FDG40,OUT019,0.0
FDT12,OUT049,3664.809566195928
DRL59,OUT045,826.0158699927108
FDT47,OUT018,1350.4961435784971
FDI60,OUT017,1199.2408144741933
DRF51,OUT027,2071.0410693494855
NCK31,OUT049,930.1387333436348
FDB08,OUT045,2537.489572541247
FDM44,OUT035,1842.3980401262888
FDD46,OUT018,2146.848028252193
FDR27,OUT019,201.09402643277258
FDV56,OUT010,0.0
FDM02,OUT049,1542.638103064537
FDU45,OUT018,1550.5223592194045
FDZ10,OUT017,2124.6440884372487
NCK31,OUT010,0.0
FDR27,OUT035,2311.549307395866
FDF33,OUT013,1984.3205765925113
FDJ36,OUT046,1689.1996232188533
FDP33,OUT049,4124.970967552552
FDG17,OUT046,3870.922660557362
FDG47,OUT027,5649.215644943197
NCW29,OUT046,2055.9636692296854
DRH59,OUT017,1289.4755952897103
FDR32,OUT017,3779.4002803206286
FDP48,OUT035,3056.492835403891
FDG17,OUT035,4009.086542839813
DRJ59,OUT017,796.5317328004737
FDY48,OUT027,3144.696826803466
FDB02,OUT046,2838.5932948422897
FDN10,OUT019,3.929274481147104
NCD55,OUT035,823.2775735305274
FDX34,OUT013,1991.7965407585693
FDZ38,OUT045,2627.4107763425263
DRF37,OUT049,4215.365166984147
DRL47,OUT019,104.612036589274
FDL27,OUT035,1233.9396114336696
NCP53,OUT035,3882.0338605817433
FDT03,OUT019,1062.6027885910576
FDJ28,OUT035,3187.5442177123805
FDF40,OUT018,3620.2171889901038
FDA32,OUT035,3630.2466594785656
NCP02,OUT017,1037.4490836584969
FDZ31,OUT045,3045.5498041329975
NCQ29,OUT013,4155.652546415744
FDP57,OUT010,0.0
FDL32,OUT027,3308.6956064548694
DRB01,OUT035,3163.71380762665
FDJ40,OUT046,1762.5923581370662
FDO24,OUT018,2258.879722454356
FDO11,OUT018,3669.3152946914015
FDA56,OUT035,2133.577542886481
FDF02,OUT045,1662.4214391918294
FDA10,OUT013,1988.4513468450266
NCI55,OUT017,2030.265770484519
FDZ40,OUT010,0.0
FDV08,OUT049,861.53798862738
FDN48,OUT013,1512.2588937447322
FDU57,OUT017,2505.0730171918553
DRF49,OUT013,1849.7685611255756
FDS02,OUT035,3191.5005113742354
FDS43,OUT046,3016.939842265575
FDT16,OUT013,4118.116427189699
FDX19,OUT027,5191.680515556065
FDK15,OUT046,1615.7149781555527
DRA12,OUT049,2335.0853152029013
FDY35,OUT017,900.037617967688
NCU42,OUT013,2695.1610688870214
FDD26,OUT013,3009.8372633676418
FDR11,OUT018,2295.006621191461
NCP53,OUT045,3709.0443485541273
FDP34,OUT045,2423.142889943189
NCV41,OUT019,0.0
FDN20,OUT018,2438.175473879697
FDZ16,OUT018,2763.6804601860804
FDZ28,OUT049,2126.2439340261635
NCL55,OUT013,4016.645290513784
NCJ17,OUT046,1359.0967869998865
FDT37,OUT046,4091.822249122987
FDV51,OUT049,2798.2652330909605
FDZ28,OUT035,2202.12273880453
FDN27,OUT013,1952.2597905875039
FDS14,OUT019,593.3683653556104
FDZ58,OUT045,1903.811424111035
FDD46,OUT046,2470.265584911106
FDJ03,OUT035,923.8472511896525
FDU03,OUT010,964.799835255754
FDA33,OUT027,3831.441701332714
NCW53,OUT035,3174.486084372813
NCC55,OUT017,699.6987039902745
FDP52,OUT019,1722.25962412964
FDE39,OUT049,2005.2685549554515
FDB44,OUT035,3536.6865064556932
FDG59,OUT013,716.603151446916
FDI05,OUT013,1225.222634331019
FDF59,OUT045,2024.002418676718
FDM39,OUT019,934.3231208045268
FDB14,OUT013,1547.3507877137608
NCS05,OUT019,252.05906829878415
DRJ35,OUT045,957.7039469642081
FDO31,OUT019,0.0
FDA31,OUT046,2803.153406379063
FDX40,OUT049,738.8526622000909
FDW56,OUT045,3024.683041741001
FDH09,OUT018,784.2449412316972
FDA52,OUT019,872.980377196003
FDF20,OUT019,1295.1832721194912
FDE40,OUT046,976.2199406590878
NCU17,OUT046,1604.2031520699443
NCP14,OUT035,1810.0100151194877
FDN25,OUT027,2413.574905695242
FDU39,OUT049,1107.9377225072851
NCM05,OUT017,4279.050437298341
FDU07,OUT017,2542.801134586508
FDF28,OUT049,2116.827350856299
FDR57,OUT049,2640.1084345955674
FDJ33,OUT013,2010.0588129679027
DRH23,OUT035,1050.1517747217385
FDQ52,OUT046,3919.497577660085
DRK13,OUT035,3245.8491881690716
FDP09,OUT046,3369.4254445731103
FDR08,OUT027,3270.4296441628903
FDV50,OUT045,1853.390745921615
FDT13,OUT049,3164.1671649141153
FDJ27,OUT027,3092.581991624951
FDH21,OUT046,2710.4940437230284
FDW14,OUT027,2848.794233198453
FDL52,OUT049,764.5816783297778
FDW28,OUT017,3212.9425438079834
FDL40,OUT049,1670.6890809942772
FDE24,OUT046,2284.8110920588097
FDX35,OUT049,3725.0474458748195
FDP46,OUT017,1542.7441091385112
FDX56,OUT045,3249.0937077384933
FDQ45,OUT049,3057.066212313948
FDK50,OUT027,4067.3657756350867
FDY26,OUT045,3252.035760184325
FDQ09,OUT017,1948.97411297339
FDN39,OUT049,2821.3080209808572
FDP13,OUT017,830.6964707238752
FDR51,OUT013,2428.960158992146
FDZ49,OUT010,1572.536230980222
FDL28,OUT018,3356.0482650550766
FDZ10,OUT035,2166.878567788676
FDK38,OUT013,2441.5750214940053
DRL49,OUT027,3716.820750201442
FDR15,OUT013,2506.811950837534
FDQ24,OUT035,4140.629267132131
FDD56,OUT013,2882.8774442759914
NCR42,OUT046,532.1824997659119
FDH52,OUT045,969.4360719445242
FDH57,OUT019,245.80094259411646
FDR15,OUT010,613.534702080519
FDJ34,OUT035,2152.7176361558277
FDW37,OUT035,1675.2301514151893
FDQ23,OUT018,1389.8339742186272
FDP34,OUT013,2545.939621185932
FDE04,OUT027,4325.413128119841
FDC48,OUT045,1275.1188739602685
FDA47,OUT019,684.4039935617874
FDI35,OUT018,2626.2580137352343
NCV05,OUT013,2517.815335124181
FDR28,OUT045,2507.9035342200914
FDH31,OUT017,1727.4775135361897
FDP59,OUT019,0.0
FDS19,OUT018,1021.4476432820503
FDM60,OUT045,650.4227780211786
FDJ44,OUT018,2519.8758281131695
DRH51,OUT017,1501.635561122495
DRC25,OUT017,1472.2314367299487
DRE25,OUT013,1520.2778253035763
NCX05,OUT049,1930.1598499585068
FDR11,OUT017,2639.5212005723297
DRP47,OUT045,3879.263931068802
DRC49,OUT019,370.24602988455365
FDQ47,OUT027,2081.2513315524866
FDL20,OUT013,1861.4648061484838
FDM34,OUT035,2246.1314056445026
NCN55,OUT013,3797.2916074586074
FDD41,OUT035,1815.0646781880582
FDE52,OUT049,1534.2563152857842
NCT18,OUT019,907.536522297192
FDJ32,OUT018,760.3008726709796
FDE16,OUT046,3330.025715916826
FDZ09,OUT045,2525.9772181786475
DRZ11,OUT046,1953.3569354234799
FDK41,OUT049,1482.622716158522
FDE56,OUT049,1142.495750354528
FDH34,OUT013,2998.0014969667227
DRI49,OUT013,1307.3772290625984
DRI59,OUT046,3562.836269209255
DRC36,OUT049,2844.871479627038
FDS15,OUT019,0.0
FDI07,OUT018,2863.2539754502895
FDZ15,OUT018,1605.3341949111405
NCX41,OUT027,4797.504969079055
NCO29,OUT019,744.4692546655136
FDF57,OUT013,2762.45047145886
FDI33,OUT035,1629.7385977572217
DRJ47,OUT049,2838.2863864752326
FDB34,OUT046,1415.6897815292664
FDY22,OUT027,3727.7874622844693
DRL11,OUT017,2632.7788957772473
FDY46,OUT035,3150.0458057774567
FDG17,OUT013,3871.6517931527123
FDE52,OUT018,1134.639579708145
DRP47,OUT027,5411.396608531106
FDO01,OUT010,173.13918706837524
FDL09,OUT046,2695.1037727155635
FDR57,OUT013,2558.3020923125805
DRD37,OUT035,939.4891624915483
FDQ36,OUT027,2119.3610938770234
FDL33,OUT049,3218.042022640805
FDL48,OUT045,779.5245530499117
FDL28,OUT049,3743.247066867334
NCN29,OUT046,800.1492200260295
FDO13,OUT035,2816.908386970085
FDB38,OUT045,2559.014052604609
FDI36,OUT035,3279.6750211251374
FDI58,OUT035,1629.7288129654735
FDH22,OUT018,1781.3809537514173
FDQ27,OUT013,1752.3203474681518
FDT33,OUT046,2656.6707281554236
FDC56,OUT045,1882.42592304351
FDF14,OUT046,2521.2858973269676
FDQ39,OUT017,3178.0010545057758
NCM43,OUT017,2712.9200069532826
FDS46,OUT035,2080.366482625662
FDI22,OUT049,3385.5950837881364
NCE43,OUT045,2595.993338932233
FDZ36,OUT010,1057.206588714023
FDR13,OUT019,14.818907646546336
FDP46,OUT018,1176.4129524696473
FDW56,OUT019,1188.7695888087896
FDB40,OUT017,2407.4718518534164
FDM28,OUT018,2560.6516585856243
FDV49,OUT013,4261.180980938358
NCS53,OUT018,2209.257347689957
FDO03,OUT049,3747.960385405675
FDT15,OUT035,3088.848307844487
FDD33,OUT049,3788.360360588411
FDX13,OUT017,4117.0961335105785
FDH60,OUT013,3178.9185516157386
DRH51,OUT046,1390.1909917848943
NCL07,OUT049,793.6384314497387
FDW51,OUT045,3336.9896724118125
FDF21,OUT019,1132.4897659992114
FDH26,OUT019,391.2987751869807
FDJ03,OUT049,905.5680976563312
FDU35,OUT017,1709.3588492890226
DRL01,OUT018,3368.7034803809775
FDE59,OUT045,600.2887805763214
FDI60,OUT035,1222.7856249221609
DRH39,OUT035,1395.0129278360337
FDK36,OUT049,954.1192543330856
FDN52,OUT045,1294.3941965632216
FDU12,OUT017,4278.3411133574145
NCT05,OUT027,5490.375001840375
FDS37,OUT027,3384.1544871377337
FDK24,OUT017,900.0382705111937
DRF36,OUT013,3059.3686797995015
FDN46,OUT010,0.0
NCN06,OUT045,2467.3990875643485
FDD59,OUT035,1497.2093476304399
FDM14,OUT045,1747.8041351986103
FDO10,OUT018,675.9000158579453
FDU35,OUT013,1639.1115303595852
NCA30,OUT018,2669.288095835822
NCO41,OUT049,1670.239703460317
FDI24,OUT046,2814.580784309758
FDZ16,OUT046,3034.0802517180327
FDV47,OUT046,1373.4337008675252
FDV16,OUT045,522.0963786129842
FDZ22,OUT035,1486.6684319654812
FDO20,OUT010,2117.262478547824
FDW38,OUT013,910.6414836721069
FDW52,OUT045,2538.9679241817357
FDT43,OUT019,0.0
NCS29,OUT045,4099.300268393601
NCC31,OUT017,2538.8712155492385
FDA21,OUT017,3083.758768555489
FDQ55,OUT046,1926.807848374917
NCE54,OUT049,1305.7544581803681
FDD45,OUT017,1663.9622732614594
NCP17,OUT017,1153.9367397629999
FDR47,OUT035,3229.4125358331976
DRM35,OUT013,2850.170300464125
FDR47,OUT019,1196.428589213165
FDX19,OUT010,1822.1530838487497
FDV22,OUT027,3956.578542905887
FDQ46,OUT027,3238.7578144924664
DRO47,OUT045,1728.819528836088
FDB44,OUT010,1483.0882598467551
FDN02,OUT010,1375.5607907897443
FDW10,OUT045,2710.515421150558
FDJ41,OUT019,2247.4826159605955
FDM50,OUT046,1018.1608155769513
FDW10,OUT035,2962.9234799691394
FDY48,OUT049,1775.2172983527096
NCE30,OUT027,4778.824399854997
FDO04,OUT045,870.5427151099849
FDQ26,OUT010,0.0
NCX29,OUT018,2041.9756084945036
FDE39,OUT046,1866.6891649172785
NCR54,OUT027,4497.34489736411
NCP55,OUT027,2381.8410869538266
FDX22,OUT017,3465.7830519464706
FDI05,OUT035,1334.622026721428
FDC51,OUT027,3430.87392622937
FDC10,OUT013,1949.6158349904574
FDJ46,OUT045,2711.5932334672893
FDV10,OUT010,0.0
FDX12,OUT027,5311.326665322893
FDL43,OUT019,0.0
DRB13,OUT046,2992.6065995588433
FDF59,OUT027,3538.9220220497336
FDT35,OUT049,2790.344077829045
NCJ19,OUT035,1079.6191357501227
FDT35,OUT018,2443.680282936123
FDI48,OUT046,854.4057075614129
DRC24,OUT019,518.5087087842393
NCZ05,OUT017,1756.7844262722251
FDJ57,OUT049,3250.917533285049
FDX11,OUT017,3017.8795992103514
FDE09,OUT035,1984.5943838312073
NCK06,OUT049,1999.3500572342732
DRE37,OUT017,3094.9600688513347
FDV56,OUT046,1769.0988134847707
FDY43,OUT017,2809.939232708457
FDV35,OUT013,2493.7491675036754
FDF05,OUT019,2232.7198456797632
FDA36,OUT035,3089.903617371754
FDS13,OUT027,5637.964905873552
FDU47,OUT013,2314.983799450688
FDI36,OUT010,1209.6016873504254
FDH48,OUT046,1426.2991126475858
FDZ14,OUT013,1954.0352775650992
FDS46,OUT013,1983.413171983558
FDE21,OUT017,2054.6691446655786
FDA26,OUT049,3556.3856813539433
FDV12,OUT046,1636.1861971638778
FDL46,OUT019,0.0
FDN57,OUT013,2323.6918468266995
NCJ18,OUT017,1936.653237315758
FDO36,OUT045,2803.744236757252
FDX55,OUT018,3192.1411522604903
FDT25,OUT019,123.88994456812361
FDD16,OUT049,1316.3230698613277
NCX18,OUT013,3113.829075642958
NCG55,OUT018,1531.016350777084
NCV18,OUT049,1404.869966176604
NCS18,OUT035,1843.6659894499496
FDC37,OUT045,1682.0541637093938
FDE47,OUT046,2033.8302532393755
DRG49,OUT019,1958.220014080803
FDC39,OUT049,3328.8963939092664
FDH24,OUT019,666.7156157631025
FDV39,OUT027,4630.957090403973
NCL17,OUT045,2206.279171558932
NCY53,OUT035,1958.6990743550127
FDH52,OUT013,1071.9440891078195
NCD19,OUT018,588.2448352439619
FDI44,OUT046,1290.4794115451787
DRD49,OUT027,5173.729900360289
FDN08,OUT035,2100.4584616550237
FDO20,OUT027,5481.187983500076
FDY02,OUT046,4099.47768767063
FDX23,OUT045,1470.06443203872
FDX01,OUT017,2019.6420221669941
FDH20,OUT027,3069.2885342972368
NCX41,OUT017,3458.580692165123
FDD21,OUT027,3357.4626801510667
DRH11,OUT019,0.0
DRE60,OUT018,3253.596794306345
FDB10,OUT013,3788.5894298329495
FDH38,OUT013,1977.7459998776865
NCL07,OUT018,367.52111262095
FDD48,OUT046,1853.1713231961462
NCT54,OUT027,2913.2995097739304
FDF32,OUT027,4649.554925267702
DRH51,OUT045,1349.1137692741574
DRG03,OUT035,2618.604604517966
NCY42,OUT019,357.22053626253626
FDH32,OUT017,1688.2669585714648
NCJ06,OUT027,3353.3144883167224
FDH47,OUT027,3042.7955954838517
FDZ08,OUT018,1098.0368257358548
FDK16,OUT017,1633.4244824457446
DRG01,OUT018,945.3360314714828
NCM53,OUT027,3137.876418382776
NCB07,OUT035,3227.870066566108
NCZ06,OUT035,4100.744924934416
FDU48,OUT049,2211.560884284374
NCB55,OUT027,2374.134091371945
FDP15,OUT013,4130.844047534726
FDF17,OUT046,3106.198119946297
NCN06,OUT049,2675.065080378219
DRM48,OUT018,346.2028310989641
FDH10,OUT046,3053.019181986656
FDC60,OUT018,1164.5941148368502
FDE35,OUT018,731.417023148615
DRI23,OUT013,2604.8838848784153
NCR38,OUT013,3989.400819883159
FDP04,OUT035,1174.3730321574824
NCW17,OUT045,2016.1718349845157
FDX34,OUT017,2069.8370469102024
NCK53,OUT045,1511.5587945206096
NCO54,OUT010,0.0
NCH55,OUT046,2005.9532581567164
FDT44,OUT027,3374.3902232174933
DRG49,OUT046,3819.1601010666855
FDX46,OUT010,0.0
DRG36,OUT049,2785.935275137781
FDU37,OUT049,1454.1157698372526
FDK10,OUT049,2994.145578030473
DRF37,OUT027,5553.776831491692
FDC44,OUT035,1985.5837647409862
FDP15,OUT046,4088.1107395252693
FDZ27,OUT027,2256.5459679515607
FDY22,OUT019,363.1607377982622
DRG51,OUT035,2790.5297861156414
FDN58,OUT045,3632.5413031111793
FDW01,OUT049,2599.2081502445917
FDX24,OUT018,1267.007273261126
FDO51,OUT017,854.814958993058
FDJ52,OUT027,4023.218638800583
NCY06,OUT010,117.53157421150763
FDE20,OUT018,2459.532162038743
FDT23,OUT010,0.0
FDQ51,OUT046,857.7440154000835
FDE35,OUT046,1036.0465521207343
FDB46,OUT013,3397.098108083922
NCG19,OUT035,3777.8770193843584
NCL06,OUT018,3795.6320707122522
FDT36,OUT019,0.0
FDC56,OUT049,2083.8642963508983
FDJ26,OUT049,3539.764021544448
FDZ59,OUT017,2797.039009868957
FDV11,OUT027,4273.822443000919
FDR13,OUT010,0.0
FDI15,OUT018,3840.986161513395
FDF47,OUT018,3296.534409561331
NCB54,OUT019,165.5311590193918
NCK19,OUT027,4479.971086430554
FDX16,OUT017,2509.6892001995193
FDL50,OUT045,2000.6148534453184
NCE31,OUT035,689.3023191569288
DRJ01,OUT049,2642.383648496814
FDE22,OUT013,2598.6804043314505
FDY20,OUT019,0.0
NCO14,OUT045,650.2819898287696
NCR50,OUT017,2491.162100619812
DRM47,OUT017,3144.064956101489
FDO27,OUT010,0.0
FDJ20,OUT027,3494.6836779220575
NCX17,OUT013,3725.872787710038
FDG59,OUT049,773.5088876250555
FDD52,OUT045,1627.2133529238101
FDO48,OUT017,3645.677517987673
FDC59,OUT019,0.0
FDS15,OUT018,1485.2972685399623
FDB47,OUT035,3484.6687276424145
FDV14,OUT019,0.0
FDB27,OUT013,3101.6442376586438
FDA35,OUT035,2156.5853125777767
FDN51,OUT018,3884.6526041870575
FDO39,OUT019,989.1766648928163
FDB28,OUT049,3197.7584970139105
DRJ25,OUT046,794.8243179080887
FDH46,OUT027,3083.178354190234
FDI10,OUT045,2676.422861895293
FDU21,OUT018,294.3649797117272
FDD09,OUT049,3018.465858894313
FDD10,OUT046,2860.3482899985893
FDN31,OUT010,1167.03159299436
FDA46,OUT018,2834.9171420142143
FDM56,OUT046,1788.8575384823598
FDF11,OUT010,1924.119255761955
FDS32,OUT018,2017.7280002949017
NCM06,OUT013,2426.745408636506
FDZ26,OUT045,3671.829372103448
FDO01,OUT013,2155.15382797523
FDJ46,OUT049,2883.429756719751
FDG26,OUT019,2221.0035480005636
FDZ38,OUT035,2890.6919902379586
NCO55,OUT013,1702.762519411977
FDT60,OUT035,2149.9912136792072
FDW37,OUT049,1616.4544753932123
NCK42,OUT018,3092.6865173492515
FDA45,OUT046,2779.7347431317366
FDW55,OUT018,3743.030397155595
FDY44,OUT017,3271.3306601535724
FDQ31,OUT017,1551.3168823593694
FDM09,OUT049,2822.577389939065
FDH12,OUT018,1435.889603648381
NCQ43,OUT035,1886.4960219664126
FDT33,OUT035,2810.4038161732587
NCT41,OUT018,2113.345323018426
DRJ25,OUT010,0.0
NCQ41,OUT046,3118.6991832206704
NCN17,OUT049,1718.0939907410516
DRO35,OUT027,3347.626995411293
FDU27,OUT018,541.662527407742
FDY43,OUT027,4186.297314640419
FDG46,OUT035,2015.5759693329894
DRL49,OUT018,2003.701340854663
NCB55,OUT049,1002.937937985678
FDK28,OUT049,4186.473473150295
FDO49,OUT045,793.9450794654068
FDT03,OUT013,2961.5536570430404
FDW33,OUT027,3138.007720125117
FDR02,OUT035,1895.5266703012082
FDF50,OUT013,3211.5306470733667
FDA40,OUT018,1146.7130974187662
NCT53,OUT018,2342.861523425163
FDY60,OUT035,2438.7892710170327
FDP44,OUT027,3154.205949108108
NCQ50,OUT045,3284.003756924676
NCC30,OUT017,2900.845860028462
FDQ60,OUT018,1670.8849069501357
FDG41,OUT046,1747.2435630290925
FDQ03,OUT046,3771.391786273516
FDM03,OUT045,1664.9605706187983
FDZ51,OUT018,1259.9615974603753
DRF51,OUT035,781.9817454149644
FDF39,OUT017,4210.999468401939
FDW52,OUT035,2739.9839932049736
FDY22,OUT049,2409.5557849032884
FDG14,OUT013,2473.68542283443
FDA57,OUT017,791.9628008005848
FDL45,OUT019,141.44220364765636
FDX28,OUT046,1557.4741110703349
NCQ54,OUT013,2704.259756540875
FDH40,OUT045,1227.854070578725
FDU52,OUT035,2643.4691464955345
FDT60,OUT010,81.40919424229662
FDK08,OUT045,1582.7002979549218
FDN04,OUT049,2949.897724080526
FDE50,OUT013,3061.5504945532684
FDI16,OUT049,933.7270756003591
FDM50,OUT049,1151.7085960210266
NCV30,OUT049,1087.1256216968077
FDT44,OUT013,1938.615781893552
FDY60,OUT013,2379.199758050858
FDT56,OUT017,1120.2867170260783
FDV58,OUT018,2811.431380159057
FDU04,OUT013,2010.3077692620197
NCN05,OUT027,4384.996738937686
FDI53,OUT018,2275.242921006695
FDD34,OUT046,2628.916291333293
FDW47,OUT027,3463.4301586206375
FDT51,OUT027,3277.5129318222916
FDO27,OUT013,1591.9427946382639
NCQ18,OUT018,1308.7555572566193
NCW05,OUT013,1765.0817954103172
FDI15,OUT010,2211.8912997685557
NCH43,OUT010,1475.7352250874283
FDT40,OUT049,2100.955101883845
NCG19,OUT017,3726.190710940701
NCM30,OUT035,795.7652948008358
FDB38,OUT017,2674.215816383642
FDB22,OUT046,2452.357696306329
FDC58,OUT046,751.532245201867
NCI29,OUT013,2275.26269144499
FDA23,OUT010,0.0
DRG48,OUT013,2318.702669043283
FDV21,OUT013,2026.094895226792
NCG18,OUT019,0.0
FDG40,OUT045,520.8181139539331
FDU24,OUT018,1258.9283412070765
FDA22,OUT049,2779.0360026717744
FDY35,OUT046,811.863228849571
FDJ15,OUT045,2805.472313937914
NCW18,OUT018,3432.331361904714
FDK56,OUT018,2760.7483225102014
FDF44,OUT046,2169.135802082531
FDP51,OUT049,2043.2939427783506
FDU22,OUT027,3327.225075987689
FDM28,OUT017,2933.219010273424
NCL42,OUT046,3825.1679265997755
FDJ15,OUT019,1018.0912947696494
FDI32,OUT018,1577.2171056924706
DRL11,OUT046,2541.5236420200517
DRO59,OUT018,959.1646832283168
FDA07,OUT019,138.00160743797812
NCO53,OUT013,2896.164852347528
FDO21,OUT045,3504.7800910473316
FDW39,OUT045,2793.2475041491152
NCV17,OUT013,2124.9235076887117
FDE22,OUT046,2534.1182181014765
NCB06,OUT018,2236.039395527453
DRF48,OUT017,3032.6752498891474
FDB05,OUT013,3941.3140251204686
FDP28,OUT027,5536.633011581634
FDP23,OUT046,3506.0274440596822
NCS41,OUT018,2617.623915267447
FDS40,OUT018,379.70106416304
FDA16,OUT017,3577.929945436792
FDN20,OUT035,2860.7384928528554
FDF04,OUT027,5533.7929542424035
DRG36,OUT018,2404.9493927869307
FDW16,OUT018,1228.8377368785445
FDU09,OUT017,1011.901477099279
FDW01,OUT046,2502.6737030320874
FDB15,OUT045,4070.697268175153
NCJ17,OUT049,1472.7323469813512
NCT18,OUT018,2593.482828754236
FDG16,OUT018,3106.020121662238
FDP27,OUT017,3161.0909157682363
FDQ44,OUT027,3449.266928346082
FDL50,OUT027,3510.8274378245014
FDW57,OUT027,4285.174856113671
FDS34,OUT013,1876.4370376352822
NCV30,OUT035,1116.301209146091
FDD26,OUT018,2709.090286356436
FDA03,OUT045,2251.0818799743847
FDS27,OUT018,2860.4225468872974
FDM12,OUT013,3033.1277033642864
NCV42,OUT027,3189.4884475401986
NCS41,OUT046,2920.696517303397
FDN56,OUT018,2042.3371104262733
DRK59,OUT046,3689.683255547623
NCG18,OUT046,1633.3461546920523
NCN26,OUT017,1951.6110011302405
FDI60,OUT027,2511.73676701143
NCI43,OUT049,899.596361970913
NCL17,OUT049,2373.460515025524
FDQ19,OUT019,2026.7099832561164
FDY43,OUT049,2798.134453116474
FDR36,OUT049,835.801365943811
FDJ58,OUT049,2839.2643653462083
DRY23,OUT045,642.0466637424058
FDK26,OUT027,4478.204596453395
DRH03,OUT045,1463.634124363757
FDC10,OUT010,6.336959847257731
FDD23,OUT013,3030.332065206706
FDP32,OUT045,2007.3012741846599
FDO31,OUT035,1507.9588173173122
FDQ57,OUT013,2352.7159959864966
FDX32,OUT027,3788.0338003734378
FDC39,OUT027,4695.304659275834
FDU55,OUT046,4182.443409570678
FDL45,OUT013,2022.39069508082
DRK37,OUT049,3079.288802611497
FDK22,OUT013,3455.5168442516015
DRG37,OUT027,3921.500416415306
FDK22,OUT017,3513.371595890152
DRH36,OUT018,900.7808005501332
DRC36,OUT018,2463.9087384710147
DRE03,OUT027,2227.8652968610004
FDF34,OUT046,3139.7377631974805
FDZ22,OUT046,1346.9472976875754
FDC44,OUT010,0.0
FDN31,OUT027,4483.786296426859
FDO03,OUT017,3764.4819485318003
FDA01,OUT049,1130.0283664706317
NCH42,OUT049,3719.73743774392
FDF46,OUT018,1588.587239386094
DRL35,OUT046,739.955086785895
FDW46,OUT049,1148.1542441819258
FDB58,OUT046,2274.2969754912574
FDD47,OUT018,2439.276638094263
NCO17,OUT045,1826.35736991835
FDJ26,OUT017,3545.414676386008
FDU37,OUT045,1268.2481338541784
